ticketNumber,nominalValue,lotteryDate,winAmount
00000001,50,2022-02-21,0
00000002,100,2023-04-03,0
00000003,50,2025-10-17,0
00000004,500,2022-06-28,0
00000005,50,2022-03-03,250
00000006,500,2025-05-17,2500
00000007,500,2024-05-09,0
00000008,500,2023-07-24,0
00000009,50,2022-11-23,0
00000010,150,2023-07-24,0
00000011,150,2022-07-29,150
00000012,150,2023-12-06,0
00000013,50,2024-07-29,0
00000014,200,2022-06-11,0
00000015,500,2024-01-11,0
00000016,50,2022-04-04,0
00000017,150,2022-06-13,0
00000018,50,2024-02-18,0
00000019,150,2022-11-30,0
00000020,100,2025-10-04,0
00000021,50,2025-06-01,0
00000022,500,2023-05-17,0
00000023,200,2023-07-07,0
00000024,500,2023-03-26,0
00000025,50,2023-04-15,0
00000026,150,2024-04-01,0
00000027,100,2025-03-07,0
00000028,150,2023-03-12,0
00000029,200,2025-08-09,0
00000030,150,2022-10-13,0
00000031,500,2025-01-08,0
00000032,500,2024-05-27,0
00000033,200,2024-01-12,0
00000034,100,2024-11-09,0
00000035,50,2022-08-13,0
00000036,100,2025-10-25,0
00000037,50,2024-02-28,0
00000038,200,2024-12-19,0
00000039,500,2022-01-24,0
00000040,50,2025-10-28,0
00000041,150,2025-08-05,0
00000042,150,2024-06-09,0
00000043,50,2023-06-24,0
00000044,100,2024-11-05,0
00000045,150,2025-08-01,0
00000046,100,2022-11-10,0
00000047,100,2025-01-09,0
00000048,500,2022-01-02,0
00000049,200,2022-02-09,0
00000050,150,2023-09-22,0
00000051,100,2025-03-07,0
00000052,50,2024-09-22,0
00000053,500,2022-09-15,0
00000054,200,2025-01-30,0
00000055,500,2025-05-27,0
00000056,100,2025-01-09,0
00000057,100,2025-12-31,0
00000058,150,2024-06-16,0
00000059,200,2022-09-05,0
00000060,50,2023-11-24,100000
00000061,100,2025-04-20,0
00000062,50,2025-12-20,0
00000063,100,2022-05-19,0
00000064,150,2022-05-26,0
00000065,150,2025-10-02,0
00000066,500,2022-09-28,0
00000067,500,2025-03-26,0
00000068,200,2024-04-13,0
00000069,50,2025-09-11,0
00000070,200,2024-04-21,0
00000071,50,2025-10-11,0
00000072,50,2022-05-05,0
00000073,150,2022-08-12,0
00000074,100,2025-01-03,0
00000075,200,2023-01-11,0
00000076,100,2022-06-04,0
00000077,500,2022-07-20,100000
00000078,50,2022-07-11,0
00000079,100,2022-12-07,0
00000080,200,2023-03-14,0
00000081,50,2022-12-04,0
00000082,200,2023-06-28,0
00000083,200,2023-08-08,0
00000084,500,2025-09-17,0
00000085,100,2023-01-24,0
00000086,50,2025-04-01,0
00000087,50,2023-10-05,100000
00000088,200,2024-10-26,0
00000089,500,2022-11-19,100000
00000090,50,2023-01-16,50
00000091,100,2024-04-06,0
00000092,500,2023-05-20,0
00000093,50,2025-06-22,100000
00000094,500,2024-12-06,0
00000095,150,2023-02-23,0
00000096,150,2023-05-04,0
00000097,100,2025-10-07,0
00000098,200,2023-10-10,0
00000099,50,2022-01-20,0
00000100,500,2022-07-24,2500
00000101,500,2023-06-28,0
00000102,150,2022-05-21,0
00000103,150,2023-08-07,0
00000104,500,2025-12-11,0
00000105,500,2022-01-17,0
00000106,500,2023-09-06,0
00000107,50,2022-10-03,0
00000108,50,2025-02-07,0
00000109,150,2025-05-23,0
00000110,150,2023-02-21,0
00000111,150,2024-11-01,0
00000112,50,2022-07-09,0
00000113,150,2022-04-01,750
00000114,150,2022-11-27,0
00000115,500,2025-12-16,0
00000116,50,2022-08-18,250
00000117,500,2022-03-15,0
00000118,500,2025-02-05,0
00000119,100,2022-03-27,0
00000120,50,2024-01-03,0
00000121,100,2025-09-27,0
00000122,500,2024-04-12,0
00000123,100,2023-04-30,0
00000124,100,2024-04-24,1000
00000125,200,2025-10-03,0
00000126,100,2023-07-01,0
00000127,50,2024-02-23,0
00000128,200,2023-04-01,0
00000129,200,2023-12-18,0
00000130,100,2023-04-02,500
00000131,200,2023-11-04,0
00000132,50,2023-07-26,0
00000133,500,2024-03-29,0
00000134,500,2023-11-10,0
00000135,50,2023-06-19,0
00000136,150,2022-03-20,0
00000137,200,2023-12-09,0
00000138,150,2024-06-12,0
00000139,500,2022-08-25,0
00000140,500,2023-01-25,0
00000141,200,2022-01-04,0
00000142,500,2025-11-07,0
00000143,100,2024-01-16,0
00000144,150,2025-06-30,0
00000145,50,2023-09-08,0
00000146,200,2023-10-31,0
00000147,150,2025-02-09,0
00000148,200,2025-09-23,0
00000149,100,2025-06-14,0
00000150,200,2025-01-27,0
00000151,150,2023-08-11,0
00000152,500,2025-05-27,0
00000153,200,2024-06-23,0
00000154,100,2024-11-12,0
00000155,100,2025-09-11,100000
00000156,500,2023-11-18,2500
00000157,150,2023-04-06,0
00000158,100,2022-02-20,10000
00000159,500,2022-05-30,0
00000160,500,2023-02-03,0
00000161,200,2024-10-09,0
00000162,100,2025-09-05,0
00000163,50,2024-05-20,0
00000164,500,2024-08-09,2500
00000165,50,2024-07-23,0
00000166,200,2025-09-29,0
00000167,500,2025-05-04,0
00000168,200,2025-06-08,0
00000169,500,2024-05-23,0
00000170,500,2024-07-02,0
00000171,200,2024-07-10,0
00000172,100,2025-07-29,0
00000173,500,2024-09-19,0
00000174,150,2024-06-19,1500
00000175,100,2023-07-11,0
00000176,500,2022-06-15,0
00000177,100,2024-02-24,0
00000178,100,2022-05-12,0
00000179,150,2025-01-16,0
00000180,50,2023-02-28,0
00000181,200,2025-04-11,0
00000182,50,2025-03-25,0
00000183,50,2023-12-22,0
00000184,200,2024-05-08,0
00000185,500,2025-05-20,0
00000186,200,2023-03-26,0
00000187,200,2022-03-01,0
00000188,200,2022-12-05,0
00000189,100,2025-06-28,0
00000190,200,2025-04-27,0
00000191,50,2022-06-21,0
00000192,100,2024-08-03,0
00000193,150,2024-02-16,0
00000194,200,2023-11-01,0
00000195,200,2023-07-24,0
00000196,200,2023-06-01,0
00000197,200,2022-02-09,0
00000198,50,2023-12-18,0
00000199,50,2025-08-27,50
00000200,100,2023-02-13,0
00000201,500,2022-11-09,0
00000202,200,2025-10-03,0
00000203,100,2024-08-10,0
00000204,150,2022-12-10,0
00000205,50,2022-12-02,0
00000206,50,2025-03-31,500
00000207,500,2025-10-19,0
00000208,200,2024-03-23,0
00000209,100,2022-06-05,0
00000210,100,2022-07-28,0
00000211,150,2025-11-02,0
00000212,50,2025-03-05,0
00000213,150,2024-12-27,0
00000214,150,2022-05-22,0
00000215,150,2022-01-26,0
00000216,200,2022-08-05,0
00000217,150,2025-07-25,0
00000218,200,2025-12-19,0
00000219,100,2024-12-04,0
00000220,150,2025-06-15,0
00000221,500,2024-09-17,0
00000222,500,2023-07-04,0
00000223,100,2022-06-27,0
00000224,200,2023-05-15,0
00000225,500,2025-06-03,0
00000226,150,2022-02-28,0
00000227,150,2023-01-08,0
00000228,150,2023-06-14,0
00000229,500,2025-12-07,0
00000230,500,2022-01-21,0
00000231,100,2022-06-25,0
00000232,200,2024-09-27,0
00000233,100,2025-11-15,0
00000234,200,2024-07-06,0
00000235,50,2023-08-26,0
00000236,100,2023-09-20,0
00000237,150,2024-08-27,0
00000238,150,2024-05-21,0
00000239,500,2023-11-09,0
00000240,200,2023-07-09,0
00000241,100,2022-09-05,0
00000242,150,2022-09-02,0
00000243,100,2023-01-28,0
00000244,200,2023-07-21,0
00000245,500,2025-05-07,0
00000246,50,2023-02-02,0
00000247,150,2023-01-03,0
00000248,500,2022-09-17,0
00000249,50,2025-02-07,0
00000250,100,2025-07-30,0
00000251,200,2022-07-30,0
00000252,500,2023-08-06,0
00000253,200,2023-11-29,0
00000254,50,2023-06-02,0
00000255,200,2022-08-22,0
00000256,200,2024-10-04,200
00000257,100,2022-11-02,0
00000258,150,2022-06-24,0
00000259,50,2025-02-16,0
00000260,500,2025-05-05,0
00000261,100,2024-12-06,0
00000262,200,2023-09-01,0
00000263,200,2023-09-18,0
00000264,50,2025-06-02,0
00000265,50,2023-03-02,0
00000266,150,2025-09-14,750
00000267,100,2025-02-04,100
00000268,200,2024-07-11,0
00000269,200,2023-08-20,2000
00000270,150,2025-12-10,0
00000271,50,2025-11-08,0
00000272,150,2025-07-04,0
00000273,100,2024-05-20,0
00000274,100,2025-08-19,0
00000275,150,2022-10-19,750
00000276,150,2025-05-03,0
00000277,500,2023-08-15,0
00000278,200,2025-11-11,0
00000279,200,2023-07-12,0
00000280,200,2024-06-15,200
00000281,200,2023-10-23,0
00000282,50,2022-07-07,0
00000283,500,2025-04-17,0
00000284,150,2025-03-26,750
00000285,200,2024-11-28,0
00000286,150,2023-01-07,0
00000287,200,2025-07-24,0
00000288,50,2024-08-20,0
00000289,150,2023-10-20,0
00000290,100,2023-11-07,0
00000291,200,2023-08-14,0
00000292,200,2025-01-31,200
00000293,150,2023-06-01,0
00000294,200,2024-11-19,0
00000295,50,2025-09-08,0
00000296,200,2024-04-26,100000
00000297,150,2025-06-29,0
00000298,200,2022-04-16,0
00000299,500,2022-09-26,0
00000300,200,2025-12-01,0
00000301,50,2025-07-14,0
00000302,100,2025-12-24,0
00000303,500,2022-01-29,0
00000304,50,2023-04-06,0
00000305,50,2024-08-03,0
00000306,100,2024-10-17,0
00000307,150,2024-11-08,0
00000308,200,2024-09-15,0
00000309,100,2024-07-24,0
00000310,200,2023-01-26,0
00000311,500,2022-10-07,0
00000312,150,2024-04-29,0
00000313,500,2023-07-02,0
00000314,150,2023-09-04,0
00000315,500,2025-09-13,0
00000316,100,2024-07-03,0
00000317,150,2023-11-12,0
00000318,500,2024-02-12,0
00000319,150,2023-01-22,0
00000320,100,2025-03-17,0
00000321,200,2022-03-31,0
00000322,200,2025-12-15,0
00000323,200,2024-03-01,0
00000324,100,2024-10-11,0
00000325,100,2024-10-25,0
00000326,150,2022-07-25,0
00000327,200,2022-07-24,0
00000328,200,2022-02-01,0
00000329,200,2025-09-02,0
00000330,50,2024-08-19,0
00000331,150,2023-11-25,0
00000332,200,2025-08-23,2000
00000333,500,2024-02-18,0
00000334,200,2025-01-13,200
00000335,100,2025-07-16,0
00000336,150,2023-04-11,0
00000337,200,2022-07-21,0
00000338,50,2024-06-27,0
00000339,150,2022-03-01,150
00000340,150,2024-01-05,0
00000341,100,2023-05-16,0
00000342,500,2025-10-28,0
00000343,100,2022-12-25,10000
00000344,500,2025-10-31,0
00000345,500,2022-10-21,0
00000346,150,2024-07-30,0
00000347,50,2024-08-10,0
00000348,500,2022-11-20,5000
00000349,500,2023-09-05,0
00000350,200,2025-11-14,0
00000351,150,2023-02-12,0
00000352,200,2022-08-07,0
00000353,500,2024-01-06,0
00000354,150,2022-02-14,0
00000355,200,2023-07-17,200
00000356,500,2024-10-14,0
00000357,150,2023-04-17,0
00000358,150,2023-03-25,0
00000359,500,2023-05-29,0
00000360,100,2025-07-10,100
00000361,150,2024-06-21,1500
00000362,100,2022-07-04,0
00000363,150,2024-04-30,0
00000364,100,2025-01-09,0
00000365,150,2024-12-23,0
00000366,150,2022-12-03,0
00000367,200,2023-08-28,0
00000368,150,2022-08-24,0
00000369,50,2022-10-16,0
00000370,100,2025-10-17,0
00000371,200,2025-02-15,0
00000372,200,2022-01-29,0
00000373,50,2024-07-20,0
00000374,150,2025-04-12,0
00000375,150,2022-08-10,0
00000376,200,2022-02-21,0
00000377,500,2023-11-03,0
00000378,100,2025-08-19,10000
00000379,150,2025-08-22,0
00000380,100,2022-04-03,0
00000381,150,2024-10-05,0
00000382,100,2025-01-05,0
00000383,200,2024-01-30,0
00000384,500,2024-05-08,0
00000385,100,2024-04-29,0
00000386,200,2025-06-14,0
00000387,150,2022-03-09,0
00000388,100,2024-06-27,0
00000389,100,2024-01-13,1000
00000390,500,2025-08-13,0
00000391,200,2023-07-20,0
00000392,50,2024-07-20,250
00000393,500,2022-02-13,5000
00000394,100,2022-09-15,0
00000395,100,2022-05-21,0
00000396,500,2023-03-01,0
00000397,100,2023-11-04,0
00000398,500,2022-01-06,0
00000399,100,2022-09-24,0
00000400,100,2022-08-14,0
00000401,50,2022-09-27,250
00000402,500,2023-10-26,5000
00000403,50,2022-09-17,0
00000404,500,2022-08-21,0
00000405,200,2024-07-07,0
00000406,500,2025-04-30,0
00000407,500,2023-03-30,0
00000408,50,2025-09-11,0
00000409,200,2025-08-10,0
00000410,50,2024-09-07,0
00000411,200,2025-11-06,0
00000412,200,2022-05-31,0
00000413,150,2025-05-30,0
00000414,100,2023-07-18,0
00000415,500,2025-01-28,0
00000416,200,2025-05-08,0
00000417,200,2024-11-01,0
00000418,50,2025-12-08,0
00000419,500,2023-03-17,0
00000420,100,2024-04-27,0
00000421,200,2024-03-27,0
00000422,50,2023-10-03,0
00000423,150,2024-02-06,0
00000424,200,2022-05-18,200
00000425,50,2024-06-03,500
00000426,100,2025-02-13,100000
00000427,500,2023-11-07,0
00000428,200,2023-12-26,0
00000429,200,2022-04-16,0
00000430,500,2023-10-02,0
00000431,500,2024-11-05,0
00000432,200,2023-04-05,0
00000433,150,2025-02-13,0
00000434,150,2025-03-21,0
00000435,200,2025-02-22,0
00000436,500,2025-06-10,0
00000437,500,2022-02-23,0
00000438,150,2022-03-01,0
00000439,150,2023-11-27,0
00000440,100,2022-10-21,0
00000441,200,2022-05-23,0
00000442,50,2022-07-07,0
00000443,100,2024-02-10,0
00000444,150,2022-11-19,0
00000445,150,2025-03-08,0
00000446,50,2022-11-15,0
00000447,500,2022-04-12,0
00000448,150,2024-06-26,0
00000449,200,2025-05-28,0
00000450,150,2023-03-18,0
00000451,50,2023-12-08,0
00000452,150,2025-10-20,0
00000453,200,2024-12-15,0
00000454,50,2023-03-28,0
00000455,500,2022-04-23,5000
00000456,100,2022-10-09,0
00000457,150,2023-11-03,0
00000458,200,2024-05-31,0
00000459,200,2024-12-26,0
00000460,500,2025-02-18,0
00000461,150,2022-05-28,0
00000462,50,2024-06-12,50
00000463,150,2025-03-25,0
00000464,200,2025-12-24,0
00000465,150,2022-08-24,0
00000466,150,2022-12-18,0
00000467,500,2024-07-31,0
00000468,150,2022-06-30,0
00000469,50,2023-05-14,0
00000470,200,2024-12-09,2000
00000471,150,2023-03-30,0
00000472,100,2022-06-06,0
00000473,50,2024-12-22,0
00000474,150,2023-12-21,0
00000475,100,2023-04-29,0
00000476,150,2023-02-09,0
00000477,100,2025-09-04,10000
00000478,200,2025-02-28,0
00000479,200,2025-10-26,0
00000480,500,2025-08-09,0
00000481,500,2023-10-24,0
00000482,150,2022-11-06,0
00000483,200,2024-06-24,0
00000484,150,2025-04-26,100000
00000485,50,2023-09-28,0
00000486,50,2022-04-27,0
00000487,150,2022-06-07,0
00000488,50,2025-06-13,0
00000489,200,2024-08-05,0
00000490,50,2024-07-10,0
00000491,500,2025-08-27,0
00000492,500,2024-09-01,0
00000493,50,2024-07-11,0
00000494,150,2022-06-22,0
00000495,100,2022-03-22,0
00000496,200,2024-06-18,0
00000497,500,2022-11-22,0
00000498,150,2024-03-04,0
00000499,150,2025-10-22,0
00000500,150,2022-05-15,0
00000501,500,2025-10-21,0
00000502,150,2025-09-06,0
00000503,500,2022-11-04,0
00000504,500,2025-09-21,0
00000505,150,2023-09-28,0
00000506,200,2022-09-22,0
00000507,50,2023-09-27,0
00000508,150,2022-09-19,0
00000509,500,2022-07-11,0
00000510,200,2024-11-07,0
00000511,150,2023-09-25,0
00000512,100,2023-12-01,0
00000513,200,2023-01-29,0
00000514,100,2022-11-14,100
00000515,500,2025-01-10,0
00000516,500,2022-03-19,0
00000517,500,2022-09-26,0
00000518,100,2022-11-29,0
00000519,500,2022-12-06,0
00000520,50,2024-04-21,0
00000521,100,2024-06-28,0
00000522,200,2023-04-25,0
00000523,150,2024-08-18,0
00000524,100,2024-01-24,0
00000525,500,2024-06-21,0
00000526,150,2024-02-22,0
00000527,200,2022-11-28,0
00000528,500,2022-10-11,0
00000529,50,2025-08-06,0
00000530,150,2025-02-09,0
00000531,500,2022-09-13,0
00000532,100,2023-07-13,0
00000533,500,2022-10-29,0
00000534,50,2023-03-31,0
00000535,150,2022-02-24,0
00000536,200,2024-10-25,0
00000537,200,2022-06-17,0
00000538,50,2023-10-15,0
00000539,150,2022-10-27,0
00000540,150,2024-08-25,0
00000541,100,2025-12-15,0
00000542,500,2022-01-11,0
00000543,50,2023-06-09,0
00000544,100,2025-01-28,0
00000545,500,2024-12-16,0
00000546,150,2023-05-02,0
00000547,50,2023-05-04,0
00000548,500,2024-07-25,50000
00000549,500,2025-01-02,100000
00000550,500,2023-05-11,0
00000551,150,2024-05-29,1500
00000552,100,2025-03-14,0
00000553,50,2024-12-08,0
00000554,50,2024-12-13,0
00000555,500,2025-02-08,50000
00000556,50,2025-07-25,0
00000557,150,2023-06-04,0
00000558,150,2022-05-19,0
00000559,50,2025-04-06,0
00000560,150,2022-10-01,100000
00000561,150,2025-08-09,0
00000562,200,2025-11-25,0
00000563,100,2022-10-04,10000
00000564,50,2023-08-24,0
00000565,100,2022-03-27,0
00000566,150,2024-11-21,0
00000567,500,2024-08-27,0
00000568,100,2023-08-09,0
00000569,50,2025-09-04,0
00000570,50,2024-01-24,0
00000571,200,2024-06-19,0
00000572,200,2023-11-26,0
00000573,200,2025-11-18,0
00000574,500,2023-07-01,0
00000575,200,2022-06-11,0
00000576,100,2025-01-22,0
00000577,50,2022-06-13,0
00000578,150,2023-09-20,0
00000579,200,2022-12-08,0
00000580,150,2024-07-04,1500
00000581,500,2024-06-09,0
00000582,50,2022-06-03,0
00000583,200,2024-01-15,0
00000584,100,2022-03-05,0
00000585,500,2025-10-20,0
00000586,50,2022-09-16,500
00000587,150,2024-02-24,0
00000588,50,2025-05-24,0
00000589,200,2024-01-30,0
00000590,50,2025-03-21,0
00000591,150,2024-03-26,0
00000592,150,2023-05-27,0
00000593,50,2023-01-17,0
00000594,200,2025-02-24,0
00000595,150,2025-12-12,0
00000596,500,2023-08-08,0
00000597,200,2023-02-14,0
00000598,50,2024-07-14,0
00000599,200,2022-06-29,0
00000600,150,2025-09-29,0
00000601,50,2025-01-31,0
00000602,150,2022-11-19,0
00000603,100,2024-01-11,0
00000604,50,2023-02-16,0
00000605,100,2024-10-08,100000
00000606,500,2024-01-26,0
00000607,500,2022-09-23,0
00000608,50,2022-05-15,0
00000609,200,2024-12-12,0
00000610,200,2025-03-23,2000
00000611,50,2024-07-10,0
00000612,500,2023-12-07,0
00000613,500,2025-08-03,0
00000614,100,2024-06-05,0
00000615,50,2022-09-12,0
00000616,150,2022-12-04,0
00000617,100,2023-12-10,0
00000618,500,2023-08-05,0
00000619,150,2023-02-07,0
00000620,500,2023-07-17,0
00000621,150,2025-06-12,0
00000622,500,2025-08-05,0
00000623,500,2022-11-12,0
00000624,500,2025-05-24,0
00000625,500,2022-03-26,0
00000626,50,2022-06-16,100000
00000627,150,2025-08-26,0
00000628,500,2024-05-03,0
00000629,50,2024-10-16,0
00000630,500,2023-08-17,0
00000631,150,2024-09-16,0
00000632,200,2023-09-02,0
00000633,50,2022-11-20,0
00000634,200,2024-08-09,0
00000635,500,2022-10-22,0
00000636,150,2023-12-09,0
00000637,100,2024-01-29,0
00000638,50,2023-10-16,0
00000639,50,2023-07-02,0
00000640,100,2022-07-18,10000
00000641,500,2024-05-06,0
00000642,100,2023-11-02,0
00000643,150,2023-01-24,0
00000644,200,2024-11-20,0
00000645,150,2024-10-15,15000
00000646,500,2024-07-25,0
00000647,100,2025-04-09,0
00000648,50,2023-07-31,0
00000649,200,2023-08-09,0
00000650,50,2024-06-01,0
00000651,150,2024-01-20,0
00000652,150,2022-04-03,0
00000653,500,2025-02-24,0
00000654,500,2023-08-15,100000
00000655,200,2025-01-31,0
00000656,500,2025-10-25,0
00000657,100,2022-07-18,0
00000658,150,2025-02-16,0
00000659,100,2023-02-12,0
00000660,200,2024-10-21,200
00000661,100,2023-11-14,0
00000662,500,2024-07-24,0
00000663,500,2022-10-14,0
00000664,500,2023-10-15,0
00000665,500,2023-09-05,0
00000666,500,2024-11-09,0
00000667,500,2023-09-06,0
00000668,50,2024-01-25,0
00000669,50,2024-05-03,0
00000670,50,2025-05-07,0
00000671,500,2025-03-28,0
00000672,50,2025-04-10,0
00000673,500,2025-07-12,0
00000674,200,2022-10-30,0
00000675,100,2022-03-06,0
00000676,50,2023-01-26,500
00000677,200,2022-11-07,0
00000678,100,2024-04-20,0
00000679,500,2024-08-23,0
00000680,50,2025-12-16,0
00000681,100,2025-02-22,0
00000682,200,2024-12-12,0
00000683,100,2024-07-30,0
00000684,150,2025-01-23,0
00000685,150,2025-06-03,0
00000686,100,2023-07-26,0
00000687,100,2023-09-02,0
00000688,100,2025-11-14,0
00000689,150,2024-09-09,0
00000690,150,2023-08-13,0
00000691,500,2024-02-17,0
00000692,200,2023-12-08,0
00000693,100,2023-08-18,100
00000694,150,2024-06-24,0
00000695,200,2023-03-15,0
00000696,500,2023-07-10,0
00000697,150,2022-10-09,0
00000698,500,2023-05-06,0
00000699,500,2023-04-08,0
00000700,50,2022-07-25,0
00000701,200,2022-07-25,0
00000702,100,2022-01-11,0
00000703,100,2024-04-13,0
00000704,200,2024-09-04,0
00000705,150,2023-10-20,0
00000706,50,2022-07-03,0
00000707,100,2024-12-31,0
00000708,50,2022-12-25,0
00000709,100,2022-03-16,0
00000710,200,2024-10-11,0
00000711,150,2022-03-18,100000
00000712,500,2022-08-08,0
00000713,150,2023-08-06,0
00000714,500,2024-12-09,0
00000715,100,2024-10-29,0
00000716,100,2022-08-19,0
00000717,200,2025-08-20,0
00000718,100,2022-01-29,0
00000719,150,2025-03-08,0
00000720,100,2022-12-26,0
00000721,200,2024-05-25,0
00000722,50,2024-03-31,0
00000723,100,2022-10-15,0
00000724,100,2022-01-14,0
00000725,100,2024-07-03,0
00000726,150,2023-09-11,0
00000727,500,2022-01-24,0
00000728,150,2025-11-19,0
00000729,50,2024-08-11,0
00000730,200,2025-11-06,0
00000731,150,2025-11-14,0
00000732,150,2024-01-23,0
00000733,100,2022-10-01,0
00000734,200,2025-05-25,0
00000735,500,2024-08-22,0
00000736,100,2023-05-22,0
00000737,500,2022-06-17,0
00000738,500,2025-12-12,0
00000739,500,2022-08-18,100000
00000740,500,2023-02-19,0
00000741,100,2022-12-03,0
00000742,500,2024-06-23,0
00000743,100,2025-04-09,0
00000744,500,2024-07-01,0
00000745,200,2022-09-28,0
00000746,200,2025-02-28,20000
00000747,150,2022-02-14,0
00000748,50,2023-03-23,0
00000749,50,2024-05-17,0
00000750,50,2025-01-13,0
00000751,50,2024-08-24,5000
00000752,100,2022-10-05,0
00000753,200,2024-02-06,0
00000754,200,2024-07-07,0
00000755,200,2024-02-09,100000
00000756,100,2025-08-31,0
00000757,50,2023-01-01,0
00000758,200,2024-12-19,0
00000759,100,2022-01-08,0
00000760,150,2024-08-06,0
00000761,500,2024-05-18,0
00000762,100,2023-05-22,0
00000763,100,2023-07-19,0
00000764,50,2022-03-07,0
00000765,200,2025-06-13,0
00000766,50,2023-05-08,0
00000767,50,2025-05-01,100000
00000768,50,2023-05-17,0
00000769,200,2024-06-17,0
00000770,100,2022-04-26,0
00000771,150,2023-04-25,0
00000772,500,2023-10-16,0
00000773,150,2023-05-01,0
00000774,100,2025-09-14,0
00000775,200,2023-09-08,0
00000776,500,2025-04-26,0
00000777,100,2025-07-06,0
00000778,500,2024-10-12,5000
00000779,200,2024-12-10,0
00000780,200,2024-04-16,0
00000781,200,2023-01-12,0
00000782,200,2023-05-09,0
00000783,150,2025-12-20,0
00000784,200,2022-04-29,0
00000785,200,2025-02-15,0
00000786,200,2023-05-13,0
00000787,150,2025-08-17,15000
00000788,150,2022-07-09,0
00000789,100,2022-04-16,0
00000790,500,2025-05-19,500
00000791,100,2025-04-18,0
00000792,500,2023-03-21,0
00000793,150,2023-09-13,0
00000794,50,2023-03-10,0
00000795,50,2024-09-07,0
00000796,500,2025-12-12,0
00000797,100,2025-02-04,0
00000798,150,2024-02-19,0
00000799,150,2023-09-24,0
00000800,500,2024-10-15,0
00000801,200,2023-10-18,0
00000802,150,2023-10-03,0
00000803,500,2023-03-30,0
00000804,50,2023-06-19,0
00000805,500,2025-04-01,0
00000806,150,2022-11-09,0
00000807,100,2024-02-17,0
00000808,100,2024-10-19,0
00000809,150,2023-06-12,0
00000810,200,2025-08-07,0
00000811,200,2022-12-11,0
00000812,150,2022-12-13,0
00000813,500,2024-09-27,0
00000814,500,2025-08-07,0
00000815,500,2022-03-11,0
00000816,50,2025-09-30,50
00000817,200,2022-10-09,0
00000818,100,2022-05-20,0
00000819,50,2023-03-24,0
00000820,150,2022-05-04,0
00000821,500,2024-09-16,0
00000822,50,2022-01-14,0
00000823,200,2022-01-25,2000
00000824,500,2023-08-11,50000
00000825,100,2022-08-08,0
00000826,500,2022-11-01,0
00000827,500,2024-12-14,0
00000828,150,2023-07-02,0
00000829,50,2024-02-04,0
00000830,200,2025-03-03,0
00000831,100,2023-09-07,0
00000832,50,2025-08-31,0
00000833,50,2022-07-11,0
00000834,200,2025-02-05,0
00000835,50,2025-12-10,0
00000836,200,2024-06-07,0
00000837,150,2025-03-04,0
00000838,50,2024-12-17,0
00000839,100,2023-03-09,0
00000840,500,2024-08-31,0
00000841,50,2025-11-02,0
00000842,500,2025-02-28,0
00000843,100,2023-10-07,500
00000844,500,2022-10-23,0
00000845,200,2022-06-07,0
00000846,500,2023-05-08,0
00000847,200,2025-10-18,0
00000848,150,2024-02-26,0
00000849,100,2025-11-12,0
00000850,500,2023-12-10,50000
00000851,100,2022-06-05,0
00000852,500,2025-05-04,0
00000853,150,2022-03-02,0
00000854,200,2024-10-01,0
00000855,500,2024-02-08,0
00000856,500,2025-09-15,0
00000857,500,2023-08-28,0
00000858,50,2022-06-18,0
00000859,200,2025-12-28,0
00000860,100,2024-03-08,0
00000861,50,2022-07-07,500
00000862,200,2024-01-08,0
00000863,50,2022-09-29,5000
00000864,200,2025-02-14,0
00000865,200,2022-07-31,2000
00000866,500,2022-07-10,0
00000867,150,2024-02-28,15000
00000868,200,2022-06-23,0
00000869,500,2023-05-13,0
00000870,100,2025-11-04,0
00000871,100,2023-07-05,0
00000872,200,2022-10-26,20000
00000873,150,2024-05-12,0
00000874,50,2024-01-10,0
00000875,100,2025-07-04,0
00000876,500,2023-02-05,0
00000877,100,2023-09-16,10000
00000878,150,2025-06-24,0
00000879,150,2024-06-20,0
00000880,500,2022-10-06,0
00000881,500,2025-11-24,0
00000882,150,2022-12-30,0
00000883,150,2023-08-20,0
00000884,200,2025-03-25,0
00000885,150,2024-02-10,0
00000886,200,2024-01-18,0
00000887,500,2023-02-14,0
00000888,500,2023-01-04,0
00000889,500,2022-02-25,0
00000890,200,2025-12-21,0
00000891,150,2025-11-19,15000
00000892,200,2022-10-13,0
00000893,100,2023-06-02,0
00000894,200,2024-02-12,100000
00000895,200,2025-04-07,0
00000896,500,2025-11-17,0
00000897,50,2024-01-07,0
00000898,500,2025-05-01,0
00000899,50,2022-08-12,0
00000900,150,2022-12-07,0
00000901,50,2025-02-27,0
00000902,200,2023-11-11,0
00000903,200,2022-08-05,2000
00000904,100,2024-11-11,0
00000905,500,2025-04-03,0
00000906,100,2024-07-01,0
00000907,200,2025-10-23,0
00000908,500,2022-11-05,0
00000909,50,2024-09-15,0
00000910,200,2022-06-25,0
00000911,100,2023-12-15,0
00000912,200,2023-02-28,0
00000913,150,2024-09-02,15000
00000914,150,2022-05-18,0
00000915,50,2022-02-16,0
00000916,50,2025-10-18,0
00000917,100,2024-11-22,0
00000918,100,2023-11-09,0
00000919,200,2023-04-20,0
00000920,100,2023-01-17,0
00000921,200,2024-03-21,100000
00000922,100,2024-07-09,0
00000923,200,2022-01-10,0
00000924,100,2023-07-25,0
00000925,50,2025-03-28,0
00000926,500,2023-01-18,0
00000927,100,2024-07-26,0
00000928,200,2024-12-16,0
00000929,150,2025-05-07,0
00000930,200,2025-04-17,0
00000931,150,2024-07-26,0
00000932,150,2025-06-12,0
00000933,100,2023-10-04,0
00000934,150,2022-08-28,0
00000935,100,2024-11-12,0
00000936,500,2022-10-10,0
00000937,200,2023-01-16,0
00000938,500,2025-11-21,0
00000939,100,2025-02-10,0
00000940,150,2022-10-15,0
00000941,200,2025-06-22,2000
00000942,50,2024-09-19,0
00000943,200,2025-02-24,0
00000944,200,2024-04-17,0
00000945,200,2025-12-25,0
00000946,200,2022-12-09,200
00000947,100,2023-08-22,500
00000948,500,2023-08-15,0
00000949,200,2025-03-04,0
00000950,200,2025-01-30,0
00000951,500,2022-08-22,0
00000952,500,2024-01-22,0
00000953,50,2024-06-22,0
00000954,200,2022-07-29,0
00000955,100,2023-09-02,0
00000956,50,2024-07-10,0
00000957,50,2024-06-18,0
00000958,50,2023-05-01,0
00000959,500,2025-11-12,0
00000960,500,2025-07-19,0
00000961,500,2022-10-13,0
00000962,100,2022-05-02,0
00000963,500,2023-07-30,0
00000964,100,2023-10-25,0
00000965,150,2023-08-16,0
00000966,500,2025-10-23,0
00000967,100,2024-04-22,0
00000968,150,2025-09-05,0
00000969,100,2023-05-27,0
00000970,150,2023-05-22,0
00000971,200,2024-09-29,0
00000972,150,2025-07-09,0
00000973,200,2022-06-04,0
00000974,50,2024-04-05,0
00000975,150,2025-11-23,0
00000976,150,2024-07-20,0
00000977,150,2025-04-06,150
00000978,200,2025-07-24,0
00000979,150,2022-05-10,0
00000980,200,2023-03-23,0
00000981,100,2024-10-10,0
00000982,150,2023-11-23,0
00000983,100,2025-03-05,0
00000984,150,2025-10-29,0
00000985,50,2022-07-23,0
00000986,200,2022-02-03,0
00000987,100,2024-06-22,0
00000988,200,2023-02-19,0
00000989,100,2025-08-24,0
00000990,150,2022-07-11,0
00000991,150,2022-06-18,0
00000992,100,2022-04-17,0
00000993,150,2025-12-03,0
00000994,200,2025-09-04,200
00000995,50,2023-03-14,0
00000996,100,2025-04-30,0
00000997,200,2022-01-20,2000
00000998,50,2024-05-14,0
00000999,200,2022-05-26,0
00001000,50,2022-07-29,0
00001001,150,2023-09-05,0
00001002,100,2025-08-06,0
00001003,100,2022-05-21,0
00001004,50,2025-06-03,0
00001005,200,2023-12-21,0
00001006,100,2024-04-23,0
00001007,200,2023-03-21,200
00001008,100,2022-09-10,0
00001009,200,2023-12-21,0
00001010,150,2022-10-14,0
00001011,50,2023-05-24,0
00001012,500,2025-05-29,0
00001013,50,2025-09-10,0
00001014,100,2024-11-26,0
00001015,100,2024-03-13,0
00001016,50,2023-05-06,0
00001017,50,2023-05-09,0
00001018,500,2022-05-26,0
00001019,50,2024-01-10,0
00001020,100,2024-03-03,0
00001021,500,2024-05-11,0
00001022,100,2024-08-22,0
00001023,50,2022-02-04,0
00001024,50,2023-06-21,0
00001025,50,2024-03-26,0
00001026,500,2024-04-30,0
00001027,200,2022-06-18,0
00001028,500,2025-06-15,0
00001029,50,2023-09-27,250
00001030,100,2025-01-03,0
00001031,500,2025-07-23,0
00001032,50,2023-09-28,0
00001033,100,2022-04-29,0
00001034,200,2022-08-26,0
00001035,500,2022-04-23,0
00001036,100,2022-09-02,500
00001037,50,2022-12-02,0
00001038,150,2024-12-07,0
00001039,150,2022-12-08,0
00001040,150,2022-08-30,0
00001041,50,2023-11-18,0
00001042,150,2024-12-08,100000
00001043,50,2024-10-13,0
00001044,150,2022-04-24,0
00001045,500,2022-12-08,0
00001046,150,2022-07-30,0
00001047,50,2023-04-13,0
00001048,50,2022-04-01,0
00001049,50,2023-05-16,500
00001050,200,2022-11-04,0
00001051,50,2025-02-06,0
00001052,200,2023-04-05,0
00001053,200,2023-10-18,0
00001054,50,2025-03-16,0
00001055,500,2025-10-10,0
00001056,100,2023-04-03,0
00001057,50,2024-04-01,5000
00001058,150,2023-09-29,0
00001059,500,2024-07-24,2500
00001060,150,2025-02-28,0
00001061,500,2023-05-12,0
00001062,500,2024-10-07,0
00001063,100,2025-01-24,0
00001064,100,2022-11-05,10000
00001065,50,2023-04-23,0
00001066,50,2023-11-18,5000
00001067,150,2022-08-01,0
00001068,100,2024-05-09,0
00001069,50,2022-10-19,0
00001070,50,2022-03-31,0
00001071,500,2024-04-25,0
00001072,150,2024-07-27,0
00001073,50,2025-04-04,250
00001074,200,2022-06-03,0
00001075,50,2024-06-09,0
00001076,100,2023-04-30,0
00001077,150,2024-03-15,0
00001078,150,2023-10-14,0
00001079,100,2022-06-02,0
00001080,100,2025-04-12,0
00001081,50,2022-12-03,0
00001082,150,2024-04-12,0
00001083,150,2023-03-02,0
00001084,200,2023-06-27,0
00001085,50,2022-11-19,0
00001086,150,2025-12-14,0
00001087,50,2023-03-17,0
00001088,150,2022-10-31,750
00001089,150,2024-03-22,0
00001090,150,2023-06-17,0
00001091,100,2022-03-05,0
00001092,200,2025-02-12,0
00001093,100,2022-07-13,0
00001094,100,2022-09-06,500
00001095,100,2023-02-10,0
00001096,150,2025-11-06,0
00001097,50,2025-04-07,0
00001098,50,2022-02-14,0
00001099,100,2025-08-15,0
00001100,100,2022-07-08,0
00001101,150,2022-09-08,15000
00001102,50,2022-12-11,0
00001103,200,2024-03-19,0
00001104,200,2025-10-31,0
00001105,150,2023-03-16,0
00001106,150,2023-07-28,0
00001107,100,2022-03-12,0
00001108,500,2023-05-19,0
00001109,200,2024-04-23,0
00001110,200,2022-05-05,20000
00001111,100,2024-05-08,0
00001112,500,2023-05-26,0
00001113,500,2022-02-09,0
00001114,150,2024-09-09,0
00001115,200,2023-12-06,0
00001116,500,2023-10-21,0
00001117,100,2022-02-23,0
00001118,100,2022-03-02,0
00001119,150,2022-04-30,0
00001120,200,2024-12-20,0
00001121,500,2023-04-22,0
00001122,50,2023-05-23,0
00001123,150,2024-12-28,0
00001124,50,2023-03-26,0
00001125,200,2023-12-28,0
00001126,100,2022-12-27,0
00001127,150,2025-11-29,0
00001128,500,2022-02-27,0
00001129,150,2025-03-08,0
00001130,500,2023-01-21,0
00001131,200,2025-01-15,0
00001132,200,2022-03-19,1000
00001133,500,2023-03-25,50000
00001134,50,2023-11-11,0
00001135,100,2022-09-25,0
00001136,100,2023-10-25,500
00001137,500,2025-12-14,0
00001138,50,2024-12-13,0
00001139,50,2024-02-05,0
00001140,200,2025-04-15,0
00001141,150,2023-10-23,0
00001142,100,2024-06-13,0
00001143,200,2025-08-22,0
00001144,500,2025-11-21,0
00001145,500,2024-01-01,0
00001146,500,2022-12-26,0
00001147,150,2022-09-18,0
00001148,50,2025-12-08,0
00001149,200,2025-03-08,100000
00001150,150,2025-06-06,0
00001151,500,2022-08-02,0
00001152,100,2023-11-10,0
00001153,100,2023-12-12,0
00001154,100,2025-07-26,0
00001155,50,2025-12-22,0
00001156,150,2024-07-03,750
00001157,100,2025-11-20,1000
00001158,50,2022-01-03,5000
00001159,200,2022-12-07,0
00001160,200,2024-02-15,0
00001161,200,2022-07-27,0
00001162,500,2025-08-26,0
00001163,100,2022-11-30,0
00001164,50,2023-08-27,500
00001165,50,2022-06-01,0
00001166,200,2022-11-26,0
00001167,500,2022-07-10,0
00001168,500,2024-09-15,0
00001169,200,2025-08-31,0
00001170,200,2022-11-18,2000
00001171,100,2023-01-25,0
00001172,500,2025-01-11,0
00001173,150,2023-09-02,0
00001174,50,2024-03-15,0
00001175,200,2022-11-11,200
00001176,200,2022-06-29,0
00001177,500,2024-09-10,0
00001178,50,2023-02-28,0
00001179,150,2022-06-17,0
00001180,50,2023-09-24,0
00001181,200,2024-09-28,0
00001182,150,2022-07-06,0
00001183,200,2023-01-14,0
00001184,200,2024-01-27,0
00001185,50,2023-06-24,0
00001186,150,2023-04-09,0
00001187,500,2022-05-07,0
00001188,50,2022-06-25,0
00001189,500,2024-04-27,0
00001190,500,2023-04-11,0
00001191,200,2024-12-06,0
00001192,500,2025-11-08,0
00001193,200,2025-03-18,0
00001194,200,2023-09-05,200
00001195,500,2025-03-15,0
00001196,500,2025-10-19,0
00001197,100,2022-09-04,0
00001198,200,2022-12-21,0
00001199,100,2023-03-10,0
00001200,100,2022-03-29,0
00001201,200,2023-02-18,0
00001202,100,2025-05-03,0
00001203,50,2022-06-28,0
00001204,200,2025-02-04,0
00001205,150,2024-11-30,0
00001206,50,2025-12-05,0
00001207,500,2024-05-09,0
00001208,100,2022-10-31,0
00001209,500,2022-07-25,0
00001210,500,2022-07-26,0
00001211,500,2023-12-06,0
00001212,150,2024-02-24,0
00001213,500,2025-06-01,0
00001214,100,2023-07-19,0
00001215,500,2025-05-31,0
00001216,200,2022-03-21,0
00001217,150,2025-11-15,0
00001218,200,2023-07-05,0
00001219,50,2023-11-23,0
00001220,150,2023-09-29,0
00001221,200,2025-11-26,0
00001222,100,2022-10-03,0
00001223,200,2023-10-20,0
00001224,200,2025-05-23,0
00001225,100,2024-06-23,0
00001226,200,2024-09-19,0
00001227,150,2022-04-26,0
00001228,100,2022-05-15,0
00001229,500,2024-04-06,0
00001230,500,2025-03-10,2500
00001231,100,2022-04-29,0
00001232,200,2022-04-14,0
00001233,100,2023-07-16,0
00001234,200,2024-10-31,0
00001235,50,2025-10-27,500
00001236,200,2025-05-01,0
00001237,200,2025-04-16,0
00001238,150,2022-12-01,0
00001239,150,2025-11-11,150
00001240,200,2022-04-12,0
00001241,500,2023-03-15,0
00001242,100,2025-10-19,0
00001243,200,2024-11-17,200
00001244,200,2022-09-28,0
00001245,500,2022-01-18,0
00001246,500,2023-09-18,0
00001247,150,2024-05-17,0
00001248,150,2024-07-29,0
00001249,200,2023-09-11,0
00001250,500,2024-03-24,0
00001251,50,2024-11-13,0
00001252,150,2025-02-23,0
00001253,500,2023-08-02,0
00001254,50,2024-09-13,500
00001255,150,2023-07-22,0
00001256,150,2023-01-21,0
00001257,100,2022-04-27,0
00001258,500,2024-04-07,0
00001259,100,2022-02-22,0
00001260,150,2023-06-16,0
00001261,200,2024-03-06,0
00001262,500,2025-12-21,0
00001263,100,2023-12-04,0
00001264,100,2025-11-06,0
00001265,200,2025-10-07,0
00001266,150,2022-12-15,0
00001267,500,2023-01-06,0
00001268,200,2022-09-20,0
00001269,500,2023-01-10,0
00001270,150,2025-09-02,1500
00001271,100,2023-09-21,0
00001272,150,2024-02-01,0
00001273,150,2024-08-07,0
00001274,200,2022-04-20,0
00001275,500,2025-04-03,0
00001276,50,2024-08-25,0
00001277,500,2022-09-03,0
00001278,200,2024-12-21,0
00001279,50,2022-11-05,0
00001280,100,2023-12-03,0
00001281,500,2024-07-26,0
00001282,100,2022-06-15,0
00001283,100,2023-10-04,0
00001284,50,2024-07-14,0
00001285,100,2025-03-26,0
00001286,200,2022-06-30,0
00001287,200,2025-07-21,0
00001288,200,2024-09-04,0
00001289,50,2024-12-29,0
00001290,150,2022-01-29,0
00001291,500,2023-01-26,500
00001292,100,2023-04-09,0
00001293,150,2023-10-02,0
00001294,200,2024-10-27,0
00001295,100,2022-05-14,0
00001296,150,2023-08-19,0
00001297,500,2025-05-06,0
00001298,200,2025-11-07,0
00001299,150,2024-09-30,0
00001300,100,2022-12-04,0
00001301,200,2022-02-09,0
00001302,100,2023-03-09,0
00001303,500,2024-10-30,0
00001304,150,2025-12-27,0
00001305,50,2024-02-08,0
00001306,150,2024-12-31,0
00001307,500,2022-04-09,0
00001308,50,2022-04-09,0
00001309,200,2024-06-28,0
00001310,500,2023-06-02,0
00001311,100,2023-02-25,0
00001312,50,2023-09-09,0
00001313,50,2025-09-18,0
00001314,500,2025-05-25,0
00001315,200,2022-08-03,0
00001316,500,2022-08-30,0
00001317,50,2024-10-16,0
00001318,100,2023-06-23,0
00001319,100,2024-01-04,0
00001320,150,2022-11-25,15000
00001321,100,2025-11-10,0
00001322,150,2023-04-26,150
00001323,50,2025-03-21,0
00001324,100,2022-07-04,0
00001325,50,2022-07-27,0
00001326,100,2024-07-24,0
00001327,150,2023-06-25,0
00001328,50,2022-12-24,0
00001329,150,2024-01-08,0
00001330,150,2024-05-22,0
00001331,50,2022-04-04,250
00001332,100,2023-11-05,0
00001333,200,2025-06-27,0
00001334,50,2024-02-03,0
00001335,100,2022-08-22,0
00001336,200,2023-07-11,0
00001337,200,2024-05-13,0
00001338,100,2022-08-20,0
00001339,50,2022-11-23,0
00001340,500,2024-09-15,0
00001341,200,2023-01-07,0
00001342,150,2025-06-06,750
00001343,200,2024-09-26,0
00001344,200,2024-06-21,2000
00001345,150,2022-01-26,0
00001346,500,2025-03-26,0
00001347,100,2025-10-03,0
00001348,500,2024-12-07,0
00001349,500,2022-07-15,0
00001350,100,2024-09-13,0
00001351,200,2022-11-01,0
00001352,500,2025-06-09,2500
00001353,500,2024-08-19,0
00001354,100,2022-06-03,0
00001355,150,2023-05-09,0
00001356,150,2022-04-14,0
00001357,500,2025-08-10,0
00001358,100,2022-06-11,0
00001359,500,2024-07-06,50000
00001360,200,2023-10-10,0
00001361,200,2025-08-31,20000
00001362,200,2022-03-15,0
00001363,50,2022-07-06,0
00001364,500,2025-07-29,0
00001365,500,2025-02-25,0
00001366,200,2023-11-30,0
00001367,50,2023-04-02,0
00001368,150,2025-02-21,0
00001369,500,2024-08-26,0
00001370,150,2024-07-15,0
00001371,100,2022-01-05,0
00001372,150,2025-01-26,0
00001373,50,2022-04-04,0
00001374,200,2022-10-15,0
00001375,200,2022-08-08,0
00001376,100,2023-01-20,0
00001377,200,2023-03-18,0
00001378,100,2023-11-24,0
00001379,200,2022-04-06,0
00001380,500,2022-09-10,0
00001381,200,2024-07-25,0
00001382,500,2022-10-03,0
00001383,50,2024-12-22,0
00001384,500,2024-06-05,0
00001385,200,2024-11-07,0
00001386,100,2025-11-17,0
00001387,100,2022-08-01,0
00001388,500,2025-05-26,0
00001389,500,2024-02-27,0
00001390,500,2025-11-19,0
00001391,150,2024-03-25,0
00001392,150,2024-07-16,0
00001393,100,2024-04-25,0
00001394,500,2023-09-05,0
00001395,500,2023-10-05,0
00001396,500,2025-07-19,0
00001397,100,2025-07-02,0
00001398,150,2025-10-09,0
00001399,100,2024-10-28,0
00001400,150,2025-12-25,0
00001401,150,2025-02-25,0
00001402,500,2025-09-28,0
00001403,500,2023-08-09,0
00001404,200,2022-01-27,0
00001405,50,2024-02-20,0
00001406,50,2023-02-14,0
00001407,100,2023-08-10,0
00001408,100,2022-05-08,0
00001409,150,2023-02-22,0
00001410,50,2024-01-05,0
00001411,50,2025-06-15,0
00001412,500,2023-04-05,0
00001413,500,2024-03-07,0
00001414,150,2025-11-20,0
00001415,200,2024-03-04,0
00001416,150,2025-02-04,1500
00001417,100,2025-06-24,0
00001418,200,2023-04-07,0
00001419,150,2025-04-20,0
00001420,500,2023-02-07,0
00001421,100,2023-08-26,0
00001422,50,2023-01-18,0
00001423,500,2022-09-02,0
00001424,200,2023-07-26,0
00001425,100,2022-11-26,0
00001426,150,2022-01-12,0
00001427,100,2022-03-23,0
00001428,150,2025-05-07,100000
00001429,150,2024-10-01,0
00001430,500,2024-01-04,5000
00001431,500,2023-03-27,0
00001432,500,2022-05-20,0
00001433,100,2024-05-01,0
00001434,200,2022-07-08,0
00001435,100,2025-09-20,0
00001436,150,2023-08-25,0
00001437,500,2024-12-22,0
00001438,500,2025-08-22,5000
00001439,200,2023-05-08,0
00001440,500,2025-06-26,0
00001441,50,2025-10-29,0
00001442,200,2022-08-21,0
00001443,500,2023-08-03,100000
00001444,150,2024-11-19,0
00001445,200,2024-09-23,1000
00001446,150,2024-11-18,150
00001447,100,2025-01-06,0
00001448,50,2023-03-08,0
00001449,100,2025-11-04,0
00001450,50,2023-02-26,0
00001451,200,2025-08-17,0
00001452,50,2025-11-06,0
00001453,200,2023-11-11,200
00001454,50,2022-12-31,0
00001455,500,2022-05-25,0
00001456,100,2023-06-14,0
00001457,200,2025-07-14,0
00001458,150,2022-02-04,0
00001459,50,2024-12-31,100000
00001460,50,2025-04-14,50
00001461,150,2024-10-26,0
00001462,150,2025-05-27,15000
00001463,200,2024-03-20,0
00001464,50,2024-08-28,0
00001465,100,2022-10-07,0
00001466,500,2023-08-28,0
00001467,100,2023-09-03,0
00001468,150,2022-01-23,0
00001469,500,2022-10-17,0
00001470,50,2025-03-18,0
00001471,500,2025-01-26,0
00001472,150,2023-03-07,0
00001473,150,2023-03-10,0
00001474,500,2022-10-19,0
00001475,100,2025-06-17,0
00001476,100,2022-08-23,0
00001477,500,2022-04-22,0
00001478,500,2024-08-02,0
00001479,50,2023-08-19,0
00001480,150,2022-07-21,0
00001481,500,2024-09-24,0
00001482,150,2022-09-20,0
00001483,100,2022-07-24,0
00001484,50,2023-02-01,0
00001485,200,2023-11-04,0
00001486,150,2025-11-21,0
00001487,500,2025-03-06,0
00001488,150,2024-05-27,0
00001489,150,2023-05-20,0
00001490,200,2023-07-21,0
00001491,100,2025-10-23,0
00001492,200,2024-08-05,0
00001493,150,2024-09-24,0
00001494,100,2025-08-15,0
00001495,150,2022-10-14,0
00001496,100,2023-06-24,0
00001497,50,2022-06-04,0
00001498,500,2025-07-17,100000
00001499,500,2024-04-09,0
00001500,100,2022-03-17,0
00001501,500,2025-01-10,0
00001502,100,2024-01-20,0
00001503,500,2023-08-19,0
00001504,500,2024-11-11,5000
00001505,500,2022-01-22,0
00001506,500,2025-11-02,0
00001507,500,2022-10-15,0
00001508,100,2025-03-05,0
00001509,100,2024-09-17,0
00001510,50,2023-03-25,0
00001511,100,2022-05-09,0
00001512,100,2022-03-29,0
00001513,500,2024-01-10,0
00001514,200,2022-04-06,2000
00001515,50,2025-12-12,0
00001516,150,2023-06-24,0
00001517,500,2022-12-23,0
00001518,200,2024-01-19,0
00001519,50,2024-11-24,0
00001520,100,2024-11-23,0
00001521,150,2024-09-24,0
00001522,500,2022-01-14,0
00001523,100,2024-06-19,0
00001524,50,2024-11-19,0
00001525,100,2022-11-04,0
00001526,150,2025-05-17,0
00001527,50,2025-09-15,0
00001528,150,2022-08-21,0
00001529,200,2024-09-08,0
00001530,100,2025-08-18,0
00001531,50,2023-05-15,100000
00001532,500,2022-11-26,0
00001533,500,2022-03-22,0
00001534,100,2022-04-25,0
00001535,100,2024-11-24,0
00001536,500,2025-02-28,0
00001537,150,2022-06-25,0
00001538,500,2024-08-23,0
00001539,100,2023-03-26,0
00001540,500,2022-10-20,0
00001541,100,2025-06-30,0
00001542,150,2022-12-10,0
00001543,150,2024-07-17,0
00001544,50,2023-04-16,0
00001545,100,2022-08-11,100000
00001546,500,2025-11-02,0
00001547,100,2025-05-25,10000
00001548,500,2025-05-13,100000
00001549,500,2022-08-29,2500
00001550,500,2025-01-09,0
00001551,200,2024-12-05,0
00001552,50,2025-11-29,0
00001553,100,2024-09-14,0
00001554,200,2023-12-19,0
00001555,500,2022-07-20,0
00001556,150,2024-09-04,0
00001557,50,2023-08-04,0
00001558,500,2024-04-16,0
00001559,50,2025-12-23,0
00001560,50,2025-03-29,0
00001561,500,2022-01-15,0
00001562,100,2025-11-09,0
00001563,200,2024-01-12,0
00001564,200,2025-08-27,0
00001565,150,2025-01-02,0
00001566,150,2025-06-07,0
00001567,200,2023-02-22,0
00001568,500,2024-09-15,0
00001569,500,2025-02-10,0
00001570,150,2025-03-29,0
00001571,200,2022-10-10,0
00001572,50,2023-04-16,0
00001573,100,2022-07-25,0
00001574,200,2023-11-25,0
00001575,500,2025-11-28,0
00001576,50,2022-11-26,0
00001577,50,2022-07-06,0
00001578,200,2025-05-14,0
00001579,50,2023-06-23,0
00001580,50,2025-06-01,5000
00001581,200,2025-06-11,0
00001582,150,2025-12-28,0
00001583,50,2022-12-25,0
00001584,200,2022-01-22,0
00001585,500,2023-08-09,0
00001586,500,2024-11-11,0
00001587,100,2025-06-13,0
00001588,50,2024-01-07,0
00001589,50,2022-11-19,500
00001590,200,2023-12-25,0
00001591,200,2025-04-15,0
00001592,50,2025-12-12,50
00001593,500,2023-08-06,0
00001594,500,2025-04-08,0
00001595,150,2023-04-09,0
00001596,100,2024-07-20,0
00001597,500,2022-01-10,0
00001598,200,2024-11-02,0
00001599,50,2024-10-27,0
00001600,50,2024-11-17,0
00001601,500,2025-03-23,0
00001602,200,2024-02-12,0
00001603,100,2023-11-27,0
00001604,200,2025-10-27,0
00001605,500,2022-02-26,0
00001606,150,2022-05-19,0
00001607,100,2025-10-18,0
00001608,150,2024-04-24,0
00001609,500,2025-01-02,5000
00001610,100,2023-08-12,1000
00001611,50,2025-02-09,0
00001612,200,2023-10-05,0
00001613,500,2023-07-06,0
00001614,100,2024-10-18,0
00001615,100,2023-05-11,0
00001616,100,2023-04-15,0
00001617,100,2025-06-20,0
00001618,50,2022-09-03,0
00001619,200,2025-06-11,100000
00001620,50,2024-09-14,0
00001621,150,2024-10-05,0
00001622,500,2023-07-17,0
00001623,500,2023-07-28,0
00001624,500,2022-09-20,50000
00001625,200,2025-01-12,2000
00001626,200,2025-11-06,0
00001627,200,2022-09-04,0
00001628,200,2023-10-09,0
00001629,50,2025-10-12,0
00001630,500,2022-07-26,0
00001631,500,2023-06-16,0
00001632,150,2023-05-01,0
00001633,500,2023-12-04,0
00001634,200,2024-05-18,0
00001635,150,2024-01-18,0
00001636,150,2024-07-12,0
00001637,100,2025-03-25,0
00001638,50,2023-07-07,0
00001639,500,2024-06-04,0
00001640,100,2022-10-26,0
00001641,100,2024-08-26,0
00001642,100,2024-05-13,0
00001643,500,2024-12-29,0
00001644,200,2023-09-07,0
00001645,500,2022-04-08,0
00001646,100,2022-05-03,0
00001647,150,2024-09-02,0
00001648,50,2024-07-10,0
00001649,150,2024-01-10,0
00001650,500,2023-06-12,0
00001651,200,2022-09-06,0
00001652,500,2023-02-12,0
00001653,500,2022-12-24,0
00001654,150,2023-12-29,0
00001655,500,2024-09-25,0
00001656,200,2022-06-10,0
00001657,150,2024-08-07,0
00001658,100,2022-12-10,0
00001659,150,2024-05-13,0
00001660,500,2024-04-08,0
00001661,50,2022-06-12,0
00001662,100,2023-10-05,0
00001663,150,2025-12-25,0
00001664,200,2023-07-10,0
00001665,150,2025-04-17,0
00001666,200,2024-04-27,0
00001667,50,2022-09-14,0
00001668,150,2025-12-06,0
00001669,100,2022-12-08,0
00001670,50,2022-05-11,0
00001671,200,2025-01-28,20000
00001672,500,2022-06-20,0
00001673,500,2022-11-15,50000
00001674,150,2023-04-15,0
00001675,150,2024-06-26,0
00001676,100,2024-12-14,0
00001677,50,2022-03-13,0
00001678,150,2024-09-02,0
00001679,500,2023-07-12,0
00001680,100,2025-11-29,0
00001681,500,2025-05-08,0
00001682,500,2024-06-09,0
00001683,500,2023-09-27,0
00001684,200,2025-01-10,0
00001685,50,2024-06-23,0
00001686,200,2023-06-17,0
00001687,50,2022-01-01,0
00001688,100,2023-12-06,0
00001689,500,2022-01-18,0
00001690,200,2024-09-04,0
00001691,200,2023-08-23,0
00001692,50,2025-01-27,0
00001693,200,2025-02-22,0
00001694,100,2022-12-01,0
00001695,200,2024-02-14,0
00001696,50,2024-05-14,0
00001697,500,2025-06-09,0
00001698,150,2023-08-07,0
00001699,500,2023-07-05,0
00001700,50,2023-01-09,0
00001701,50,2025-07-28,0
00001702,200,2023-07-12,0
00001703,200,2023-01-20,0
00001704,100,2022-04-12,0
00001705,50,2023-01-16,0
00001706,150,2023-07-06,0
00001707,200,2022-01-17,0
00001708,100,2022-01-31,0
00001709,150,2024-05-10,0
00001710,200,2024-01-31,0
00001711,50,2023-11-08,250
00001712,50,2023-06-30,0
00001713,50,2025-01-17,0
00001714,100,2023-05-28,0
00001715,50,2022-09-07,0
00001716,100,2024-02-28,0
00001717,200,2023-05-22,0
00001718,50,2023-02-12,0
00001719,50,2024-12-03,0
00001720,100,2024-08-26,0
00001721,150,2023-10-24,0
00001722,50,2025-01-30,0
00001723,150,2024-09-12,0
00001724,100,2024-01-09,0
00001725,100,2022-08-20,0
00001726,200,2023-10-27,2000
00001727,500,2022-09-03,0
00001728,100,2022-01-19,0
00001729,500,2025-11-15,0
00001730,500,2022-11-14,0
00001731,50,2023-05-25,0
00001732,50,2025-11-05,0
00001733,50,2022-05-03,0
00001734,100,2025-12-07,0
00001735,50,2022-09-15,0
00001736,150,2025-02-17,0
00001737,150,2024-06-17,0
00001738,50,2025-11-12,0
00001739,100,2023-05-29,0
00001740,200,2025-12-18,0
00001741,150,2025-01-16,0
00001742,100,2025-03-06,0
00001743,150,2023-10-25,0
00001744,150,2025-05-11,0
00001745,500,2022-11-25,2500
00001746,200,2023-08-29,0
00001747,500,2024-01-22,0
00001748,500,2024-02-16,0
00001749,50,2025-06-23,0
00001750,500,2023-05-05,0
00001751,50,2025-09-10,0
00001752,200,2023-01-24,0
00001753,200,2025-02-03,0
00001754,150,2023-10-23,0
00001755,150,2022-08-15,150
00001756,50,2022-09-23,0
00001757,50,2023-02-18,0
00001758,100,2022-07-22,10000
00001759,200,2024-12-12,0
00001760,500,2023-06-09,2500
00001761,500,2022-05-26,2500
00001762,200,2022-06-13,0
00001763,50,2024-01-10,0
00001764,200,2024-01-26,0
00001765,50,2025-06-17,0
00001766,50,2022-05-25,0
00001767,50,2023-03-19,0
00001768,50,2022-07-27,0
00001769,500,2024-02-29,0
00001770,500,2025-09-07,0
00001771,100,2025-02-17,0
00001772,200,2022-08-05,0
00001773,500,2024-01-04,0
00001774,200,2022-08-02,0
00001775,100,2025-01-31,0
00001776,150,2025-09-08,0
00001777,500,2024-06-26,0
00001778,150,2025-01-31,0
00001779,150,2024-02-01,0
00001780,200,2023-10-25,0
00001781,500,2025-01-22,0
00001782,500,2023-06-05,0
00001783,200,2024-07-05,0
00001784,50,2022-03-12,0
00001785,500,2022-02-03,0
00001786,150,2022-01-14,0
00001787,100,2023-03-16,0
00001788,50,2025-11-13,0
00001789,500,2024-11-13,0
00001790,500,2022-11-13,50000
00001791,150,2022-11-16,0
00001792,150,2025-04-07,0
00001793,150,2023-09-08,15000
00001794,500,2023-03-22,0
00001795,150,2024-09-15,0
00001796,500,2022-07-15,0
00001797,150,2022-03-18,0
00001798,500,2024-02-21,500
00001799,150,2023-12-14,0
00001800,200,2024-05-03,0
00001801,50,2023-04-10,0
00001802,500,2022-01-24,0
00001803,200,2022-04-21,0
00001804,50,2023-10-16,0
00001805,100,2023-11-01,0
00001806,100,2022-11-10,10000
00001807,200,2025-05-03,0
00001808,50,2023-03-31,0
00001809,200,2022-10-31,0
00001810,50,2024-09-01,0
00001811,50,2025-01-27,0
00001812,50,2024-03-27,0
00001813,100,2022-10-04,0
00001814,100,2024-09-26,0
00001815,500,2023-02-06,0
00001816,500,2023-05-20,0
00001817,150,2024-05-30,0
00001818,500,2022-07-03,0
00001819,200,2024-05-17,0
00001820,100,2023-10-19,0
00001821,50,2023-09-17,0
00001822,150,2025-06-16,0
00001823,200,2025-06-30,0
00001824,50,2023-04-24,0
00001825,150,2022-11-16,0
00001826,50,2022-08-19,0
00001827,100,2025-06-25,0
00001828,150,2022-01-29,0
00001829,50,2023-09-17,0
00001830,50,2023-11-11,0
00001831,500,2023-03-10,0
00001832,500,2023-06-14,0
00001833,500,2022-10-17,0
00001834,50,2024-02-11,0
00001835,500,2022-03-31,0
00001836,50,2023-08-05,0
00001837,500,2023-07-10,500
00001838,50,2024-03-06,0
00001839,150,2022-08-09,15000
00001840,100,2024-02-19,0
00001841,50,2023-10-09,0
00001842,500,2024-12-24,2500
00001843,500,2024-07-26,0
00001844,50,2022-03-23,0
00001845,500,2023-09-17,0
00001846,200,2022-11-18,2000
00001847,150,2025-07-04,0
00001848,500,2023-07-19,0
00001849,150,2024-03-03,0
00001850,50,2025-02-10,0
00001851,100,2022-11-07,0
00001852,200,2025-09-07,0
00001853,200,2024-12-02,0
00001854,500,2025-07-05,0
00001855,200,2023-05-08,0
00001856,200,2023-10-02,0
00001857,150,2024-07-08,0
00001858,100,2025-08-29,0
00001859,500,2025-11-01,0
00001860,100,2023-09-25,0
00001861,500,2022-10-04,0
00001862,100,2025-09-05,0
00001863,100,2023-10-13,100000
00001864,50,2023-01-13,0
00001865,100,2022-03-02,0
00001866,200,2024-04-22,0
00001867,150,2022-11-08,0
00001868,50,2022-09-27,0
00001869,500,2025-06-17,0
00001870,500,2025-06-08,0
00001871,100,2023-04-18,0
00001872,150,2022-06-12,0
00001873,200,2022-10-02,0
00001874,500,2024-08-18,0
00001875,150,2023-01-12,0
00001876,200,2024-08-28,0
00001877,100,2023-04-09,100
00001878,150,2024-04-25,0
00001879,100,2023-02-23,10000
00001880,500,2024-09-30,0
00001881,200,2023-05-21,0
00001882,50,2025-05-30,0
00001883,200,2023-10-03,0
00001884,500,2025-05-01,0
00001885,50,2024-12-02,0
00001886,200,2022-03-28,0
00001887,100,2024-11-28,0
00001888,50,2025-02-16,0
00001889,50,2023-01-24,0
00001890,200,2023-09-16,0
00001891,150,2024-08-02,0
00001892,150,2025-06-09,0
00001893,500,2022-10-19,0
00001894,200,2022-07-05,0
00001895,50,2023-01-04,0
00001896,500,2022-10-05,0
00001897,150,2024-07-12,15000
00001898,500,2025-12-30,0
00001899,200,2022-07-04,0
00001900,100,2022-09-11,10000
00001901,150,2022-06-24,0
00001902,200,2024-11-13,0
00001903,100,2024-02-15,0
00001904,50,2022-12-16,0
00001905,500,2025-09-12,0
00001906,100,2022-10-24,0
00001907,50,2024-05-09,0
00001908,200,2023-08-15,0
00001909,50,2022-09-27,0
00001910,50,2025-06-29,0
00001911,50,2024-07-28,0
00001912,200,2025-01-18,0
00001913,500,2024-10-07,0
00001914,500,2025-09-12,0
00001915,200,2024-06-23,100000
00001916,50,2023-05-17,0
00001917,150,2025-06-23,0
00001918,100,2022-04-11,0
00001919,50,2025-08-30,0
00001920,100,2022-03-08,0
00001921,500,2023-09-04,0
00001922,50,2022-04-11,0
00001923,100,2022-11-27,0
00001924,500,2025-09-15,0
00001925,500,2025-03-18,0
00001926,100,2024-07-21,0
00001927,150,2022-03-15,1500
00001928,150,2024-01-25,0
00001929,50,2024-05-25,0
00001930,50,2023-08-23,0
00001931,50,2025-11-23,0
00001932,150,2024-12-15,0
00001933,100,2025-11-26,0
00001934,50,2022-08-12,0
00001935,500,2022-06-29,0
00001936,500,2025-12-18,0
00001937,500,2023-10-11,0
00001938,500,2025-06-30,0
00001939,100,2025-06-12,0
00001940,500,2025-07-18,0
00001941,100,2025-06-02,0
00001942,150,2023-02-01,150
00001943,200,2025-07-04,0
00001944,100,2025-06-14,0
00001945,200,2022-04-04,0
00001946,500,2025-07-29,0
00001947,100,2025-11-14,0
00001948,50,2023-09-23,0
00001949,500,2023-10-26,0
00001950,50,2025-11-05,0
00001951,200,2025-03-11,0
00001952,50,2022-12-26,0
00001953,150,2025-10-09,0
00001954,200,2022-03-14,0
00001955,200,2022-11-15,0
00001956,500,2023-11-18,0
00001957,200,2022-04-25,0
00001958,150,2025-03-03,0
00001959,150,2025-02-11,0
00001960,100,2025-03-28,0
00001961,150,2022-05-16,0
00001962,150,2022-03-05,0
00001963,200,2025-07-07,0
00001964,100,2025-03-15,0
00001965,100,2025-05-03,0
00001966,150,2025-12-15,0
00001967,50,2023-07-11,0
00001968,200,2023-05-02,0
00001969,150,2023-03-19,0
00001970,100,2022-08-18,0
00001971,50,2023-02-18,0
00001972,200,2024-11-02,20000
00001973,500,2022-11-12,0
00001974,200,2024-12-08,0
00001975,150,2022-10-21,0
00001976,50,2024-11-23,0
00001977,100,2023-02-25,0
00001978,200,2024-03-04,0
00001979,500,2022-08-26,500
00001980,500,2022-06-28,0
00001981,50,2022-07-31,0
00001982,150,2022-02-16,0
00001983,150,2025-08-01,0
00001984,150,2023-02-15,0
00001985,150,2024-12-26,0
00001986,200,2025-10-06,0
00001987,100,2022-11-19,0
00001988,50,2025-06-29,0
00001989,50,2023-02-28,0
00001990,500,2023-10-15,0
00001991,150,2025-03-21,0
00001992,50,2023-09-30,0
00001993,150,2025-01-12,0
00001994,100,2022-03-01,0
00001995,50,2022-08-05,0
00001996,50,2024-05-23,0
00001997,500,2025-04-28,0
00001998,200,2025-06-16,0
00001999,150,2023-02-10,0
00002000,500,2022-06-10,0
00002001,200,2025-03-08,0
00002002,200,2022-07-19,0
00002003,200,2024-08-21,0
00002004,100,2022-10-22,0
00002005,500,2023-06-13,0
00002006,200,2023-01-11,0
00002007,150,2023-10-28,0
00002008,50,2022-05-14,0
00002009,150,2024-09-07,0
00002010,100,2023-08-02,0
00002011,500,2025-03-22,0
00002012,50,2024-04-10,0
00002013,50,2023-10-30,0
00002014,50,2023-09-11,0
00002015,200,2025-04-24,0
00002016,500,2023-05-15,0
00002017,200,2024-02-26,1000
00002018,500,2024-06-01,0
00002019,200,2025-03-07,0
00002020,500,2025-11-22,0
00002021,50,2025-12-28,0
00002022,200,2022-08-23,0
00002023,200,2023-10-29,0
00002024,200,2022-12-27,0
00002025,200,2022-05-23,0
00002026,500,2024-02-16,0
00002027,50,2022-07-05,0
00002028,100,2025-04-04,0
00002029,50,2022-10-28,0
00002030,200,2024-12-24,0
00002031,500,2025-03-29,0
00002032,100,2025-10-27,0
00002033,150,2025-03-13,0
00002034,150,2024-06-09,0
00002035,150,2022-07-02,0
00002036,500,2024-11-11,0
00002037,100,2023-08-26,100000
00002038,50,2022-01-02,0
00002039,150,2022-08-13,0
00002040,50,2023-04-27,0
00002041,500,2024-03-18,0
00002042,200,2024-04-11,0
00002043,500,2023-03-09,0
00002044,200,2022-10-12,0
00002045,200,2024-01-08,0
00002046,100,2023-08-14,0
00002047,100,2022-10-03,100
00002048,100,2024-09-23,0
00002049,100,2022-06-23,0
00002050,200,2024-07-22,0
00002051,500,2024-05-21,0
00002052,200,2024-11-09,0
00002053,200,2024-02-27,0
00002054,100,2024-05-19,0
00002055,500,2024-10-17,0
00002056,100,2025-12-29,0
00002057,200,2025-01-23,0
00002058,50,2022-03-19,0
00002059,150,2022-08-20,0
00002060,50,2022-10-18,0
00002061,500,2023-07-27,0
00002062,50,2024-12-07,0
00002063,50,2023-05-18,0
00002064,50,2025-11-01,0
00002065,500,2023-10-02,0
00002066,150,2024-12-31,0
00002067,200,2024-07-18,0
00002068,200,2025-03-21,0
00002069,200,2023-12-24,0
00002070,150,2023-08-16,0
00002071,500,2023-09-15,0
00002072,500,2023-06-18,50000
00002073,500,2022-12-13,0
00002074,150,2025-07-02,15000
00002075,50,2022-09-17,0
00002076,150,2023-06-01,0
00002077,150,2023-07-18,0
00002078,50,2022-08-17,0
00002079,500,2022-11-06,0
00002080,150,2022-12-26,0
00002081,100,2024-09-20,0
00002082,500,2022-03-09,0
00002083,50,2022-10-25,0
00002084,100,2024-10-12,0
00002085,200,2024-02-24,0
00002086,200,2025-07-29,0
00002087,500,2023-12-08,5000
00002088,50,2022-04-18,0
00002089,200,2024-09-02,0
00002090,500,2023-04-24,0
00002091,200,2024-08-29,0
00002092,500,2024-06-09,50000
00002093,200,2025-10-21,0
00002094,500,2025-10-30,0
00002095,50,2024-12-24,0
00002096,200,2025-06-04,0
00002097,150,2023-11-18,0
00002098,50,2023-06-07,0
00002099,200,2024-08-02,0
00002100,100,2025-10-08,0
00002101,100,2024-11-30,0
00002102,100,2023-10-04,0
00002103,50,2022-05-20,50
00002104,500,2022-08-01,0
00002105,150,2023-03-26,0
00002106,150,2023-01-31,100000
00002107,50,2022-04-27,0
00002108,100,2025-05-12,0
00002109,50,2022-06-26,0
00002110,100,2024-02-09,0
00002111,500,2023-01-14,0
00002112,100,2023-06-03,0
00002113,50,2025-08-01,0
00002114,150,2024-05-24,0
00002115,150,2023-06-12,0
00002116,50,2023-07-22,0
00002117,200,2024-03-06,0
00002118,50,2023-06-13,0
00002119,150,2022-12-31,0
00002120,200,2023-02-15,0
00002121,100,2025-08-14,0
00002122,100,2025-01-12,0
00002123,100,2025-06-11,0
00002124,200,2023-06-15,0
00002125,50,2022-05-25,0
00002126,150,2024-07-02,15000
00002127,100,2025-08-30,0
00002128,50,2025-09-23,0
00002129,100,2025-12-04,0
00002130,200,2025-03-22,20000
00002131,200,2024-06-12,0
00002132,50,2025-01-11,0
00002133,200,2025-11-12,0
00002134,200,2022-09-06,0
00002135,150,2023-11-14,0
00002136,200,2022-04-24,0
00002137,50,2024-01-19,0
00002138,150,2022-06-14,0
00002139,150,2025-08-19,0
00002140,500,2022-03-22,0
00002141,100,2023-09-05,0
00002142,50,2025-07-15,0
00002143,200,2022-06-23,0
00002144,200,2023-01-24,0
00002145,100,2022-02-21,0
00002146,500,2023-05-04,0
00002147,50,2025-01-12,0
00002148,200,2024-12-29,0
00002149,200,2022-02-03,200
00002150,150,2022-03-29,0
00002151,100,2025-09-01,0
00002152,200,2025-10-20,0
00002153,500,2022-11-02,0
00002154,100,2022-05-28,500
00002155,200,2025-09-01,100000
00002156,50,2023-05-13,0
00002157,100,2022-01-30,0
00002158,50,2023-09-22,0
00002159,50,2024-07-23,0
00002160,500,2022-05-11,0
00002161,50,2022-08-22,0
00002162,500,2023-03-28,2500
00002163,200,2023-11-22,0
00002164,200,2023-10-27,0
00002165,500,2025-01-22,0
00002166,100,2022-04-04,0
00002167,150,2022-05-10,0
00002168,100,2024-04-30,0
00002169,150,2025-02-07,0
00002170,100,2025-04-06,100
00002171,500,2024-02-10,0
00002172,50,2024-09-24,50
00002173,100,2022-07-02,0
00002174,500,2023-08-05,0
00002175,200,2025-11-18,0
00002176,100,2025-08-03,0
00002177,200,2024-04-23,0
00002178,100,2025-06-04,0
00002179,500,2023-01-04,0
00002180,500,2022-06-30,0
00002181,150,2023-12-14,0
00002182,500,2023-04-28,0
00002183,500,2022-07-15,0
00002184,500,2024-11-05,0
00002185,100,2023-07-21,100
00002186,100,2025-11-04,0
00002187,200,2024-10-15,0
00002188,50,2022-04-21,0
00002189,150,2023-03-06,0
00002190,150,2025-06-17,0
00002191,200,2022-03-30,0
00002192,50,2025-01-05,0
00002193,50,2024-09-20,0
00002194,50,2023-04-27,0
00002195,500,2025-04-02,0
00002196,100,2025-10-18,0
00002197,100,2022-08-14,0
00002198,50,2023-05-01,0
00002199,100,2024-02-09,0
00002200,50,2024-08-22,0
00002201,50,2024-06-11,0
00002202,500,2024-07-20,0
00002203,150,2022-10-07,0
00002204,100,2025-07-18,0
00002205,150,2023-02-19,0
00002206,50,2025-11-18,0
00002207,150,2022-10-07,0
00002208,200,2024-07-28,0
00002209,150,2023-03-27,0
00002210,500,2022-11-18,0
00002211,500,2022-12-15,0
00002212,500,2023-04-16,100000
00002213,200,2023-03-20,0
00002214,200,2023-07-26,20000
00002215,100,2023-05-23,0
00002216,500,2023-04-01,0
00002217,500,2022-11-02,0
00002218,50,2024-05-05,0
00002219,50,2024-08-21,0
00002220,500,2022-03-10,0
00002221,200,2024-09-08,0
00002222,50,2024-07-15,0
00002223,50,2025-02-17,0
00002224,200,2023-03-23,0
00002225,150,2023-05-05,0
00002226,50,2022-02-02,0
00002227,150,2022-11-28,0
00002228,500,2025-04-10,50000
00002229,200,2022-10-11,0
00002230,200,2023-01-14,0
00002231,150,2025-07-07,0
00002232,50,2025-07-08,500
00002233,500,2022-03-08,0
00002234,150,2025-11-30,0
00002235,500,2025-03-24,0
00002236,50,2025-06-24,0
00002237,50,2024-11-20,0
00002238,150,2022-04-16,0
00002239,150,2024-08-11,0
00002240,150,2024-01-21,0
00002241,500,2025-12-14,2500
00002242,100,2023-11-17,0
00002243,50,2025-08-22,0
00002244,500,2025-12-10,0
00002245,100,2023-10-19,0
00002246,150,2024-10-28,0
00002247,150,2022-04-22,1500
00002248,200,2024-09-22,0
00002249,50,2024-08-20,0
00002250,500,2023-08-22,0
00002251,150,2025-10-10,0
00002252,50,2023-01-21,0
00002253,200,2022-06-28,1000
00002254,150,2022-06-07,0
00002255,150,2022-08-18,0
00002256,200,2022-11-05,0
00002257,500,2025-07-08,50000
00002258,500,2022-09-28,0
00002259,200,2024-06-28,0
00002260,50,2023-08-21,0
00002261,50,2023-04-21,0
00002262,500,2025-08-13,0
00002263,500,2023-12-04,0
00002264,150,2024-09-22,0
00002265,500,2025-01-28,0
00002266,150,2025-03-07,0
00002267,150,2022-12-18,0
00002268,100,2024-09-18,0
00002269,150,2022-04-07,0
00002270,150,2024-07-22,0
00002271,500,2022-11-26,0
00002272,150,2023-01-09,0
00002273,100,2022-11-27,0
00002274,50,2023-10-11,0
00002275,200,2023-06-18,0
00002276,100,2025-02-25,0
00002277,150,2023-12-06,0
00002278,200,2025-01-10,0
00002279,500,2023-09-10,0
00002280,50,2024-04-08,0
00002281,100,2024-07-27,0
00002282,100,2022-01-09,0
00002283,500,2024-11-05,0
00002284,150,2024-08-28,0
00002285,500,2025-09-27,0
00002286,500,2024-06-24,0
00002287,50,2024-09-07,0
00002288,100,2025-10-20,0
00002289,150,2022-02-20,0
00002290,100,2024-07-02,0
00002291,150,2022-04-23,0
00002292,100,2025-04-09,0
00002293,150,2023-02-05,100000
00002294,200,2025-10-18,0
00002295,50,2024-11-14,0
00002296,200,2023-10-13,0
00002297,500,2022-04-25,0
00002298,150,2024-03-25,0
00002299,200,2024-01-28,0
00002300,50,2023-08-06,0
00002301,150,2024-07-01,0
00002302,50,2023-03-18,0
00002303,200,2024-05-01,0
00002304,150,2022-12-02,0
00002305,200,2024-04-28,0
00002306,500,2025-05-09,2500
00002307,150,2024-08-30,0
00002308,500,2023-11-18,100000
00002309,200,2022-07-01,2000
00002310,200,2022-12-25,0
00002311,500,2022-10-08,0
00002312,200,2023-08-16,0
00002313,50,2023-09-11,0
00002314,150,2024-10-08,0
00002315,200,2023-04-05,200
00002316,100,2023-06-22,0
00002317,200,2022-09-12,0
00002318,150,2024-05-04,0
00002319,100,2022-02-28,0
00002320,150,2024-10-06,0
00002321,50,2025-05-11,0
00002322,500,2024-09-11,0
00002323,150,2025-07-10,0
00002324,50,2024-02-04,0
00002325,500,2022-02-05,0
00002326,100,2025-04-06,1000
00002327,200,2025-11-20,0
00002328,100,2022-04-19,0
00002329,200,2025-07-27,0
00002330,150,2022-04-10,0
00002331,500,2025-08-01,0
00002332,500,2023-02-01,0
00002333,100,2022-07-13,0
00002334,100,2025-01-18,0
00002335,150,2025-11-03,0
00002336,150,2025-11-04,0
00002337,150,2022-07-16,0
00002338,150,2022-10-22,100000
00002339,150,2024-02-03,0
00002340,200,2023-11-28,0
00002341,100,2022-07-29,0
00002342,500,2023-03-29,0
00002343,500,2025-06-10,0
00002344,500,2024-12-25,0
00002345,50,2024-05-04,0
00002346,50,2022-08-27,0
00002347,50,2024-09-09,0
00002348,150,2022-10-12,0
00002349,500,2024-12-07,0
00002350,150,2022-12-19,0
00002351,50,2022-08-31,0
00002352,100,2025-11-10,0
00002353,100,2023-03-06,0
00002354,50,2024-05-20,0
00002355,50,2022-06-09,5000
00002356,200,2022-03-29,0
00002357,50,2025-09-13,0
00002358,50,2024-08-18,0
00002359,150,2022-03-30,150
00002360,50,2022-09-11,0
00002361,100,2025-04-18,0
00002362,100,2025-10-05,0
00002363,50,2022-10-26,0
00002364,150,2025-04-02,0
00002365,100,2024-10-22,0
00002366,500,2023-05-11,0
00002367,50,2022-07-22,0
00002368,50,2024-12-19,0
00002369,100,2023-08-01,0
00002370,500,2022-01-09,0
00002371,50,2023-03-15,0
00002372,200,2024-01-21,0
00002373,100,2024-06-19,0
00002374,50,2023-01-06,0
00002375,200,2024-05-18,0
00002376,100,2024-04-14,0
00002377,150,2022-09-11,0
00002378,500,2022-10-06,0
00002379,150,2025-12-14,0
00002380,50,2022-06-18,0
00002381,50,2024-02-28,0
00002382,500,2023-10-01,0
00002383,200,2023-04-08,0
00002384,150,2024-05-26,0
00002385,50,2024-09-01,0
00002386,150,2023-01-03,15000
00002387,50,2024-03-22,0
00002388,50,2022-09-02,0
00002389,200,2025-11-24,0
00002390,50,2022-12-12,250
00002391,150,2023-02-15,0
00002392,200,2022-09-09,0
00002393,200,2024-10-19,0
00002394,500,2025-04-30,0
00002395,200,2023-12-31,0
00002396,500,2024-04-08,0
00002397,500,2023-07-26,0
00002398,200,2022-08-10,0
00002399,200,2024-10-15,0
00002400,100,2022-03-02,100
00002401,50,2024-10-17,0
00002402,100,2024-02-23,0
00002403,150,2022-11-09,0
00002404,500,2022-07-17,0
00002405,500,2024-10-05,0
00002406,100,2023-08-25,0
00002407,200,2024-10-30,0
00002408,150,2025-01-12,0
00002409,50,2024-05-31,0
00002410,50,2024-02-25,0
00002411,200,2024-06-25,0
00002412,50,2022-12-29,0
00002413,150,2025-12-17,0
00002414,200,2022-10-03,0
00002415,200,2024-09-25,0
00002416,500,2025-10-14,0
00002417,500,2025-11-04,0
00002418,200,2024-09-01,0
00002419,100,2024-11-03,1000
00002420,200,2025-04-25,0
00002421,500,2025-10-17,0
00002422,150,2023-10-19,100000
00002423,50,2022-09-20,0
00002424,150,2025-04-10,1500
00002425,200,2022-07-19,0
00002426,150,2024-04-23,0
00002427,100,2023-05-23,0
00002428,150,2025-04-28,150
00002429,150,2022-08-23,0
00002430,50,2025-01-07,0
00002431,200,2025-09-09,0
00002432,500,2024-11-20,0
00002433,150,2022-02-11,0
00002434,500,2022-02-15,0
00002435,200,2025-03-14,0
00002436,500,2022-07-20,0
00002437,50,2025-11-15,0
00002438,150,2024-10-14,0
00002439,150,2022-12-08,0
00002440,150,2024-06-11,0
00002441,50,2025-01-02,0
00002442,150,2022-04-08,0
00002443,500,2024-04-03,0
00002444,500,2022-07-08,0
00002445,500,2022-07-14,0
00002446,150,2022-05-18,0
00002447,500,2024-08-31,0
00002448,150,2022-06-07,0
00002449,150,2024-10-30,0
00002450,200,2025-09-20,0
00002451,100,2024-04-28,0
00002452,500,2024-11-21,0
00002453,500,2023-01-05,0
00002454,500,2023-01-18,0
00002455,100,2025-09-15,0
00002456,200,2023-07-03,0
00002457,500,2025-06-12,0
00002458,200,2025-03-05,0
00002459,50,2024-12-05,0
00002460,200,2022-10-30,0
00002461,150,2024-06-10,0
00002462,50,2025-07-22,0
00002463,200,2023-07-01,0
00002464,100,2023-06-10,0
00002465,100,2024-04-11,0
00002466,100,2023-01-29,1000
00002467,200,2024-09-21,0
00002468,200,2024-05-14,0
00002469,50,2023-02-18,0
00002470,100,2022-03-01,0
00002471,150,2025-09-10,0
00002472,50,2024-09-22,0
00002473,50,2022-06-21,0
00002474,150,2022-05-11,0
00002475,200,2024-01-15,0
00002476,50,2024-03-23,0
00002477,100,2023-04-29,0
00002478,500,2022-09-05,0
00002479,500,2024-12-11,0
00002480,50,2023-05-03,0
00002481,150,2023-11-06,0
00002482,200,2023-04-29,0
00002483,100,2022-10-23,0
00002484,100,2023-07-17,0
00002485,150,2025-04-22,100000
00002486,150,2025-12-03,0
00002487,150,2025-01-22,0
00002488,100,2023-07-23,0
00002489,100,2024-01-14,0
00002490,150,2023-09-24,100000
00002491,50,2025-09-18,0
00002492,50,2025-11-15,0
00002493,100,2023-06-03,0
00002494,150,2025-08-01,0
00002495,150,2025-11-04,0
00002496,100,2024-06-25,0
00002497,200,2023-06-08,0
00002498,100,2023-09-02,0
00002499,100,2024-06-17,0
00002500,200,2022-03-11,0
00002501,50,2024-10-03,0
00002502,200,2023-11-13,0
00002503,50,2022-11-25,0
00002504,500,2022-05-16,0
00002505,500,2025-01-26,0
00002506,200,2025-11-24,200
00002507,100,2025-07-14,0
00002508,100,2022-01-07,0
00002509,150,2023-10-05,0
00002510,50,2022-11-20,0
00002511,100,2025-05-01,0
00002512,150,2024-07-13,0
00002513,100,2023-06-18,0
00002514,500,2023-11-02,0
00002515,100,2022-06-22,0
00002516,100,2024-03-16,0
00002517,500,2023-04-05,500
00002518,500,2025-08-18,0
00002519,100,2022-07-02,0
00002520,100,2023-06-21,0
00002521,100,2022-04-12,0
00002522,200,2025-05-14,0
00002523,50,2024-01-24,0
00002524,500,2022-08-29,100000
00002525,200,2024-07-18,0
00002526,200,2022-08-31,0
00002527,100,2023-01-26,0
00002528,150,2023-08-13,0
00002529,200,2022-09-24,0
00002530,100,2025-05-13,0
00002531,150,2025-10-18,0
00002532,100,2024-04-16,0
00002533,50,2023-08-18,0
00002534,100,2025-06-19,0
00002535,100,2024-01-28,0
00002536,200,2022-06-25,1000
00002537,150,2025-11-20,0
00002538,100,2025-12-31,0
00002539,200,2025-05-08,0
00002540,50,2025-02-14,500
00002541,100,2024-08-22,0
00002542,500,2025-10-05,0
00002543,500,2025-12-24,0
00002544,50,2022-01-11,0
00002545,500,2024-02-20,0
00002546,200,2025-10-06,0
00002547,500,2022-03-26,0
00002548,150,2022-12-14,0
00002549,150,2024-08-16,0
00002550,150,2025-12-25,0
00002551,100,2023-06-18,0
00002552,50,2022-09-19,0
00002553,150,2024-01-09,0
00002554,150,2023-06-24,0
00002555,150,2024-11-24,0
00002556,100,2023-10-09,0
00002557,200,2022-11-06,0
00002558,200,2022-04-19,0
00002559,50,2023-04-16,0
00002560,200,2023-06-17,0
00002561,200,2024-06-12,0
00002562,200,2022-03-25,0
00002563,500,2024-09-20,0
00002564,50,2022-10-31,0
00002565,50,2023-02-22,0
00002566,100,2022-12-11,0
00002567,150,2025-02-27,0
00002568,500,2023-03-11,0
00002569,50,2024-12-13,0
00002570,100,2024-05-02,0
00002571,100,2024-10-17,0
00002572,150,2022-02-23,0
00002573,50,2024-03-18,0
00002574,50,2023-10-25,0
00002575,50,2024-07-31,0
00002576,200,2024-07-18,0
00002577,150,2025-05-01,0
00002578,150,2022-03-31,0
00002579,200,2023-10-28,0
00002580,500,2022-09-22,0
00002581,50,2025-08-11,0
00002582,50,2022-05-25,0
00002583,500,2024-02-21,5000
00002584,100,2023-05-07,0
00002585,200,2022-07-02,1000
00002586,100,2024-03-06,0
00002587,150,2025-08-18,0
00002588,100,2022-09-04,0
00002589,200,2023-09-28,0
00002590,500,2022-09-26,0
00002591,50,2024-01-23,0
00002592,200,2024-07-01,0
00002593,200,2023-07-04,0
00002594,200,2022-07-04,0
00002595,150,2025-06-11,0
00002596,200,2022-07-10,2000
00002597,200,2025-10-17,0
00002598,100,2024-10-11,0
00002599,500,2022-06-21,0
00002600,200,2022-06-12,0
00002601,200,2023-09-08,0
00002602,100,2025-11-02,0
00002603,100,2024-12-07,0
00002604,500,2022-04-08,0
00002605,50,2024-11-17,0
00002606,200,2024-04-25,100000
00002607,150,2023-12-29,0
00002608,50,2024-10-28,5000
00002609,100,2023-01-09,0
00002610,50,2022-06-20,0
00002611,150,2023-10-05,0
00002612,200,2025-10-04,0
00002613,150,2023-12-01,0
00002614,100,2023-03-09,0
00002615,500,2023-06-16,0
00002616,50,2024-06-07,0
00002617,50,2024-03-19,0
00002618,100,2025-09-05,0
00002619,200,2025-09-09,0
00002620,500,2024-09-23,0
00002621,500,2024-01-09,0
00002622,200,2023-09-12,1000
00002623,50,2023-01-26,0
00002624,50,2025-11-26,0
00002625,50,2023-03-05,0
00002626,100,2025-08-23,0
00002627,500,2023-01-26,50000
00002628,100,2024-08-28,0
00002629,50,2022-12-07,0
00002630,200,2024-09-20,0
00002631,200,2025-04-13,0
00002632,150,2025-03-12,0
00002633,200,2022-04-15,0
00002634,50,2025-07-15,0
00002635,200,2024-05-01,0
00002636,500,2025-05-05,0
00002637,150,2022-03-17,0
00002638,200,2024-11-17,0
00002639,500,2025-10-21,0
00002640,200,2023-04-20,0
00002641,500,2022-02-08,0
00002642,150,2025-02-07,15000
00002643,200,2022-08-28,0
00002644,150,2024-07-07,0
00002645,50,2022-11-27,0
00002646,100,2024-08-19,0
00002647,100,2024-11-05,0
00002648,150,2025-05-18,0
00002649,200,2022-09-26,0
00002650,200,2024-05-03,0
00002651,150,2024-08-25,0
00002652,100,2025-06-27,0
00002653,50,2025-09-28,0
00002654,100,2023-02-13,0
00002655,200,2022-07-26,0
00002656,200,2023-09-14,0
00002657,500,2022-04-07,0
00002658,150,2023-06-19,0
00002659,100,2022-12-24,0
00002660,500,2022-03-07,0
00002661,150,2024-05-31,0
00002662,100,2022-09-05,0
00002663,200,2023-06-13,0
00002664,150,2022-04-06,0
00002665,500,2023-07-02,0
00002666,500,2025-05-22,0
00002667,50,2024-06-15,0
00002668,50,2022-08-05,0
00002669,500,2022-07-28,0
00002670,50,2024-11-04,0
00002671,50,2023-02-25,0
00002672,100,2023-08-22,0
00002673,500,2024-10-17,0
00002674,50,2022-11-12,0
00002675,150,2022-10-10,0
00002676,100,2024-06-18,0
00002677,50,2023-05-18,0
00002678,200,2023-12-01,0
00002679,100,2022-06-24,0
00002680,200,2024-01-09,0
00002681,100,2022-11-07,0
00002682,500,2024-05-13,0
00002683,100,2024-05-28,0
00002684,200,2024-07-28,0
00002685,500,2025-10-29,0
00002686,50,2024-06-25,0
00002687,50,2024-11-25,0
00002688,50,2023-11-24,0
00002689,100,2024-06-07,100
00002690,100,2025-03-22,100000
00002691,150,2024-05-08,0
00002692,500,2023-09-16,0
00002693,150,2023-12-06,1500
00002694,500,2025-06-04,0
00002695,200,2024-07-02,0
00002696,500,2025-07-02,0
00002697,200,2025-11-29,0
00002698,200,2023-02-09,0
00002699,50,2022-03-17,0
00002700,200,2022-09-16,0
00002701,500,2023-08-05,0
00002702,500,2025-02-04,0
00002703,150,2025-07-25,0
00002704,50,2025-01-10,0
00002705,100,2023-09-15,0
00002706,500,2022-08-15,0
00002707,150,2023-06-16,0
00002708,150,2022-09-11,150
00002709,200,2023-09-03,0
00002710,50,2024-07-17,0
00002711,100,2025-04-06,0
00002712,500,2025-05-04,0
00002713,150,2023-08-06,0
00002714,500,2025-10-09,0
00002715,200,2024-11-30,0
00002716,50,2023-11-03,0
00002717,100,2024-01-10,0
00002718,100,2025-12-28,0
00002719,200,2022-06-17,20000
00002720,100,2024-09-02,0
00002721,50,2024-01-27,0
00002722,200,2025-04-19,0
00002723,200,2023-06-25,0
00002724,200,2024-06-20,0
00002725,200,2024-05-03,0
00002726,100,2024-11-01,0
00002727,200,2022-09-22,0
00002728,500,2024-12-19,0
00002729,100,2024-07-21,0
00002730,100,2025-02-18,0
00002731,50,2025-05-17,0
00002732,50,2022-09-05,0
00002733,150,2022-03-24,0
00002734,50,2024-01-31,0
00002735,150,2023-09-14,0
00002736,50,2022-10-20,0
00002737,500,2024-05-13,5000
00002738,150,2023-03-18,0
00002739,200,2022-01-05,0
00002740,150,2022-05-19,0
00002741,200,2024-09-12,0
00002742,500,2024-07-15,0
00002743,200,2024-08-31,0
00002744,500,2022-09-29,0
00002745,500,2025-07-27,0
00002746,200,2025-09-28,0
00002747,150,2022-07-02,0
00002748,500,2024-04-18,0
00002749,200,2023-11-26,0
00002750,200,2023-07-23,0
00002751,100,2025-12-19,1000
00002752,500,2025-08-14,0
00002753,500,2022-06-24,0
00002754,500,2025-01-14,0
00002755,50,2025-03-13,0
00002756,200,2024-10-26,0
00002757,50,2025-09-10,0
00002758,100,2022-02-08,0
00002759,100,2023-05-18,0
00002760,500,2024-06-28,100000
00002761,500,2023-10-19,0
00002762,50,2024-10-03,0
00002763,50,2023-11-28,0
00002764,200,2022-02-19,0
00002765,150,2024-02-22,0
00002766,50,2022-07-23,0
00002767,150,2022-10-22,0
00002768,50,2022-11-12,0
00002769,200,2025-10-21,0
00002770,500,2023-10-29,0
00002771,50,2023-09-03,0
00002772,150,2022-10-19,0
00002773,150,2023-06-13,0
00002774,50,2022-04-17,0
00002775,500,2025-04-15,0
00002776,500,2024-10-30,0
00002777,50,2023-07-06,5000
00002778,500,2024-04-13,500
00002779,200,2025-07-21,0
00002780,50,2023-07-06,0
00002781,500,2025-10-14,0
00002782,500,2025-08-27,0
00002783,150,2025-03-09,0
00002784,50,2025-07-26,0
00002785,100,2024-02-04,0
00002786,100,2023-05-18,0
00002787,200,2025-02-10,0
00002788,50,2024-08-09,0
00002789,500,2023-08-16,0
00002790,100,2022-01-02,10000
00002791,150,2025-05-09,0
00002792,200,2023-12-21,0
00002793,100,2025-04-13,0
00002794,150,2022-04-04,0
00002795,500,2025-02-27,500
00002796,200,2025-12-01,0
00002797,100,2025-02-13,0
00002798,200,2023-03-08,0
00002799,150,2025-10-28,0
00002800,150,2025-12-20,0
00002801,100,2025-09-18,0
00002802,150,2023-03-08,0
00002803,500,2023-11-04,2500
00002804,50,2025-05-31,0
00002805,50,2025-10-09,0
00002806,500,2025-11-27,0
00002807,200,2025-01-07,200
00002808,500,2022-03-05,0
00002809,200,2025-10-08,0
00002810,200,2025-05-16,0
00002811,100,2025-11-28,0
00002812,50,2024-08-05,0
00002813,100,2024-06-29,100
00002814,150,2025-10-25,0
00002815,150,2023-01-28,100000
00002816,150,2023-03-29,0
00002817,200,2024-01-14,20000
00002818,500,2023-03-05,50000
00002819,50,2023-07-23,0
00002820,200,2022-12-16,0
00002821,500,2025-10-08,0
00002822,500,2022-12-26,2500
00002823,50,2022-09-18,0
00002824,500,2023-04-12,0
00002825,150,2023-01-28,0
00002826,50,2025-11-20,0
00002827,500,2023-06-02,0
00002828,200,2022-01-05,0
00002829,50,2023-10-24,0
00002830,200,2023-07-16,0
00002831,500,2024-08-13,0
00002832,500,2022-03-31,0
00002833,100,2022-04-07,0
00002834,200,2024-12-26,0
00002835,50,2024-03-13,0
00002836,50,2025-03-17,0
00002837,100,2025-11-13,0
00002838,50,2023-05-27,0
00002839,150,2023-09-29,150
00002840,50,2024-09-09,0
00002841,50,2025-04-28,0
00002842,150,2023-05-28,0
00002843,200,2023-05-04,0
00002844,50,2023-11-15,0
00002845,100,2022-05-30,0
00002846,500,2024-06-17,0
00002847,200,2025-03-31,0
00002848,50,2022-03-10,0
00002849,50,2022-09-19,5000
00002850,50,2023-09-10,0
00002851,200,2022-05-15,0
00002852,50,2025-02-19,5000
00002853,200,2022-07-16,0
00002854,200,2023-04-23,0
00002855,500,2022-01-22,0
00002856,200,2024-05-26,0
00002857,500,2022-07-27,0
00002858,50,2024-07-18,0
00002859,500,2023-01-30,0
00002860,50,2025-05-03,0
00002861,500,2023-02-01,0
00002862,100,2025-07-29,0
00002863,150,2024-05-12,0
00002864,500,2024-06-29,0
00002865,100,2022-04-01,1000
00002866,500,2024-06-11,0
00002867,150,2023-09-30,0
00002868,500,2022-10-26,0
00002869,150,2025-05-20,0
00002870,150,2022-01-17,0
00002871,100,2022-04-28,0
00002872,500,2022-04-22,0
00002873,100,2023-02-15,0
00002874,100,2022-05-21,0
00002875,200,2025-11-23,0
00002876,200,2025-05-13,0
00002877,500,2025-03-05,0
00002878,500,2023-09-06,0
00002879,100,2022-08-03,0
00002880,50,2024-10-12,0
00002881,50,2025-08-01,0
00002882,100,2024-08-13,0
00002883,100,2024-09-11,0
00002884,150,2024-02-09,0
00002885,100,2022-01-14,0
00002886,50,2024-01-03,50
00002887,100,2023-08-19,0
00002888,500,2024-01-08,500
00002889,100,2023-02-10,0
00002890,100,2023-06-21,0
00002891,150,2025-02-09,0
00002892,100,2022-02-14,0
00002893,150,2022-07-27,750
00002894,200,2025-09-03,0
00002895,50,2023-11-25,0
00002896,150,2024-07-23,0
00002897,150,2025-09-15,0
00002898,500,2025-06-30,0
00002899,50,2022-08-31,0
00002900,100,2023-01-24,0
00002901,200,2025-11-23,0
00002902,500,2024-05-29,0
00002903,100,2022-04-05,0
00002904,500,2023-01-23,0
00002905,150,2022-11-01,0
00002906,50,2025-07-13,0
00002907,100,2024-11-06,0
00002908,200,2023-03-05,0
00002909,200,2025-09-20,0
00002910,100,2024-11-07,0
00002911,500,2024-02-06,0
00002912,200,2023-01-02,0
00002913,150,2024-12-12,0
00002914,200,2024-08-28,0
00002915,200,2025-07-30,0
00002916,500,2025-08-23,2500
00002917,100,2024-07-14,0
00002918,200,2023-03-24,0
00002919,200,2025-03-16,0
00002920,150,2023-06-06,0
00002921,100,2022-06-22,0
00002922,500,2023-12-22,0
00002923,50,2024-08-10,0
00002924,150,2024-05-22,0
00002925,200,2024-04-17,0
00002926,200,2023-10-12,0
00002927,50,2023-01-03,0
00002928,150,2025-08-14,150
00002929,150,2024-10-24,0
00002930,50,2023-07-21,0
00002931,50,2022-08-31,50
00002932,500,2023-02-15,0
00002933,150,2023-05-28,0
00002934,150,2023-01-26,0
00002935,100,2025-01-17,0
00002936,50,2023-09-06,0
00002937,150,2024-04-07,0
00002938,500,2025-09-04,100000
00002939,100,2024-03-25,0
00002940,100,2024-08-29,0
00002941,500,2025-02-05,0
00002942,200,2023-11-29,0
00002943,150,2023-01-20,0
00002944,200,2023-03-06,0
00002945,500,2022-03-03,0
00002946,500,2022-09-20,0
00002947,50,2024-10-20,0
00002948,150,2023-11-27,0
00002949,200,2025-11-05,0
00002950,500,2023-09-06,0
00002951,50,2025-03-08,0
00002952,100,2022-11-11,0
00002953,150,2025-03-09,0
00002954,500,2025-05-29,0
00002955,200,2024-02-20,0
00002956,200,2022-05-11,0
00002957,100,2024-08-30,0
00002958,500,2024-07-13,0
00002959,150,2022-07-10,0
00002960,500,2022-12-30,100000
00002961,200,2022-02-24,0
00002962,50,2024-03-01,0
00002963,100,2023-08-20,0
00002964,50,2024-07-20,100000
00002965,50,2022-12-18,0
00002966,200,2024-03-11,0
00002967,50,2022-09-22,0
00002968,200,2022-05-21,0
00002969,100,2022-09-24,0
00002970,150,2024-06-04,0
00002971,200,2022-11-22,0
00002972,150,2025-04-18,0
00002973,200,2023-07-19,0
00002974,100,2024-07-01,10000
00002975,500,2023-05-21,0
00002976,500,2024-10-02,0
00002977,500,2022-03-22,0
00002978,150,2025-08-16,0
00002979,200,2023-12-12,0
00002980,150,2024-03-11,0
00002981,100,2024-04-30,0
00002982,500,2024-06-03,0
00002983,100,2025-12-01,0
00002984,200,2025-12-01,0
00002985,100,2022-11-20,0
00002986,500,2023-08-21,0
00002987,50,2025-11-30,0
00002988,100,2024-10-07,0
00002989,500,2022-09-06,0
00002990,50,2022-08-04,0
00002991,150,2024-04-19,0
00002992,150,2023-03-01,0
00002993,200,2022-02-24,20000
00002994,200,2023-12-05,0
00002995,100,2024-03-23,1000
00002996,50,2025-12-23,0
00002997,150,2025-10-04,0
00002998,200,2024-08-02,100000
00002999,100,2024-06-15,0
00003000,150,2022-11-27,0
00003001,50,2025-05-28,0
00003002,150,2022-09-12,0
00003003,200,2022-12-11,200
00003004,150,2022-11-11,0
00003005,100,2023-03-20,0
00003006,500,2023-03-19,0
00003007,50,2025-07-24,0
00003008,50,2024-03-10,0
00003009,200,2022-04-18,0
00003010,50,2024-02-12,0
00003011,100,2024-02-07,0
00003012,100,2022-07-07,100
00003013,50,2023-11-22,0
00003014,50,2023-03-28,0
00003015,50,2025-09-22,0
00003016,100,2022-04-01,0
00003017,50,2023-11-01,0
00003018,100,2025-07-03,0
00003019,500,2024-03-20,0
00003020,50,2023-04-21,0
00003021,150,2023-10-25,0
00003022,200,2025-09-01,0
00003023,200,2023-03-12,0
00003024,50,2025-09-09,0
00003025,500,2024-01-26,2500
00003026,200,2023-09-10,0
00003027,200,2022-07-28,0
00003028,500,2022-12-18,0
00003029,50,2025-05-13,0
00003030,200,2025-10-20,0
00003031,100,2023-11-12,0
00003032,150,2025-09-26,0
00003033,150,2022-02-06,0
00003034,500,2024-07-08,0
00003035,100,2024-10-28,0
00003036,50,2023-04-22,50
00003037,150,2023-04-30,0
00003038,100,2025-06-23,500
00003039,150,2024-10-18,0
00003040,100,2024-02-09,0
00003041,50,2023-05-03,0
00003042,500,2024-06-27,0
00003043,150,2022-10-02,0
00003044,50,2024-12-02,0
00003045,200,2025-08-20,0
00003046,50,2023-04-15,0
00003047,150,2023-12-03,0
00003048,500,2022-04-21,0
00003049,100,2025-11-08,0
00003050,100,2025-05-30,0
00003051,500,2023-10-21,0
00003052,50,2022-05-13,0
00003053,50,2023-01-30,250
00003054,100,2022-09-15,100000
00003055,500,2023-02-23,0
00003056,50,2024-05-22,0
00003057,150,2022-12-03,0
00003058,100,2024-05-18,0
00003059,100,2023-09-13,0
00003060,200,2025-07-25,0
00003061,200,2022-06-13,0
00003062,150,2024-03-26,0
00003063,200,2024-06-22,0
00003064,500,2024-06-06,0
00003065,200,2022-02-10,0
00003066,200,2022-06-20,0
00003067,150,2025-05-03,0
00003068,500,2022-12-26,0
00003069,200,2023-09-19,0
00003070,200,2025-02-25,0
00003071,50,2023-11-14,0
00003072,200,2023-02-05,0
00003073,100,2022-01-09,100000
00003074,150,2024-10-03,0
00003075,200,2024-03-19,0
00003076,150,2024-02-26,0
00003077,500,2022-05-26,0
00003078,50,2022-09-12,0
00003079,500,2022-11-29,0
00003080,200,2023-06-07,0
00003081,150,2024-11-09,0
00003082,150,2025-11-27,15000
00003083,200,2023-05-21,0
00003084,50,2024-01-11,0
00003085,50,2025-11-29,0
00003086,100,2023-06-20,0
00003087,100,2023-06-05,0
00003088,500,2025-09-19,0
00003089,50,2022-08-28,0
00003090,200,2024-03-25,0
00003091,50,2024-11-27,0
00003092,200,2022-12-06,0
00003093,150,2025-11-17,0
00003094,500,2025-09-10,0
00003095,500,2023-09-23,0
00003096,50,2022-08-12,0
00003097,150,2022-10-20,0
00003098,100,2024-03-26,0
00003099,50,2022-12-11,0
00003100,50,2022-07-18,5000
00003101,500,2024-05-03,0
00003102,200,2022-12-16,0
00003103,100,2025-12-12,0
00003104,200,2023-01-08,0
00003105,50,2024-07-11,0
00003106,100,2023-01-16,0
00003107,100,2023-01-28,0
00003108,200,2024-06-21,0
00003109,500,2022-08-12,0
00003110,100,2022-06-13,0
00003111,200,2022-09-13,0
00003112,150,2022-03-02,0
00003113,200,2024-09-20,0
00003114,50,2022-01-20,50
00003115,500,2022-03-27,100000
00003116,50,2024-02-09,0
00003117,150,2024-09-22,0
00003118,150,2025-05-22,0
00003119,150,2025-10-28,0
00003120,150,2023-05-06,0
00003121,200,2024-02-15,0
00003122,150,2023-11-08,0
00003123,50,2024-07-24,0
00003124,200,2022-10-12,200
00003125,500,2023-07-27,0
00003126,100,2024-01-25,0
00003127,200,2024-11-20,0
00003128,100,2022-01-07,0
00003129,150,2022-02-04,0
00003130,50,2023-10-29,0
00003131,100,2025-05-27,0
00003132,500,2022-06-16,0
00003133,200,2025-09-10,0
00003134,50,2024-02-28,0
00003135,100,2025-12-29,0
00003136,500,2025-03-17,0
00003137,500,2022-03-07,0
00003138,50,2023-09-10,0
00003139,500,2024-08-14,0
00003140,200,2022-08-25,0
00003141,500,2023-05-09,0
00003142,100,2025-09-13,0
00003143,50,2024-06-09,0
00003144,50,2022-11-25,0
00003145,150,2024-02-25,0
00003146,100,2023-06-12,0
00003147,50,2025-09-24,0
00003148,500,2025-07-21,0
00003149,50,2025-11-17,0
00003150,100,2025-03-25,0
00003151,500,2022-05-13,0
00003152,200,2024-02-21,0
00003153,500,2024-06-13,0
00003154,100,2023-06-15,0
00003155,50,2022-08-17,100000
00003156,100,2022-08-26,0
00003157,100,2023-10-04,0
00003158,500,2022-01-04,0
00003159,500,2025-01-01,0
00003160,200,2024-05-17,0
00003161,150,2025-10-23,0
00003162,100,2024-11-30,0
00003163,500,2023-03-31,0
00003164,50,2025-01-07,0
00003165,150,2022-10-24,0
00003166,150,2023-03-25,0
00003167,200,2022-10-29,0
00003168,100,2025-09-24,0
00003169,50,2025-05-11,0
00003170,500,2025-11-11,0
00003171,500,2024-09-06,0
00003172,100,2024-10-10,0
00003173,200,2022-05-01,0
00003174,150,2022-11-09,0
00003175,100,2023-04-06,0
00003176,50,2023-01-02,0
00003177,200,2023-09-05,0
00003178,100,2022-02-14,0
00003179,150,2024-05-15,0
00003180,150,2024-03-12,0
00003181,500,2023-08-03,0
00003182,100,2025-12-06,0
00003183,200,2022-07-19,0
00003184,500,2022-04-21,0
00003185,150,2024-07-26,0
00003186,500,2022-10-09,0
00003187,200,2023-08-20,0
00003188,100,2023-03-23,0
00003189,100,2025-08-26,100000
00003190,50,2025-10-21,0
00003191,100,2024-02-11,0
00003192,200,2025-10-23,0
00003193,50,2022-07-16,0
00003194,200,2023-01-03,0
00003195,50,2024-11-21,0
00003196,500,2024-06-07,0
00003197,200,2023-05-17,1000
00003198,200,2024-09-27,0
00003199,500,2022-12-20,0
00003200,200,2025-11-17,0
00003201,50,2024-08-07,0
00003202,200,2023-07-18,0
00003203,200,2024-01-23,200
00003204,50,2022-09-07,0
00003205,500,2023-04-06,100000
00003206,500,2024-09-09,0
00003207,50,2025-04-29,0
00003208,200,2025-08-13,0
00003209,150,2025-03-16,0
00003210,150,2022-05-11,0
00003211,500,2023-01-14,0
00003212,50,2024-03-17,0
00003213,500,2024-12-21,0
00003214,500,2025-04-12,0
00003215,50,2023-03-01,0
00003216,50,2023-01-06,0
00003217,100,2022-01-11,0
00003218,150,2022-09-09,100000
00003219,100,2025-08-29,0
00003220,500,2023-06-10,0
00003221,50,2022-06-23,0
00003222,500,2023-09-04,0
00003223,500,2022-12-18,0
00003224,50,2023-05-24,0
00003225,500,2023-08-24,0
00003226,200,2022-10-14,0
00003227,150,2024-12-06,0
00003228,150,2025-05-26,0
00003229,100,2025-11-09,100
00003230,100,2022-03-17,0
00003231,150,2023-03-17,0
00003232,500,2025-02-04,0
00003233,150,2023-07-23,0
00003234,500,2024-05-14,5000
00003235,150,2024-02-21,0
00003236,100,2024-03-30,0
00003237,150,2025-10-17,0
00003238,100,2025-01-02,0
00003239,150,2025-07-20,0
00003240,100,2024-02-02,0
00003241,500,2025-05-23,0
00003242,100,2023-10-10,0
00003243,200,2024-02-16,100000
00003244,100,2022-06-08,0
00003245,500,2022-08-14,0
00003246,200,2022-05-16,0
00003247,50,2024-01-14,0
00003248,150,2022-10-27,0
00003249,100,2023-07-15,10000
00003250,100,2024-02-15,0
00003251,50,2022-12-26,0
00003252,150,2025-04-20,0
00003253,200,2022-07-15,0
00003254,500,2023-08-01,0
00003255,500,2022-07-22,0
00003256,100,2023-10-14,0
00003257,200,2023-01-06,0
00003258,500,2025-02-03,0
00003259,200,2024-09-03,0
00003260,150,2022-01-20,0
00003261,100,2025-09-08,0
00003262,200,2025-03-08,0
00003263,50,2025-08-02,0
00003264,100,2025-10-20,0
00003265,200,2023-01-10,0
00003266,150,2024-08-17,0
00003267,150,2024-05-26,0
00003268,100,2023-09-18,0
00003269,50,2023-09-18,0
00003270,150,2022-07-04,0
00003271,50,2023-05-07,0
00003272,100,2025-03-24,1000
00003273,500,2024-10-06,0
00003274,50,2024-05-18,0
00003275,100,2024-09-09,0
00003276,500,2025-11-30,0
00003277,50,2025-06-16,0
00003278,50,2024-05-20,0
00003279,150,2023-05-16,0
00003280,500,2025-11-01,0
00003281,500,2024-07-07,0
00003282,500,2023-04-06,0
00003283,150,2022-10-01,0
00003284,50,2024-05-15,0
00003285,100,2024-02-04,0
00003286,150,2025-10-22,0
00003287,500,2022-08-30,0
00003288,200,2023-08-25,0
00003289,50,2025-07-16,0
00003290,100,2023-09-17,0
00003291,500,2022-03-14,0
00003292,500,2024-09-26,500
00003293,500,2024-07-31,0
00003294,150,2022-08-08,750
00003295,200,2023-12-28,20000
00003296,200,2023-02-09,100000
00003297,100,2024-04-21,0
00003298,200,2022-01-15,0
00003299,150,2023-04-09,0
00003300,150,2023-09-05,0
00003301,100,2025-01-03,0
00003302,50,2024-06-17,0
00003303,200,2022-11-28,0
00003304,200,2022-01-12,0
00003305,100,2022-08-15,0
00003306,50,2022-10-01,0
00003307,150,2022-03-06,0
00003308,100,2024-09-08,0
00003309,150,2022-09-01,0
00003310,500,2024-10-11,0
00003311,100,2023-10-28,0
00003312,200,2024-10-24,0
00003313,200,2022-09-27,0
00003314,50,2022-02-13,0
00003315,150,2024-10-21,750
00003316,50,2025-10-21,0
00003317,200,2025-05-07,0
00003318,200,2024-09-10,0
00003319,200,2022-06-19,0
00003320,100,2025-06-18,0
00003321,500,2023-01-18,0
00003322,50,2023-06-24,0
00003323,100,2025-09-26,0
00003324,100,2024-08-28,0
00003325,50,2025-12-06,0
00003326,500,2023-01-07,0
00003327,500,2025-07-12,0
00003328,100,2022-09-04,0
00003329,50,2023-07-15,0
00003330,100,2024-05-23,500
00003331,50,2022-04-15,0
00003332,500,2023-09-20,0
00003333,100,2023-03-31,0
00003334,200,2022-05-06,0
00003335,50,2023-09-16,0
00003336,150,2023-07-29,0
00003337,200,2023-05-21,0
00003338,50,2023-01-08,50
00003339,150,2023-03-11,0
00003340,150,2025-05-27,0
00003341,100,2023-06-01,0
00003342,150,2023-11-16,0
00003343,50,2025-10-02,100000
00003344,100,2023-11-10,0
00003345,150,2025-04-21,0
00003346,150,2023-05-03,0
00003347,100,2025-04-11,0
00003348,50,2022-09-25,0
00003349,500,2022-09-04,2500
00003350,100,2025-12-14,0
00003351,50,2022-06-03,0
00003352,500,2023-12-04,0
00003353,200,2023-02-18,0
00003354,100,2022-03-31,0
00003355,200,2025-02-01,0
00003356,500,2023-12-13,0
00003357,200,2025-07-13,0
00003358,200,2022-05-19,0
00003359,500,2024-10-28,0
00003360,100,2025-05-12,0
00003361,100,2023-08-17,100000
00003362,50,2025-11-21,0
00003363,200,2024-10-10,0
00003364,500,2022-06-03,0
00003365,500,2024-02-26,0
00003366,200,2024-03-31,0
00003367,100,2023-01-12,100000
00003368,100,2025-04-27,0
00003369,500,2024-07-21,0
00003370,500,2023-06-15,0
00003371,100,2023-08-30,0
00003372,500,2022-09-01,0
00003373,50,2024-12-28,0
00003374,50,2025-08-02,0
00003375,150,2022-09-30,0
00003376,50,2025-08-08,0
00003377,100,2024-12-30,0
00003378,150,2025-07-19,0
00003379,150,2023-10-27,100000
00003380,150,2022-10-01,0
00003381,500,2023-08-27,0
00003382,50,2025-07-05,0
00003383,150,2023-03-26,0
00003384,150,2022-12-28,0
00003385,50,2025-01-05,0
00003386,500,2022-08-06,0
00003387,200,2025-09-01,0
00003388,500,2025-02-02,0
00003389,200,2023-03-28,0
00003390,100,2025-04-06,0
00003391,200,2022-11-15,0
00003392,200,2024-01-25,0
00003393,200,2022-07-11,0
00003394,200,2023-01-14,0
00003395,100,2023-01-22,0
00003396,100,2025-08-19,0
00003397,150,2022-11-30,0
00003398,200,2025-11-08,0
00003399,50,2022-10-21,250
00003400,200,2025-08-14,0
00003401,50,2024-12-14,0
00003402,50,2025-05-20,5000
00003403,50,2022-08-14,0
00003404,50,2022-09-28,0
00003405,50,2023-07-03,0
00003406,500,2022-01-28,0
00003407,50,2022-08-06,0
00003408,150,2025-12-19,750
00003409,200,2025-02-26,0
00003410,100,2023-09-22,0
00003411,100,2023-05-15,1000
00003412,500,2022-09-10,500
00003413,50,2025-01-20,0
00003414,500,2024-04-30,0
00003415,100,2022-02-19,0
00003416,200,2022-10-29,0
00003417,150,2023-04-08,0
00003418,200,2025-11-07,0
00003419,50,2024-10-04,0
00003420,50,2023-04-05,0
00003421,150,2024-01-02,1500
00003422,50,2024-01-09,0
00003423,50,2022-03-30,0
00003424,100,2024-05-27,0
00003425,500,2023-01-07,0
00003426,100,2025-09-28,0
00003427,500,2023-08-11,0
00003428,50,2023-07-10,0
00003429,150,2023-06-28,0
00003430,50,2022-01-05,0
00003431,100,2025-09-05,0
00003432,100,2024-03-10,0
00003433,200,2022-05-18,0
00003434,200,2023-07-25,0
00003435,150,2022-09-19,0
00003436,200,2023-12-24,0
00003437,200,2024-09-12,0
00003438,200,2025-05-17,0
00003439,150,2022-10-11,0
00003440,100,2024-02-24,0
00003441,200,2025-01-08,0
00003442,500,2025-01-03,0
00003443,200,2022-06-21,0
00003444,200,2024-12-15,0
00003445,100,2025-12-10,1000
00003446,50,2023-02-21,0
00003447,50,2024-01-13,0
00003448,100,2022-08-14,1000
00003449,150,2022-10-13,0
00003450,100,2025-02-03,0
00003451,200,2023-05-12,0
00003452,100,2022-04-25,0
00003453,50,2025-11-25,0
00003454,200,2022-02-23,0
00003455,200,2024-02-01,200
00003456,500,2022-06-01,0
00003457,500,2022-11-20,5000
00003458,100,2022-06-11,0
00003459,50,2025-03-11,0
00003460,200,2022-11-03,0
00003461,200,2022-10-14,0
00003462,150,2024-08-20,0
00003463,150,2024-06-28,0
00003464,50,2023-08-11,0
00003465,50,2025-08-08,250
00003466,500,2022-11-25,50000
00003467,200,2025-02-08,0
00003468,150,2025-03-17,0
00003469,100,2024-05-17,0
00003470,150,2022-07-08,0
00003471,100,2023-03-10,0
00003472,50,2023-03-25,0
00003473,500,2025-05-24,0
00003474,200,2024-09-04,0
00003475,200,2024-02-19,0
00003476,150,2025-08-17,0
00003477,150,2022-08-11,0
00003478,150,2025-05-20,0
00003479,150,2022-02-27,0
00003480,100,2025-01-14,0
00003481,100,2025-05-07,1000
00003482,100,2025-02-03,0
00003483,50,2023-05-08,0
00003484,500,2025-03-02,50000
00003485,50,2022-04-09,0
00003486,150,2022-01-18,0
00003487,150,2024-03-26,0
00003488,150,2024-03-11,0
00003489,100,2025-12-10,0
00003490,150,2024-04-14,0
00003491,500,2022-07-26,0
00003492,100,2022-02-18,0
00003493,200,2024-09-03,0
00003494,50,2023-08-18,0
00003495,200,2022-06-11,0
00003496,50,2023-04-20,0
00003497,100,2022-11-26,0
00003498,500,2024-11-23,0
00003499,500,2025-08-27,0
00003500,150,2024-07-05,0
00003501,150,2023-08-19,0
00003502,200,2022-03-23,0
00003503,200,2023-05-05,0
00003504,500,2025-05-27,2500
00003505,500,2025-07-09,0
00003506,50,2022-01-31,0
00003507,150,2025-01-25,0
00003508,50,2024-10-18,500
00003509,100,2023-08-29,0
00003510,150,2025-03-26,0
00003511,50,2022-05-26,0
00003512,200,2023-06-13,0
00003513,150,2024-06-24,0
00003514,100,2022-09-11,0
00003515,200,2022-03-23,0
00003516,150,2024-04-01,0
00003517,500,2025-10-25,0
00003518,150,2024-11-15,0
00003519,150,2024-02-05,15000
00003520,500,2024-07-10,0
00003521,50,2025-06-25,0
00003522,50,2023-05-17,0
00003523,500,2022-01-17,0
00003524,50,2023-08-19,0
00003525,500,2024-03-28,0
00003526,100,2024-03-06,0
00003527,50,2023-12-16,0
00003528,500,2024-08-10,0
00003529,100,2022-08-10,0
00003530,200,2024-06-06,0
00003531,150,2022-05-13,0
00003532,500,2024-09-22,0
00003533,200,2022-08-23,0
00003534,50,2025-01-21,0
00003535,200,2022-10-26,0
00003536,150,2025-03-09,100000
00003537,200,2022-05-08,0
00003538,150,2024-05-30,0
00003539,100,2022-04-21,0
00003540,50,2025-11-01,0
00003541,150,2025-07-25,0
00003542,100,2022-05-22,0
00003543,50,2023-09-03,0
00003544,200,2024-05-09,0
00003545,150,2023-01-12,0
00003546,50,2024-05-27,0
00003547,150,2022-12-03,0
00003548,200,2024-09-13,0
00003549,100,2025-11-27,0
00003550,500,2024-03-07,0
00003551,500,2025-05-07,0
00003552,500,2025-06-16,0
00003553,150,2022-01-30,0
00003554,200,2022-10-30,0
00003555,150,2022-08-21,0
00003556,200,2023-06-23,0
00003557,50,2024-07-11,0
00003558,100,2025-07-23,0
00003559,500,2022-07-19,2500
00003560,200,2025-11-27,0
00003561,100,2025-05-15,0
00003562,150,2023-03-06,0
00003563,500,2022-01-30,0
00003564,150,2022-02-03,0
00003565,150,2024-10-25,0
00003566,50,2025-12-03,0
00003567,200,2024-04-27,0
00003568,150,2025-01-15,0
00003569,150,2022-08-21,0
00003570,200,2024-05-27,0
00003571,500,2025-05-03,0
00003572,200,2024-02-21,0
00003573,200,2025-07-22,0
00003574,500,2022-07-23,0
00003575,50,2022-07-03,0
00003576,500,2024-04-22,0
00003577,500,2025-01-20,50000
00003578,500,2025-04-05,0
00003579,150,2024-05-11,0
00003580,200,2025-02-03,0
00003581,100,2024-08-19,0
00003582,150,2024-08-08,0
00003583,200,2022-01-16,0
00003584,100,2024-11-05,0
00003585,150,2023-09-22,0
00003586,200,2025-10-10,0
00003587,200,2022-03-08,1000
00003588,150,2024-11-28,0
00003589,500,2023-10-13,0
00003590,500,2024-05-30,0
00003591,200,2023-01-30,0
00003592,200,2022-04-16,0
00003593,500,2024-05-28,0
00003594,200,2022-12-22,0
00003595,150,2024-11-25,0
00003596,100,2022-07-23,0
00003597,100,2024-10-29,0
00003598,500,2024-03-13,0
00003599,150,2025-02-06,0
00003600,150,2023-02-22,150
00003601,200,2022-01-24,0
00003602,500,2022-11-10,100000
00003603,50,2025-03-17,0
00003604,100,2024-07-18,0
00003605,150,2023-01-18,0
00003606,100,2023-09-01,0
00003607,100,2024-02-14,0
00003608,50,2023-07-18,250
00003609,50,2025-07-31,0
00003610,50,2022-08-16,0
00003611,500,2022-09-09,0
00003612,150,2023-06-21,0
00003613,50,2022-06-08,0
00003614,150,2023-03-02,0
00003615,200,2022-02-14,0
00003616,200,2025-07-05,20000
00003617,200,2023-10-05,0
00003618,200,2022-11-26,0
00003619,50,2023-01-01,0
00003620,500,2022-03-06,0
00003621,150,2023-12-12,0
00003622,500,2025-05-13,0
00003623,100,2024-12-04,0
00003624,50,2023-01-30,0
00003625,500,2022-02-17,0
00003626,100,2023-03-19,0
00003627,50,2023-03-21,250
00003628,100,2022-06-20,0
00003629,100,2023-07-03,0
00003630,100,2022-07-08,0
00003631,500,2025-08-28,0
00003632,200,2024-06-12,0
00003633,200,2023-01-31,0
00003634,100,2025-11-08,0
00003635,150,2024-03-15,0
00003636,500,2023-10-01,0
00003637,100,2024-09-26,0
00003638,200,2024-05-17,0
00003639,150,2023-10-15,0
00003640,500,2024-02-24,0
00003641,500,2023-12-24,0
00003642,50,2024-07-09,0
00003643,50,2024-11-13,0
00003644,200,2023-08-25,0
00003645,500,2023-12-23,0
00003646,50,2023-01-04,0
00003647,200,2023-01-16,0
00003648,50,2023-03-17,0
00003649,150,2022-10-25,0
00003650,50,2022-01-20,0
00003651,50,2023-11-05,0
00003652,500,2023-10-21,0
00003653,500,2022-05-16,0
00003654,500,2023-03-11,0
00003655,50,2025-02-22,0
00003656,500,2025-10-06,50000
00003657,200,2023-10-13,0
00003658,100,2023-02-08,10000
00003659,200,2022-04-06,0
00003660,200,2022-09-02,0
00003661,100,2025-05-16,0
00003662,200,2023-04-30,0
00003663,150,2022-02-06,0
00003664,500,2022-01-10,0
00003665,150,2022-09-26,0
00003666,200,2022-03-17,0
00003667,500,2022-03-22,0
00003668,50,2022-05-23,0
00003669,200,2023-09-09,0
00003670,150,2024-03-30,1500
00003671,200,2025-06-08,2000
00003672,200,2024-10-07,0
00003673,50,2024-02-05,0
00003674,50,2022-03-01,0
00003675,50,2022-10-12,0
00003676,150,2025-11-09,0
00003677,100,2022-12-15,1000
00003678,500,2022-01-11,0
00003679,50,2023-06-16,0
00003680,50,2022-08-15,500
00003681,50,2023-06-25,0
00003682,500,2024-02-17,0
00003683,100,2022-10-10,0
00003684,50,2022-09-16,0
00003685,100,2025-04-11,0
00003686,200,2025-07-28,0
00003687,50,2024-12-04,0
00003688,500,2024-09-05,0
00003689,150,2023-10-22,0
00003690,200,2023-04-08,2000
00003691,50,2023-12-24,0
00003692,100,2025-09-12,0
00003693,100,2025-11-24,10000
00003694,50,2023-03-12,250
00003695,200,2024-02-28,0
00003696,50,2023-11-29,0
00003697,500,2024-12-16,0
00003698,150,2023-10-01,0
00003699,100,2024-10-30,0
00003700,100,2023-03-25,0
00003701,200,2024-07-15,0
00003702,500,2023-02-20,0
00003703,100,2022-05-21,0
00003704,100,2025-11-06,0
00003705,500,2025-08-20,0
00003706,200,2022-08-08,0
00003707,100,2022-02-03,0
00003708,100,2023-07-01,100000
00003709,200,2023-12-22,0
00003710,500,2022-06-22,0
00003711,100,2022-11-05,0
00003712,200,2024-11-06,0
00003713,200,2023-07-13,0
00003714,50,2025-08-21,0
00003715,200,2023-02-02,0
00003716,200,2022-12-28,0
00003717,500,2025-05-29,0
00003718,200,2022-08-12,0
00003719,100,2022-08-16,0
00003720,50,2022-03-15,0
00003721,100,2022-05-15,0
00003722,150,2023-04-09,0
00003723,200,2024-03-13,0
00003724,100,2025-11-17,0
00003725,100,2022-12-17,0
00003726,150,2025-07-28,0
00003727,500,2023-08-13,0
00003728,50,2023-01-15,0
00003729,500,2024-09-03,0
00003730,100,2022-12-15,0
00003731,50,2022-12-08,0
00003732,200,2022-10-18,0
00003733,200,2024-05-26,0
00003734,100,2023-06-25,0
00003735,100,2025-10-23,0
00003736,50,2025-05-01,0
00003737,200,2025-04-09,1000
00003738,200,2022-08-13,200
00003739,500,2025-10-24,0
00003740,100,2024-12-11,0
00003741,100,2022-07-12,1000
00003742,200,2024-10-01,0
00003743,500,2023-06-12,0
00003744,150,2024-01-17,0
00003745,150,2023-09-09,0
00003746,500,2025-09-21,0
00003747,500,2024-09-18,0
00003748,500,2025-08-03,50000
00003749,100,2025-09-12,0
00003750,150,2024-10-16,100000
00003751,200,2024-01-07,0
00003752,50,2023-02-01,0
00003753,200,2025-08-01,0
00003754,150,2025-07-07,0
00003755,200,2024-12-15,0
00003756,150,2023-11-10,0
00003757,200,2023-07-20,0
00003758,50,2025-04-01,0
00003759,150,2025-06-08,0
00003760,200,2025-03-06,0
00003761,150,2023-08-14,0
00003762,50,2024-10-18,0
00003763,100,2024-08-13,0
00003764,500,2023-08-17,0
00003765,100,2023-09-14,0
00003766,50,2023-08-27,50
00003767,100,2023-08-03,0
00003768,50,2022-04-19,0
00003769,50,2024-05-31,0
00003770,50,2022-04-13,0
00003771,150,2023-08-04,0
00003772,500,2025-09-24,0
00003773,500,2022-11-14,0
00003774,150,2022-10-20,0
00003775,100,2024-06-03,0
00003776,50,2023-08-19,0
00003777,200,2023-12-28,0
00003778,200,2024-05-15,0
00003779,50,2023-06-20,0
00003780,500,2023-09-29,0
00003781,200,2025-10-22,0
00003782,500,2022-10-13,0
00003783,100,2023-05-28,0
00003784,500,2023-02-13,0
00003785,50,2023-09-01,0
00003786,200,2025-01-22,0
00003787,200,2022-07-16,0
00003788,200,2025-11-22,0
00003789,150,2024-08-17,0
00003790,200,2024-05-11,0
00003791,200,2022-02-26,0
00003792,50,2024-05-12,250
00003793,500,2023-09-12,0
00003794,500,2024-11-14,0
00003795,500,2025-01-17,0
00003796,150,2022-04-20,0
00003797,200,2022-09-15,0
00003798,50,2024-08-05,0
00003799,500,2024-07-31,0
00003800,50,2022-04-23,0
00003801,50,2023-11-14,0
00003802,150,2025-03-04,0
00003803,150,2022-05-05,0
00003804,500,2025-10-13,0
00003805,50,2025-12-07,0
00003806,100,2025-02-25,0
00003807,200,2022-10-07,0
00003808,100,2023-09-09,0
00003809,50,2024-09-20,0
00003810,100,2022-08-23,500
00003811,500,2022-09-05,0
00003812,100,2023-02-23,0
00003813,50,2024-11-01,0
00003814,50,2022-09-07,0
00003815,200,2023-01-12,0
00003816,500,2023-06-18,0
00003817,200,2025-09-09,0
00003818,200,2022-10-27,0
00003819,100,2022-10-18,0
00003820,100,2022-12-16,0
00003821,500,2023-02-15,0
00003822,150,2023-08-16,0
00003823,500,2024-10-06,0
00003824,150,2024-03-12,0
00003825,50,2024-08-08,0
00003826,200,2022-10-31,20000
00003827,50,2025-03-01,0
00003828,500,2023-09-13,100000
00003829,200,2022-03-29,0
00003830,150,2022-10-13,0
00003831,200,2023-07-22,1000
00003832,150,2024-10-22,0
00003833,500,2023-03-08,0
00003834,500,2024-03-10,0
00003835,100,2025-09-05,0
00003836,500,2023-11-26,0
00003837,100,2023-07-25,0
00003838,150,2024-03-17,15000
00003839,200,2024-08-24,0
00003840,100,2025-03-25,0
00003841,500,2025-09-11,0
00003842,100,2025-11-30,0
00003843,500,2023-12-14,0
00003844,200,2022-05-19,1000
00003845,100,2022-07-17,0
00003846,200,2025-10-23,0
00003847,100,2023-04-30,0
00003848,100,2024-02-26,0
00003849,200,2022-05-12,2000
00003850,50,2022-03-18,0
00003851,50,2024-06-23,0
00003852,500,2025-07-16,0
00003853,100,2023-10-20,0
00003854,200,2024-02-13,0
00003855,500,2025-02-13,0
00003856,150,2024-10-02,0
00003857,150,2023-04-07,0
00003858,100,2024-06-07,0
00003859,100,2022-06-26,0
00003860,50,2023-02-21,250
00003861,50,2024-01-07,0
00003862,500,2025-01-24,0
00003863,150,2023-01-15,0
00003864,500,2024-10-13,0
00003865,100,2025-03-14,0
00003866,500,2023-12-23,0
00003867,500,2022-10-10,0
00003868,200,2024-05-25,0
00003869,50,2025-03-11,100000
00003870,150,2022-07-26,0
00003871,100,2022-04-16,0
00003872,150,2022-02-16,0
00003873,150,2023-05-30,0
00003874,150,2022-05-20,0
00003875,100,2023-08-13,100000
00003876,100,2024-11-26,0
00003877,500,2023-10-02,0
00003878,50,2025-01-23,0
00003879,50,2025-04-08,0
00003880,150,2025-08-30,1500
00003881,200,2023-06-19,0
00003882,50,2022-10-13,0
00003883,150,2025-09-20,0
00003884,50,2023-04-28,0
00003885,500,2025-06-03,0
00003886,50,2023-12-10,0
00003887,200,2025-05-10,0
00003888,50,2025-02-03,0
00003889,100,2023-07-09,0
00003890,50,2022-03-14,0
00003891,100,2025-08-24,0
00003892,200,2023-09-14,0
00003893,100,2022-02-13,0
00003894,50,2023-02-06,0
00003895,200,2025-10-28,0
00003896,50,2025-02-05,0
00003897,200,2024-02-12,0
00003898,200,2025-12-07,0
00003899,100,2022-08-25,0
00003900,500,2024-01-24,0
00003901,150,2024-06-13,0
00003902,100,2023-04-21,100
00003903,100,2024-04-25,0
00003904,500,2025-03-09,500
00003905,100,2022-04-27,500
00003906,200,2023-01-05,0
00003907,150,2023-12-18,0
00003908,100,2023-08-22,0
00003909,200,2024-09-07,0
00003910,50,2022-06-06,0
00003911,500,2023-02-26,0
00003912,150,2023-03-28,0
00003913,150,2024-01-22,0
00003914,150,2025-08-31,0
00003915,150,2023-10-16,0
00003916,500,2022-08-02,50000
00003917,500,2024-09-22,0
00003918,100,2022-10-08,0
00003919,500,2023-04-18,0
00003920,500,2023-03-08,0
00003921,100,2022-03-15,0
00003922,200,2025-08-24,0
00003923,50,2022-02-13,0
00003924,50,2023-07-08,0
00003925,200,2023-09-08,0
00003926,50,2022-05-03,0
00003927,500,2024-02-26,0
00003928,200,2024-02-27,0
00003929,100,2023-02-26,0
00003930,200,2024-12-26,2000
00003931,50,2025-01-14,0
00003932,50,2025-05-31,0
00003933,150,2023-06-22,0
00003934,500,2023-03-20,0
00003935,150,2025-06-26,0
00003936,200,2022-04-27,0
00003937,500,2024-03-05,0
00003938,150,2024-12-31,0
00003939,500,2025-03-09,0
00003940,150,2022-11-29,0
00003941,200,2023-05-03,0
00003942,50,2023-07-29,0
00003943,150,2022-06-25,0
00003944,500,2023-08-29,0
00003945,200,2022-03-21,0
00003946,150,2023-07-05,0
00003947,500,2022-01-26,0
00003948,500,2025-09-15,0
00003949,150,2023-01-02,0
00003950,50,2024-06-19,50
00003951,150,2024-09-10,0
00003952,500,2023-03-23,0
00003953,500,2022-06-12,0
00003954,500,2025-02-03,0
00003955,50,2024-06-21,0
00003956,150,2023-06-16,0
00003957,100,2023-04-11,0
00003958,100,2025-06-19,0
00003959,100,2022-08-23,0
00003960,100,2025-11-02,0
00003961,200,2025-04-02,0
00003962,500,2023-04-12,5000
00003963,150,2022-02-03,0
00003964,150,2025-01-11,0
00003965,500,2023-04-26,0
00003966,50,2024-11-04,0
00003967,500,2022-06-08,0
00003968,150,2025-03-14,0
00003969,200,2022-05-27,0
00003970,150,2022-10-21,100000
00003971,150,2023-11-18,0
00003972,150,2024-08-21,0
00003973,150,2025-06-27,1500
00003974,50,2023-08-19,0
00003975,500,2022-02-22,0
00003976,100,2023-10-04,0
00003977,500,2025-04-05,0
00003978,100,2024-02-15,0
00003979,50,2025-09-07,0
00003980,200,2025-08-22,200
00003981,100,2025-03-03,0
00003982,500,2025-07-14,0
00003983,200,2025-01-08,0
00003984,500,2022-04-16,0
00003985,500,2024-12-01,0
00003986,150,2023-02-04,0
00003987,150,2023-05-15,0
00003988,150,2023-04-18,0
00003989,50,2025-11-20,0
00003990,200,2024-01-12,100000
00003991,500,2022-06-06,0
00003992,200,2025-05-24,0
00003993,200,2023-04-16,0
00003994,100,2025-01-06,0
00003995,200,2025-10-12,0
00003996,100,2025-05-25,0
00003997,150,2023-12-01,0
00003998,50,2024-04-16,0
00003999,100,2025-03-25,0
00004000,100,2023-01-04,0
00004001,50,2022-12-08,0
00004002,150,2025-02-09,0
00004003,200,2022-07-26,0
00004004,50,2024-06-02,250
00004005,50,2022-09-29,0
00004006,500,2024-03-05,0
00004007,150,2022-09-19,0
00004008,500,2023-05-10,0
00004009,50,2023-11-21,0
00004010,150,2025-04-26,0
00004011,50,2022-04-03,500
00004012,200,2024-04-17,0
00004013,200,2023-08-16,0
00004014,100,2023-01-11,0
00004015,500,2024-11-09,500
00004016,500,2025-04-29,0
00004017,200,2024-02-16,0
00004018,100,2024-11-07,0
00004019,150,2022-07-18,0
00004020,200,2023-11-30,100000
00004021,500,2025-04-02,0
00004022,200,2023-08-08,0
00004023,150,2023-01-01,0
00004024,50,2023-03-08,0
00004025,150,2025-03-23,0
00004026,150,2022-07-23,0
00004027,100,2022-08-31,0
00004028,200,2024-06-17,0
00004029,100,2023-08-14,0
00004030,150,2025-05-26,0
00004031,100,2025-09-26,0
00004032,50,2023-02-28,0
00004033,500,2022-12-12,500
00004034,500,2025-01-06,0
00004035,50,2024-09-27,0
00004036,50,2024-01-27,0
00004037,500,2024-05-23,0
00004038,500,2022-09-16,0
00004039,150,2022-08-13,0
00004040,50,2024-06-29,0
00004041,200,2023-06-23,1000
00004042,150,2025-10-01,0
00004043,150,2022-06-11,0
00004044,100,2022-06-02,0
00004045,500,2023-11-18,0
00004046,500,2025-10-08,0
00004047,150,2022-03-20,0
00004048,500,2023-10-13,0
00004049,500,2025-09-15,0
00004050,50,2025-07-23,0
00004051,100,2022-10-08,0
00004052,100,2025-10-11,0
00004053,200,2022-11-07,0
00004054,100,2024-10-14,0
00004055,100,2025-07-24,0
00004056,500,2023-03-15,500
00004057,200,2025-02-16,0
00004058,100,2022-03-21,0
00004059,150,2025-06-10,0
00004060,500,2023-04-26,0
00004061,200,2024-12-22,0
00004062,100,2023-09-07,0
00004063,150,2025-09-30,0
00004064,200,2025-05-09,0
00004065,200,2023-08-29,200
00004066,150,2024-05-09,0
00004067,150,2023-05-22,0
00004068,50,2022-12-27,0
00004069,150,2025-09-14,0
00004070,200,2025-12-14,0
00004071,200,2024-09-28,0
00004072,100,2022-03-01,0
00004073,500,2023-03-17,0
00004074,200,2022-05-05,0
00004075,150,2023-06-20,0
00004076,200,2024-03-12,0
00004077,200,2024-03-27,0
00004078,50,2023-07-04,0
00004079,100,2023-11-27,0
00004080,50,2023-09-24,0
00004081,100,2025-03-18,0
00004082,500,2023-02-27,0
00004083,50,2025-06-10,0
00004084,100,2025-05-23,0
00004085,50,2024-02-16,500
00004086,150,2025-02-06,150
00004087,500,2023-03-08,0
00004088,100,2022-11-18,0
00004089,200,2023-04-15,0
00004090,100,2024-02-05,0
00004091,100,2025-02-06,0
00004092,50,2022-03-15,0
00004093,500,2022-07-29,0
00004094,200,2022-03-28,0
00004095,150,2022-02-19,0
00004096,100,2022-03-11,0
00004097,50,2024-02-13,0
00004098,100,2023-07-07,0
00004099,50,2022-06-01,0
00004100,200,2022-02-11,100000
00004101,500,2022-11-07,100000
00004102,200,2023-02-02,0
00004103,150,2023-10-25,0
00004104,50,2023-09-11,0
00004105,100,2022-07-24,0
00004106,500,2024-08-23,0
00004107,200,2022-07-10,0
00004108,200,2025-02-22,0
00004109,150,2025-12-10,0
00004110,100,2024-02-23,10000
00004111,200,2024-02-03,0
00004112,50,2024-07-15,0
00004113,50,2024-03-24,0
00004114,200,2024-01-28,0
00004115,50,2025-08-09,0
00004116,100,2025-07-14,0
00004117,50,2025-02-22,0
00004118,200,2025-04-30,0
00004119,100,2024-04-05,0
00004120,200,2024-12-07,0
00004121,500,2023-04-22,50000
00004122,150,2024-04-23,0
00004123,150,2022-11-05,100000
00004124,500,2024-04-12,0
00004125,150,2025-11-14,0
00004126,500,2024-09-27,0
00004127,150,2025-08-28,0
00004128,200,2025-12-22,0
00004129,500,2022-06-16,0
00004130,200,2025-12-03,1000
00004131,50,2022-11-28,0
00004132,50,2022-12-07,0
00004133,50,2022-03-21,0
00004134,200,2022-12-16,0
00004135,500,2024-09-24,0
00004136,500,2024-05-06,0
00004137,150,2022-08-29,0
00004138,150,2025-10-17,0
00004139,150,2025-06-13,0
00004140,500,2025-08-24,0
00004141,150,2024-12-07,0
00004142,500,2024-01-31,0
00004143,150,2024-08-24,0
00004144,150,2022-10-05,0
00004145,200,2022-01-21,0
00004146,100,2022-11-04,0
00004147,50,2023-10-01,0
00004148,100,2025-11-22,10000
00004149,150,2022-07-13,15000
00004150,500,2022-11-17,100000
00004151,100,2023-12-08,0
00004152,100,2023-07-17,0
00004153,200,2025-04-11,0
00004154,150,2025-07-02,0
00004155,150,2025-02-23,0
00004156,100,2022-06-08,0
00004157,50,2023-03-20,0
00004158,150,2025-02-28,0
00004159,500,2025-04-17,0
00004160,200,2023-11-08,0
00004161,500,2025-05-23,0
00004162,500,2025-10-01,0
00004163,100,2022-12-11,500
00004164,100,2022-07-07,0
00004165,500,2022-10-28,0
00004166,200,2022-01-01,0
00004167,50,2022-10-08,0
00004168,200,2024-05-21,0
00004169,150,2023-09-12,0
00004170,50,2023-05-09,0
00004171,200,2024-02-29,0
00004172,150,2023-10-01,0
00004173,150,2024-12-22,100000
00004174,100,2022-12-07,0
00004175,150,2025-12-27,0
00004176,200,2025-02-21,0
00004177,150,2025-11-04,0
00004178,200,2025-08-28,0
00004179,50,2024-01-19,0
00004180,150,2024-05-18,0
00004181,500,2023-01-27,0
00004182,100,2022-01-22,0
00004183,150,2024-12-13,0
00004184,500,2023-09-28,0
00004185,150,2023-06-04,0
00004186,50,2025-05-27,0
00004187,150,2025-08-07,0
00004188,50,2025-11-25,0
00004189,150,2025-07-04,100000
00004190,50,2024-08-22,0
00004191,200,2024-10-01,0
00004192,500,2022-08-01,500
00004193,500,2025-12-31,0
00004194,100,2022-09-27,100
00004195,50,2024-06-27,0
00004196,50,2023-10-06,100000
00004197,150,2023-02-02,0
00004198,50,2023-11-13,0
00004199,150,2025-12-23,0
00004200,500,2024-01-21,0
00004201,200,2024-05-02,0
00004202,50,2022-05-14,0
00004203,500,2022-10-30,0
00004204,50,2022-12-20,0
00004205,150,2025-05-31,0
00004206,500,2024-04-18,0
00004207,50,2023-09-30,0
00004208,150,2022-08-30,0
00004209,500,2025-11-27,50000
00004210,50,2022-08-27,0
00004211,100,2022-06-26,0
00004212,500,2025-07-07,0
00004213,100,2022-01-22,0
00004214,150,2024-07-31,750
00004215,150,2025-10-26,0
00004216,100,2022-09-29,0
00004217,200,2025-12-16,0
00004218,150,2022-10-15,0
00004219,200,2023-04-08,0
00004220,150,2023-02-13,0
00004221,150,2023-06-16,0
00004222,150,2022-07-09,0
00004223,500,2024-01-15,0
00004224,500,2024-07-09,0
00004225,100,2022-03-17,0
00004226,500,2024-02-29,0
00004227,500,2023-03-08,0
00004228,200,2023-12-12,0
00004229,150,2023-03-01,0
00004230,500,2025-02-03,0
00004231,150,2022-07-05,0
00004232,100,2023-06-13,0
00004233,150,2022-03-06,0
00004234,500,2025-09-10,0
00004235,200,2022-10-14,0
00004236,150,2024-02-02,0
00004237,500,2022-03-11,0
00004238,50,2025-07-13,0
00004239,50,2022-11-22,0
00004240,150,2023-11-21,0
00004241,50,2023-01-19,0
00004242,150,2022-11-30,0
00004243,100,2022-02-14,0
00004244,500,2024-07-23,0
00004245,200,2024-03-28,0
00004246,100,2023-06-02,0
00004247,500,2023-11-23,0
00004248,200,2023-09-07,1000
00004249,500,2022-08-09,0
00004250,150,2025-03-28,0
00004251,50,2022-12-02,0
00004252,150,2025-05-07,0
00004253,500,2023-02-11,0
00004254,500,2022-10-13,0
00004255,150,2022-04-21,0
00004256,150,2022-10-17,0
00004257,200,2024-03-21,0
00004258,50,2025-09-10,0
00004259,100,2023-09-10,0
00004260,100,2023-04-29,0
00004261,200,2022-07-04,0
00004262,100,2025-11-03,0
00004263,150,2022-01-11,0
00004264,150,2022-07-24,0
00004265,200,2025-12-02,0
00004266,200,2025-09-30,0
00004267,200,2025-12-17,0
00004268,50,2024-03-04,0
00004269,100,2024-03-29,0
00004270,150,2025-10-13,0
00004271,200,2025-05-07,0
00004272,50,2023-12-12,0
00004273,500,2022-02-25,0
00004274,500,2022-12-31,0
00004275,150,2024-01-12,0
00004276,50,2025-06-04,0
00004277,200,2022-06-08,0
00004278,100,2024-10-20,0
00004279,100,2023-09-11,0
00004280,150,2024-02-26,0
00004281,200,2022-11-05,0
00004282,200,2025-10-14,0
00004283,50,2023-06-19,0
00004284,200,2023-01-03,0
00004285,500,2022-08-06,0
00004286,50,2023-12-11,0
00004287,50,2025-09-05,0
00004288,50,2022-11-26,0
00004289,500,2024-11-04,0
00004290,200,2022-01-24,0
00004291,200,2024-05-15,0
00004292,150,2024-05-20,0
00004293,50,2025-05-21,0
00004294,200,2024-10-25,0
00004295,200,2025-12-29,0
00004296,500,2024-01-18,0
00004297,100,2024-05-18,0
00004298,200,2025-10-13,200
00004299,150,2025-12-20,0
00004300,100,2024-11-20,0
00004301,200,2024-06-09,2000
00004302,50,2022-09-06,0
00004303,200,2024-01-22,100000
00004304,150,2023-06-01,0
00004305,150,2022-02-18,0
00004306,100,2023-08-24,0
00004307,50,2024-07-03,0
00004308,50,2025-05-05,0
00004309,50,2024-12-24,0
00004310,100,2022-12-25,100
00004311,100,2022-10-24,0
00004312,200,2023-07-17,0
00004313,200,2025-11-12,0
00004314,500,2025-03-11,0
00004315,50,2023-10-31,0
00004316,100,2025-06-01,0
00004317,50,2024-02-22,0
00004318,50,2023-11-23,0
00004319,150,2024-05-15,0
00004320,100,2023-06-11,0
00004321,50,2024-06-06,0
00004322,100,2025-03-15,0
00004323,150,2025-06-14,0
00004324,100,2025-11-22,0
00004325,150,2025-03-20,0
00004326,200,2023-07-17,0
00004327,100,2023-07-21,0
00004328,50,2025-05-23,0
00004329,100,2025-10-20,0
00004330,50,2024-04-13,0
00004331,200,2025-09-07,0
00004332,150,2024-08-05,0
00004333,150,2022-07-18,0
00004334,50,2025-12-23,0
00004335,50,2025-06-06,0
00004336,500,2024-08-01,0
00004337,500,2023-11-05,0
00004338,200,2025-02-16,2000
00004339,150,2023-12-11,0
00004340,100,2024-08-04,0
00004341,200,2023-03-08,0
00004342,100,2025-10-10,0
00004343,200,2022-03-08,0
00004344,500,2022-06-10,0
00004345,500,2023-12-09,100000
00004346,150,2023-09-15,0
00004347,150,2024-07-13,0
00004348,50,2022-11-16,0
00004349,100,2025-07-02,0
00004350,200,2024-04-30,0
00004351,50,2023-08-05,0
00004352,200,2023-04-26,0
00004353,500,2022-09-27,0
00004354,50,2022-07-18,0
00004355,100,2022-08-15,0
00004356,100,2022-11-22,0
00004357,200,2025-01-31,0
00004358,100,2024-05-06,0
00004359,150,2023-10-17,0
00004360,50,2025-09-22,0
00004361,150,2024-10-25,0
00004362,200,2023-04-07,0
00004363,200,2024-08-08,0
00004364,200,2022-11-18,0
00004365,100,2024-03-30,0
00004366,500,2023-11-16,0
00004367,100,2025-10-31,0
00004368,200,2025-04-03,0
00004369,200,2024-04-20,0
00004370,50,2025-06-21,0
00004371,500,2025-06-23,0
00004372,50,2025-05-12,0
00004373,200,2022-02-16,0
00004374,100,2022-12-07,0
00004375,200,2025-11-02,2000
00004376,50,2025-05-16,0
00004377,200,2025-02-04,0
00004378,100,2022-11-27,0
00004379,100,2022-12-25,0
00004380,100,2023-10-23,0
00004381,50,2022-03-05,0
00004382,200,2024-07-29,0
00004383,500,2024-06-27,0
00004384,100,2024-08-02,0
00004385,50,2025-05-22,0
00004386,100,2023-05-17,0
00004387,50,2022-01-15,0
00004388,200,2024-11-30,0
00004389,200,2022-05-25,0
00004390,150,2025-01-05,0
00004391,500,2025-08-18,0
00004392,50,2024-06-17,0
00004393,50,2023-08-23,0
00004394,50,2024-01-15,0
00004395,500,2025-07-12,0
00004396,200,2022-09-12,0
00004397,150,2025-04-02,0
00004398,50,2022-12-13,0
00004399,150,2022-10-18,0
00004400,200,2023-03-07,0
00004401,150,2025-08-07,0
00004402,200,2025-12-23,0
00004403,100,2023-06-17,0
00004404,200,2023-11-09,0
00004405,150,2025-03-09,0
00004406,50,2022-10-14,0
00004407,150,2022-02-23,0
00004408,150,2025-02-28,0
00004409,150,2023-09-21,0
00004410,100,2025-03-08,0
00004411,200,2025-12-31,0
00004412,150,2022-11-13,0
00004413,100,2022-10-28,0
00004414,200,2023-06-11,0
00004415,50,2023-03-10,0
00004416,100,2025-04-11,1000
00004417,500,2024-11-24,0
00004418,500,2022-12-15,0
00004419,100,2025-04-17,0
00004420,150,2024-12-07,0
00004421,200,2025-08-20,0
00004422,500,2024-09-14,0
00004423,200,2022-01-30,0
00004424,50,2023-12-03,0
00004425,100,2023-04-05,0
00004426,500,2022-09-02,0
00004427,150,2024-10-18,0
00004428,50,2024-12-09,0
00004429,100,2024-01-15,0
00004430,200,2025-07-06,2000
00004431,500,2022-05-18,0
00004432,500,2025-01-06,0
00004433,50,2024-07-03,0
00004434,100,2023-05-17,0
00004435,100,2025-11-13,0
00004436,100,2023-04-13,0
00004437,200,2022-12-30,100000
00004438,150,2025-02-04,0
00004439,100,2022-05-11,0
00004440,100,2024-12-06,0
00004441,100,2023-04-12,0
00004442,500,2024-09-04,0
00004443,500,2022-04-15,0
00004444,50,2023-02-07,0
00004445,200,2022-06-20,0
00004446,50,2025-01-15,0
00004447,500,2024-09-24,0
00004448,50,2025-04-06,0
00004449,50,2024-06-25,0
00004450,100,2025-04-21,0
00004451,500,2024-07-23,0
00004452,150,2024-04-13,0
00004453,200,2025-07-16,0
00004454,500,2024-09-16,0
00004455,150,2023-06-26,0
00004456,100,2023-11-30,0
00004457,500,2024-10-27,0
00004458,200,2022-08-17,0
00004459,100,2024-09-25,100000
00004460,200,2024-10-12,0
00004461,50,2024-06-03,0
00004462,50,2024-06-26,0
00004463,500,2023-01-10,0
00004464,50,2023-04-20,0
00004465,500,2023-09-18,0
00004466,500,2024-08-24,0
00004467,150,2025-06-02,0
00004468,100,2023-10-26,0
00004469,200,2022-12-18,0
00004470,500,2025-09-18,0
00004471,500,2024-08-28,0
00004472,200,2023-07-06,0
00004473,150,2024-08-24,0
00004474,150,2024-01-30,0
00004475,150,2023-12-26,0
00004476,150,2024-07-10,0
00004477,500,2024-03-16,0
00004478,50,2024-04-07,5000
00004479,150,2025-08-15,0
00004480,200,2023-07-16,1000
00004481,100,2025-09-17,0
00004482,150,2024-02-04,15000
00004483,200,2023-10-30,0
00004484,100,2023-03-17,0
00004485,200,2023-07-16,0
00004486,100,2022-11-25,0
00004487,200,2025-04-29,0
00004488,50,2025-09-12,0
00004489,200,2023-05-27,0
00004490,500,2025-04-15,0
00004491,50,2022-04-25,0
00004492,150,2025-01-06,0
00004493,150,2022-08-16,0
00004494,50,2023-10-27,0
00004495,200,2022-11-07,0
00004496,500,2023-09-05,0
00004497,500,2022-06-30,0
00004498,150,2025-03-18,0
00004499,150,2025-02-14,0
00004500,150,2025-11-13,150
00004501,150,2024-01-10,0
00004502,200,2023-03-16,0
00004503,200,2023-04-12,0
00004504,150,2023-02-12,0
00004505,150,2023-06-07,0
00004506,50,2022-10-15,0
00004507,200,2024-05-25,0
00004508,200,2022-04-09,0
00004509,50,2024-11-15,0
00004510,500,2024-06-14,0
00004511,500,2023-11-01,0
00004512,200,2023-08-02,0
00004513,50,2022-06-04,0
00004514,500,2022-08-19,0
00004515,500,2022-06-29,0
00004516,200,2025-06-03,0
00004517,100,2022-05-30,0
00004518,200,2023-07-22,0
00004519,100,2025-08-25,0
00004520,100,2025-08-19,0
00004521,200,2024-12-16,0
00004522,200,2022-02-13,0
00004523,150,2022-01-14,0
00004524,200,2022-02-08,2000
00004525,200,2022-11-05,0
00004526,100,2025-04-11,0
00004527,150,2024-12-26,0
00004528,100,2025-03-22,0
00004529,500,2022-11-09,0
00004530,100,2023-02-27,0
00004531,50,2022-02-23,0
00004532,50,2022-09-18,0
00004533,50,2023-11-02,0
00004534,100,2025-09-09,0
00004535,150,2022-12-01,0
00004536,150,2023-04-23,0
00004537,100,2023-12-29,10000
00004538,50,2024-02-08,250
00004539,200,2022-04-11,0
00004540,200,2023-02-11,0
00004541,200,2025-04-23,0
00004542,50,2022-12-25,0
00004543,500,2024-11-23,0
00004544,100,2022-09-04,0
00004545,500,2024-01-04,0
00004546,150,2024-04-30,0
00004547,50,2024-11-04,0
00004548,150,2024-11-07,0
00004549,200,2022-02-03,20000
00004550,200,2022-07-24,0
00004551,150,2022-05-14,0
00004552,150,2023-04-15,0
00004553,50,2025-08-25,0
00004554,200,2024-08-23,2000
00004555,150,2022-04-03,0
00004556,100,2022-12-30,0
00004557,100,2024-11-28,0
00004558,200,2022-03-21,1000
00004559,150,2024-02-01,0
00004560,100,2024-05-08,0
00004561,500,2022-11-07,0
00004562,100,2024-01-18,0
00004563,50,2022-11-29,250
00004564,150,2024-04-06,0
00004565,150,2025-06-27,0
00004566,50,2023-11-11,5000
00004567,50,2022-10-23,0
00004568,50,2025-01-09,0
00004569,500,2024-12-11,0
00004570,50,2022-01-31,0
00004571,100,2022-07-08,0
00004572,50,2022-08-19,0
00004573,200,2024-04-30,0
00004574,500,2024-06-20,0
00004575,500,2025-07-28,50000
00004576,200,2023-06-11,0
00004577,500,2024-01-19,0
00004578,50,2024-09-05,0
00004579,500,2023-02-06,0
00004580,500,2022-09-23,0
00004581,100,2023-04-07,0
00004582,50,2024-04-07,0
00004583,500,2022-08-04,0
00004584,150,2023-01-14,0
00004585,150,2023-11-05,0
00004586,200,2025-09-30,0
00004587,500,2025-03-28,0
00004588,150,2022-09-27,0
00004589,150,2025-09-16,0
00004590,50,2024-02-28,0
00004591,100,2023-01-09,100
00004592,100,2022-11-28,0
00004593,50,2025-03-17,0
00004594,150,2023-01-20,0
00004595,500,2024-04-10,0
00004596,100,2024-07-17,0
00004597,500,2024-06-19,0
00004598,150,2025-09-04,0
00004599,150,2023-11-22,0
00004600,100,2023-06-07,0
00004601,200,2025-01-29,0
00004602,50,2025-09-30,0
00004603,500,2023-06-23,5000
00004604,200,2025-08-08,100000
00004605,100,2022-07-13,0
00004606,200,2022-08-16,0
00004607,150,2022-09-16,0
00004608,150,2024-07-15,0
00004609,50,2024-10-30,0
00004610,500,2023-02-04,0
00004611,100,2022-02-04,0
00004612,150,2024-12-12,0
00004613,100,2025-02-26,0
00004614,500,2022-04-07,0
00004615,150,2025-01-09,0
00004616,500,2022-12-08,0
00004617,50,2025-10-25,0
00004618,500,2023-04-09,0
00004619,100,2025-01-12,0
00004620,500,2024-05-18,0
00004621,150,2022-04-11,0
00004622,200,2023-08-31,0
00004623,500,2024-05-12,0
00004624,200,2023-10-22,0
00004625,150,2022-01-01,100000
00004626,150,2023-03-04,0
00004627,500,2025-05-01,0
00004628,50,2024-04-20,0
00004629,200,2022-11-25,0
00004630,100,2024-03-12,0
00004631,200,2024-03-11,0
00004632,100,2023-12-19,1000
00004633,100,2024-04-02,0
00004634,500,2025-10-08,0
00004635,200,2022-10-19,0
00004636,150,2022-01-23,0
00004637,500,2023-09-30,0
00004638,500,2024-08-22,0
00004639,200,2023-09-04,0
00004640,500,2025-06-03,0
00004641,50,2023-12-01,0
00004642,50,2024-02-21,0
00004643,150,2022-08-20,0
00004644,200,2025-04-13,0
00004645,200,2023-08-20,0
00004646,50,2022-07-01,0
00004647,500,2025-05-11,0
00004648,100,2025-09-23,0
00004649,200,2024-05-13,200
00004650,150,2023-07-19,0
00004651,500,2023-11-05,0
00004652,150,2024-01-01,150
00004653,200,2023-05-13,0
00004654,100,2025-04-25,0
00004655,150,2022-08-01,0
00004656,200,2025-02-22,0
00004657,500,2024-02-09,0
00004658,200,2022-03-28,0
00004659,500,2025-08-09,0
00004660,500,2022-07-14,0
00004661,100,2024-01-09,0
00004662,500,2024-05-13,0
00004663,50,2023-12-13,0
00004664,200,2024-08-01,0
00004665,500,2022-03-18,0
00004666,200,2025-10-02,0
00004667,100,2025-03-07,0
00004668,150,2022-07-22,0
00004669,200,2022-02-28,0
00004670,150,2024-01-05,0
00004671,150,2023-12-23,0
00004672,100,2023-07-21,0
00004673,50,2023-10-27,0
00004674,150,2022-11-25,0
00004675,500,2025-08-20,0
00004676,200,2023-12-15,0
00004677,100,2024-10-20,0
00004678,150,2023-12-22,0
00004679,100,2023-10-11,0
00004680,50,2022-07-05,0
00004681,150,2025-06-27,0
00004682,100,2024-02-23,0
00004683,200,2023-12-20,0
00004684,200,2024-01-11,0
00004685,100,2023-10-24,500
00004686,500,2023-09-28,0
00004687,500,2023-08-30,0
00004688,500,2022-12-31,0
00004689,50,2023-02-11,100000
00004690,200,2023-06-24,0
00004691,150,2024-12-27,0
00004692,100,2024-02-28,0
00004693,150,2025-06-10,0
00004694,50,2023-10-26,0
00004695,200,2022-03-25,0
00004696,100,2025-09-29,0
00004697,50,2024-10-09,0
00004698,100,2023-05-18,0
00004699,200,2025-08-19,0
00004700,100,2022-01-26,0
00004701,50,2025-06-07,0
00004702,200,2024-04-28,0
00004703,500,2023-01-29,0
00004704,500,2025-04-04,0
00004705,500,2024-03-03,0
00004706,150,2023-06-24,0
00004707,150,2023-04-26,0
00004708,150,2022-06-07,0
00004709,100,2023-10-21,0
00004710,100,2025-01-07,0
00004711,50,2024-11-05,0
00004712,500,2023-10-05,0
00004713,500,2023-04-12,0
00004714,500,2023-04-04,0
00004715,500,2022-04-19,0
00004716,200,2024-10-15,0
00004717,50,2022-12-17,5000
00004718,500,2025-08-24,5000
00004719,200,2025-12-17,0
00004720,150,2022-05-14,0
00004721,150,2025-03-12,0
00004722,50,2025-05-09,0
00004723,100,2024-03-22,0
00004724,200,2023-09-27,0
00004725,150,2023-11-08,0
00004726,500,2024-04-13,0
00004727,500,2025-10-27,0
00004728,50,2025-06-02,500
00004729,500,2022-09-03,0
00004730,50,2025-06-11,5000
00004731,100,2023-02-03,0
00004732,500,2023-01-03,0
00004733,50,2025-08-22,0
00004734,50,2023-11-11,5000
00004735,500,2025-12-06,0
00004736,200,2024-04-14,0
00004737,200,2022-10-11,0
00004738,100,2022-07-16,0
00004739,100,2025-12-19,0
00004740,150,2024-10-20,1500
00004741,200,2023-02-15,0
00004742,50,2023-11-27,0
00004743,50,2024-12-08,0
00004744,500,2022-05-05,0
00004745,50,2025-10-30,0
00004746,100,2022-01-04,0
00004747,500,2022-01-26,50000
00004748,150,2022-02-26,0
00004749,500,2025-02-27,0
00004750,50,2022-12-20,0
00004751,500,2024-10-17,0
00004752,100,2023-12-09,500
00004753,500,2024-02-06,0
00004754,200,2025-12-17,0
00004755,100,2024-11-05,0
00004756,200,2022-03-04,0
00004757,500,2022-09-04,0
00004758,150,2023-08-20,0
00004759,100,2025-04-23,0
00004760,50,2024-10-16,0
00004761,100,2025-06-09,0
00004762,200,2025-09-10,0
00004763,200,2024-07-06,0
00004764,500,2022-05-15,0
00004765,150,2022-10-17,0
00004766,200,2023-01-21,0
00004767,50,2024-01-04,5000
00004768,500,2022-07-22,0
00004769,50,2025-09-20,0
00004770,500,2025-02-27,0
00004771,500,2024-12-04,0
00004772,500,2025-08-10,0
00004773,150,2022-10-05,0
00004774,100,2023-08-23,0
00004775,200,2024-04-07,0
00004776,50,2024-10-01,50
00004777,150,2025-02-23,0
00004778,200,2023-09-19,0
00004779,150,2025-11-01,0
00004780,500,2022-03-27,0
00004781,50,2023-09-21,0
00004782,500,2025-01-16,0
00004783,150,2022-04-09,0
00004784,50,2023-09-13,0
00004785,150,2025-01-06,15000
00004786,500,2024-12-09,0
00004787,500,2024-01-30,0
00004788,50,2023-03-16,250
00004789,100,2025-12-30,0
00004790,100,2024-10-11,0
00004791,500,2022-02-01,50000
00004792,100,2025-11-12,0
00004793,150,2022-01-10,0
00004794,150,2022-12-29,0
00004795,100,2024-02-01,0
00004796,200,2022-04-02,0
00004797,500,2023-05-20,0
00004798,150,2024-05-15,0
00004799,150,2023-02-24,0
00004800,150,2024-04-18,0
00004801,200,2024-04-27,0
00004802,100,2024-09-26,0
00004803,50,2025-07-07,0
00004804,50,2025-11-26,0
00004805,100,2025-09-19,0
00004806,50,2025-07-29,0
00004807,100,2024-09-27,100000
00004808,150,2022-12-09,0
00004809,150,2025-10-26,0
00004810,200,2023-08-07,0
00004811,150,2025-03-13,0
00004812,50,2024-03-19,0
00004813,100,2022-06-27,0
00004814,200,2023-02-16,0
00004815,50,2024-08-18,0
00004816,50,2023-04-14,5000
00004817,100,2022-06-21,0
00004818,50,2023-05-11,0
00004819,150,2024-06-16,0
00004820,200,2025-05-07,0
00004821,500,2023-01-23,0
00004822,150,2022-03-31,0
00004823,100,2023-12-01,0
00004824,150,2022-12-26,0
00004825,100,2025-08-12,10000
00004826,100,2023-08-21,0
00004827,100,2023-01-12,0
00004828,150,2025-09-09,0
00004829,50,2024-06-21,250
00004830,500,2024-12-18,0
00004831,100,2022-10-21,0
00004832,150,2022-04-27,0
00004833,50,2024-04-19,0
00004834,50,2025-06-20,0
00004835,150,2024-01-29,150
00004836,100,2022-01-13,0
00004837,500,2022-04-30,0
00004838,500,2022-09-03,0
00004839,50,2025-02-28,0
00004840,50,2025-08-21,0
00004841,200,2025-03-16,0
00004842,150,2025-11-05,0
00004843,200,2023-05-02,0
00004844,500,2023-05-28,0
00004845,200,2024-09-08,0
00004846,100,2024-07-19,0
00004847,150,2023-04-04,0
00004848,100,2024-03-06,0
00004849,100,2024-01-24,0
00004850,200,2023-09-07,0
00004851,200,2024-04-20,0
00004852,500,2023-04-10,0
00004853,100,2025-07-07,0
00004854,200,2024-05-12,0
00004855,200,2024-07-15,0
00004856,200,2024-08-07,0
00004857,150,2025-09-24,0
00004858,500,2023-02-26,0
00004859,100,2025-03-10,0
00004860,500,2024-01-15,0
00004861,500,2024-04-16,0
00004862,150,2023-03-14,0
00004863,200,2022-08-11,0
00004864,200,2023-09-08,0
00004865,500,2024-04-24,2500
00004866,150,2025-02-03,0
00004867,200,2024-11-25,0
00004868,200,2022-02-18,0
00004869,200,2025-03-08,0
00004870,150,2025-10-25,0
00004871,100,2025-08-06,0
00004872,100,2022-11-05,0
00004873,200,2023-05-19,0
00004874,100,2024-09-23,0
00004875,500,2024-12-22,0
00004876,50,2025-10-16,50
00004877,50,2022-02-13,50
00004878,150,2022-07-04,0
00004879,150,2023-02-20,0
00004880,100,2023-09-22,0
00004881,150,2025-06-30,0
00004882,500,2024-07-03,0
00004883,100,2023-08-17,0
00004884,500,2022-11-24,0
00004885,100,2022-12-01,0
00004886,500,2025-06-20,0
00004887,500,2025-02-05,0
00004888,150,2025-11-14,0
00004889,100,2022-08-21,0
00004890,100,2024-06-30,100
00004891,100,2024-02-20,0
00004892,200,2022-12-16,0
00004893,500,2025-11-10,0
00004894,150,2024-06-22,0
00004895,100,2024-07-05,0
00004896,200,2025-10-07,0
00004897,150,2022-06-24,0
00004898,50,2022-12-29,0
00004899,150,2025-10-19,0
00004900,100,2022-08-16,0
00004901,100,2025-07-22,0
00004902,50,2023-12-28,0
00004903,200,2022-02-02,0
00004904,500,2024-05-05,0
00004905,150,2023-06-02,0
00004906,150,2024-12-01,0
00004907,50,2024-09-29,0
00004908,100,2022-04-17,0
00004909,150,2023-06-23,0
00004910,200,2023-11-23,20000
00004911,50,2023-11-13,0
00004912,100,2025-07-02,100000
00004913,50,2023-09-12,0
00004914,200,2024-02-18,0
00004915,150,2025-11-28,0
00004916,150,2024-11-15,0
00004917,200,2024-04-13,0
00004918,100,2023-12-11,0
00004919,500,2023-01-31,0
00004920,150,2022-06-20,0
00004921,50,2025-09-26,0
00004922,500,2022-08-21,2500
00004923,50,2023-05-13,500
00004924,50,2022-11-12,0
00004925,100,2022-06-28,0
00004926,50,2022-01-28,0
00004927,150,2025-06-18,100000
00004928,200,2025-07-16,0
00004929,50,2025-06-08,0
00004930,100,2023-02-13,0
00004931,50,2023-01-16,50
00004932,50,2024-06-05,0
00004933,100,2023-03-07,100
00004934,200,2023-10-19,0
00004935,100,2024-09-01,0
00004936,200,2025-05-24,0
00004937,200,2023-08-13,0
00004938,500,2022-05-06,0
00004939,500,2022-01-13,2500
00004940,150,2022-10-22,0
00004941,500,2023-01-23,0
00004942,50,2023-01-21,0
00004943,150,2023-04-12,0
00004944,500,2023-08-31,0
00004945,500,2025-08-04,0
00004946,200,2023-05-29,0
00004947,100,2024-12-22,1000
00004948,150,2022-11-27,150
00004949,200,2023-12-06,0
00004950,50,2025-06-23,0
00004951,200,2022-06-13,0
00004952,200,2022-01-25,0
00004953,50,2023-10-15,0
00004954,150,2025-11-30,0
00004955,50,2025-03-11,0
00004956,150,2024-07-12,0
00004957,200,2024-01-29,0
00004958,200,2023-10-04,0
00004959,100,2023-04-13,0
00004960,50,2025-11-15,0
00004961,200,2024-08-03,0
00004962,200,2024-08-07,0
00004963,200,2024-07-15,0
00004964,200,2024-05-09,0
00004965,100,2023-10-11,0
00004966,100,2024-03-29,0
00004967,200,2025-09-17,0
00004968,100,2025-04-29,0
00004969,100,2022-07-14,10000
00004970,100,2023-07-09,0
00004971,50,2024-10-15,0
00004972,150,2025-01-30,0
00004973,100,2024-09-23,0
00004974,200,2024-06-05,0
00004975,100,2024-09-25,0
00004976,50,2023-12-25,0
00004977,50,2023-10-25,0
00004978,500,2023-08-16,0
00004979,500,2024-10-09,0
00004980,200,2024-10-01,2000
00004981,100,2023-11-25,0
00004982,500,2024-05-28,0
00004983,500,2022-09-23,0
00004984,150,2024-02-04,0
00004985,100,2024-01-27,0
00004986,200,2022-05-10,2000
00004987,200,2023-05-20,0
00004988,150,2025-11-10,0
00004989,150,2025-07-22,0
00004990,200,2023-07-29,0
00004991,500,2023-11-10,0
00004992,100,2023-10-22,0
00004993,500,2023-04-14,0
00004994,500,2023-05-01,0
00004995,100,2024-09-27,0
00004996,50,2023-10-04,0
00004997,50,2024-02-26,0
00004998,500,2023-10-21,50000
00004999,200,2025-05-19,0
00005000,150,2022-05-18,0
00005001,100,2023-07-20,0
00005002,150,2022-05-01,0
00005003,100,2025-07-20,1000
00005004,500,2024-09-15,0
00005005,150,2023-10-18,0
00005006,150,2025-05-23,0
00005007,100,2025-08-15,0
00005008,500,2025-05-24,0
00005009,50,2023-02-04,0
00005010,500,2023-08-02,0
00005011,200,2024-05-16,0
00005012,50,2023-09-03,0
00005013,100,2023-08-30,10000
00005014,50,2024-01-25,0
00005015,100,2024-07-03,0
00005016,500,2022-11-18,0
00005017,150,2022-08-09,0
00005018,200,2023-07-20,0
00005019,500,2024-07-17,0
00005020,500,2022-09-21,0
00005021,50,2022-09-11,500
00005022,500,2024-09-04,0
00005023,150,2024-02-08,0
00005024,200,2025-08-16,0
00005025,100,2023-10-31,0
00005026,50,2025-08-11,0
00005027,500,2025-03-10,100000
00005028,50,2022-09-28,0
00005029,50,2022-10-14,0
00005030,500,2022-12-01,0
00005031,100,2022-07-08,0
00005032,150,2023-11-24,1500
00005033,50,2024-10-05,0
00005034,50,2024-12-10,0
00005035,200,2025-11-23,0
00005036,50,2023-03-01,0
00005037,50,2023-06-19,0
00005038,50,2025-08-13,0
00005039,50,2022-04-18,0
00005040,100,2024-09-07,500
00005041,100,2022-11-09,0
00005042,100,2024-10-22,0
00005043,200,2025-07-23,0
00005044,50,2024-11-10,0
00005045,200,2022-02-18,0
00005046,200,2025-01-31,1000
00005047,500,2022-03-15,0
00005048,500,2024-10-03,500
00005049,500,2024-01-24,0
00005050,100,2024-03-24,0
00005051,500,2022-01-16,0
00005052,500,2023-07-31,0
00005053,150,2024-11-12,0
00005054,100,2025-05-29,0
00005055,100,2023-11-01,0
00005056,200,2022-09-02,0
00005057,200,2022-03-01,0
00005058,500,2024-04-10,0
00005059,50,2022-03-27,0
00005060,50,2023-02-26,0
00005061,500,2023-09-04,0
00005062,100,2025-04-29,0
00005063,150,2024-08-07,750
00005064,500,2023-06-01,0
00005065,50,2023-09-27,250
00005066,150,2023-02-27,0
00005067,200,2023-11-02,0
00005068,200,2025-05-17,0
00005069,200,2024-09-10,0
00005070,150,2025-09-28,0
00005071,100,2022-06-09,0
00005072,50,2022-03-05,0
00005073,50,2023-07-16,0
00005074,150,2024-06-30,0
00005075,500,2022-11-23,5000
00005076,100,2025-08-15,0
00005077,200,2024-02-03,20000
00005078,50,2023-09-02,0
00005079,50,2023-09-11,0
00005080,200,2023-02-24,0
00005081,50,2024-09-02,0
00005082,50,2022-06-26,0
00005083,200,2025-04-02,0
00005084,150,2023-07-08,100000
00005085,200,2022-05-10,0
00005086,100,2023-03-18,10000
00005087,50,2022-03-18,0
00005088,200,2024-04-24,0
00005089,50,2025-03-27,0
00005090,50,2023-07-30,0
00005091,200,2023-02-20,0
00005092,50,2025-10-06,0
00005093,100,2023-04-26,0
00005094,50,2025-08-24,100000
00005095,200,2025-02-18,0
00005096,200,2023-04-20,0
00005097,50,2023-08-10,0
00005098,500,2024-01-23,0
00005099,200,2025-01-20,0
00005100,150,2025-02-02,0
00005101,150,2025-08-02,0
00005102,100,2025-04-03,0
00005103,200,2023-12-13,0
00005104,100,2025-10-09,0
00005105,200,2025-10-15,0
00005106,150,2024-06-03,1500
00005107,100,2023-11-13,0
00005108,200,2024-07-12,0
00005109,100,2022-03-29,0
00005110,100,2025-05-11,0
00005111,100,2025-03-20,0
00005112,100,2025-11-20,0
00005113,200,2022-08-18,0
00005114,500,2022-03-27,0
00005115,500,2022-01-09,0
00005116,500,2025-09-23,0
00005117,100,2025-11-01,0
00005118,150,2024-09-28,0
00005119,150,2025-01-28,0
00005120,500,2025-09-07,0
00005121,100,2025-03-27,0
00005122,200,2025-11-09,0
00005123,50,2023-04-08,0
00005124,200,2022-11-15,0
00005125,100,2022-01-02,0
00005126,500,2022-08-09,0
00005127,50,2025-11-24,0
00005128,100,2024-04-11,0
00005129,100,2025-01-14,0
00005130,100,2022-02-18,1000
00005131,50,2023-03-01,0
00005132,50,2022-05-18,0
00005133,50,2024-05-14,0
00005134,200,2022-01-22,0
00005135,150,2023-12-04,0
00005136,100,2023-09-15,0
00005137,500,2024-09-06,0
00005138,500,2022-03-27,0
00005139,50,2024-10-20,0
00005140,50,2023-06-08,0
00005141,200,2025-01-08,0
00005142,200,2025-11-11,0
00005143,150,2025-11-03,0
00005144,50,2024-02-18,5000
00005145,50,2024-08-30,0
00005146,50,2022-06-19,0
00005147,50,2024-07-20,0
00005148,150,2023-05-10,0
00005149,200,2022-03-12,0
00005150,500,2025-12-12,0
00005151,100,2025-06-10,0
00005152,50,2025-11-01,0
00005153,50,2024-11-02,0
00005154,500,2023-01-07,0
00005155,500,2024-03-05,0
00005156,500,2025-08-31,0
00005157,150,2025-04-14,0
00005158,500,2024-10-02,0
00005159,200,2023-08-24,0
00005160,50,2023-08-18,0
00005161,200,2022-08-13,0
00005162,50,2023-02-12,0
00005163,100,2022-01-12,0
00005164,100,2024-02-11,500
00005165,100,2023-11-28,0
00005166,500,2024-10-07,0
00005167,200,2025-12-06,0
00005168,50,2022-07-27,0
00005169,100,2025-05-24,0
00005170,200,2024-10-13,0
00005171,200,2022-02-12,0
00005172,150,2025-07-24,0
00005173,200,2024-08-28,20000
00005174,500,2025-12-08,0
00005175,50,2022-06-28,0
00005176,150,2024-08-30,0
00005177,100,2022-10-09,0
00005178,100,2022-06-26,0
00005179,100,2024-07-02,0
00005180,500,2024-02-04,0
00005181,200,2022-05-17,0
00005182,100,2025-04-07,0
00005183,500,2022-03-23,0
00005184,100,2023-09-08,0
00005185,200,2022-01-23,0
00005186,500,2022-01-25,0
00005187,150,2025-04-14,0
00005188,150,2022-10-08,0
00005189,100,2024-09-10,0
00005190,100,2025-09-21,0
00005191,200,2023-03-15,20000
00005192,500,2025-07-21,0
00005193,50,2022-10-27,0
00005194,500,2022-10-25,0
00005195,50,2024-09-05,0
00005196,50,2025-03-05,0
00005197,200,2025-07-05,0
00005198,100,2023-06-22,0
00005199,200,2022-03-29,0
00005200,200,2022-02-26,0
00005201,150,2024-03-11,0
00005202,100,2022-09-18,0
00005203,500,2024-04-12,0
00005204,100,2023-05-10,0
00005205,150,2024-10-15,0
00005206,200,2025-05-13,200
00005207,500,2022-06-23,0
00005208,100,2025-08-06,1000
00005209,200,2023-07-30,0
00005210,150,2023-09-14,0
00005211,500,2023-11-01,0
00005212,200,2024-11-13,0
00005213,500,2025-11-24,0
00005214,500,2025-05-12,0
00005215,500,2022-10-09,0
00005216,50,2025-11-17,0
00005217,150,2024-12-27,0
00005218,50,2023-05-31,0
00005219,150,2023-08-15,0
00005220,100,2023-10-04,0
00005221,150,2023-05-06,0
00005222,150,2023-09-20,0
00005223,150,2024-11-26,0
00005224,150,2023-06-25,0
00005225,100,2025-06-09,0
00005226,100,2025-11-10,0
00005227,150,2025-12-30,0
00005228,150,2023-02-23,0
00005229,500,2024-12-01,0
00005230,150,2025-07-31,0
00005231,500,2025-07-21,0
00005232,100,2025-08-19,0
00005233,150,2023-05-19,0
00005234,150,2025-03-09,0
00005235,150,2022-10-27,0
00005236,50,2023-06-02,0
00005237,200,2025-02-01,0
00005238,50,2022-05-17,0
00005239,150,2024-10-10,0
00005240,500,2025-04-10,0
00005241,500,2025-03-08,0
00005242,150,2022-04-15,0
00005243,200,2025-05-04,0
00005244,200,2024-03-03,0
00005245,100,2023-01-06,0
00005246,50,2022-03-26,0
00005247,150,2022-08-09,0
00005248,150,2022-09-18,0
00005249,200,2023-02-24,100000
00005250,50,2022-01-21,0
00005251,500,2023-07-22,0
00005252,100,2023-04-18,0
00005253,500,2025-03-14,0
00005254,500,2023-12-26,0
00005255,100,2022-02-17,0
00005256,150,2023-03-27,0
00005257,200,2023-02-21,0
00005258,50,2022-11-25,100000
00005259,150,2024-09-22,0
00005260,100,2024-04-12,0
00005261,200,2025-06-02,0
00005262,100,2023-03-28,0
00005263,50,2023-05-05,0
00005264,200,2025-04-02,0
00005265,200,2024-07-02,0
00005266,50,2022-06-17,0
00005267,200,2024-06-25,0
00005268,200,2025-06-13,0
00005269,50,2025-01-13,0
00005270,100,2025-10-10,0
00005271,500,2023-12-03,0
00005272,200,2024-11-05,0
00005273,200,2025-05-27,0
00005274,100,2025-12-11,10000
00005275,100,2024-04-07,0
00005276,150,2023-12-25,0
00005277,100,2023-08-19,0
00005278,200,2025-05-14,0
00005279,50,2025-11-06,0
00005280,100,2025-08-14,0
00005281,200,2025-12-31,0
00005282,200,2025-03-16,0
00005283,200,2022-02-11,0
00005284,200,2024-05-18,2000
00005285,150,2023-04-14,0
00005286,150,2024-09-07,0
00005287,100,2025-04-14,0
00005288,500,2024-12-23,0
00005289,50,2024-02-21,0
00005290,100,2022-07-04,0
00005291,100,2022-07-09,0
00005292,500,2022-04-13,0
00005293,500,2023-06-07,0
00005294,150,2022-10-18,0
00005295,150,2023-01-16,0
00005296,150,2022-12-08,0
00005297,100,2022-07-08,0
00005298,500,2025-09-02,0
00005299,100,2023-08-14,0
00005300,200,2022-12-10,0
00005301,100,2025-05-19,0
00005302,50,2022-07-27,0
00005303,100,2024-12-29,0
00005304,200,2025-02-07,0
00005305,100,2022-11-09,0
00005306,100,2023-05-19,0
00005307,150,2022-12-18,0
00005308,500,2022-02-12,0
00005309,50,2024-03-17,0
00005310,50,2024-08-18,0
00005311,100,2023-05-11,0
00005312,150,2025-03-21,0
00005313,200,2023-05-19,0
00005314,50,2023-05-24,0
00005315,500,2022-03-28,50000
00005316,100,2022-01-02,0
00005317,500,2024-09-30,0
00005318,200,2025-02-01,0
00005319,200,2024-12-11,0
00005320,500,2023-12-26,0
00005321,500,2024-04-09,0
00005322,500,2024-04-14,0
00005323,200,2022-09-16,0
00005324,100,2022-05-31,0
00005325,150,2023-09-04,0
00005326,200,2024-02-23,0
00005327,150,2022-02-18,0
00005328,100,2022-02-02,0
00005329,100,2024-07-10,0
00005330,100,2025-08-22,0
00005331,200,2023-05-16,0
00005332,100,2024-06-18,0
00005333,200,2024-08-13,0
00005334,150,2023-02-24,0
00005335,200,2022-04-16,0
00005336,100,2025-08-03,0
00005337,150,2024-02-06,15000
00005338,200,2025-08-31,0
00005339,50,2025-05-10,0
00005340,500,2025-02-03,0
00005341,200,2022-05-19,0
00005342,100,2023-09-28,0
00005343,100,2022-01-23,0
00005344,100,2025-12-27,0
00005345,50,2022-02-20,0
00005346,500,2024-01-31,50000
00005347,150,2025-06-09,0
00005348,500,2023-10-31,0
00005349,50,2024-11-24,0
00005350,200,2024-09-25,0
00005351,500,2022-03-16,0
00005352,500,2025-03-05,0
00005353,100,2024-02-13,0
00005354,200,2025-07-24,0
00005355,100,2023-02-07,10000
00005356,150,2024-03-18,0
00005357,50,2023-09-13,250
00005358,100,2024-05-06,0
00005359,200,2022-11-07,0
00005360,500,2023-06-07,0
00005361,100,2022-01-02,0
00005362,100,2022-03-18,0
00005363,200,2022-05-16,0
00005364,100,2025-10-09,0
00005365,50,2025-10-02,0
00005366,150,2025-06-17,0
00005367,150,2024-08-18,0
00005368,150,2025-03-27,0
00005369,150,2025-07-17,0
00005370,500,2022-11-15,0
00005371,500,2024-12-01,0
00005372,500,2023-05-18,0
00005373,50,2024-06-07,0
00005374,150,2024-11-08,0
00005375,200,2022-04-16,0
00005376,150,2023-06-12,0
00005377,100,2025-02-10,0
00005378,100,2023-05-25,0
00005379,100,2022-07-21,0
00005380,500,2024-01-14,0
00005381,200,2024-05-08,0
00005382,150,2022-06-16,0
00005383,500,2024-09-12,0
00005384,50,2023-10-05,0
00005385,50,2024-06-11,0
00005386,200,2022-11-12,0
00005387,50,2023-11-15,0
00005388,50,2023-09-23,0
00005389,200,2024-03-22,0
00005390,200,2024-05-30,0
00005391,150,2023-05-14,0
00005392,100,2023-11-20,0
00005393,150,2025-04-30,0
00005394,50,2022-07-26,50
00005395,100,2025-01-11,0
00005396,50,2025-11-29,0
00005397,50,2022-01-05,0
00005398,50,2022-10-01,0
00005399,150,2025-10-22,0
00005400,150,2025-09-26,0
00005401,50,2022-12-05,0
00005402,150,2022-07-24,100000
00005403,50,2022-03-22,0
00005404,100,2022-12-15,0
00005405,200,2022-08-09,0
00005406,150,2025-06-14,0
00005407,50,2025-06-08,0
00005408,50,2024-08-04,0
00005409,150,2022-11-19,0
00005410,500,2022-07-16,0
00005411,100,2025-11-12,0
00005412,200,2023-11-25,0
00005413,200,2024-07-15,0
00005414,500,2023-09-20,0
00005415,200,2024-05-06,0
00005416,100,2023-09-26,0
00005417,100,2023-05-08,0
00005418,100,2022-03-17,100000
00005419,50,2022-10-30,0
00005420,200,2022-09-16,0
00005421,50,2023-08-02,0
00005422,150,2025-04-01,0
00005423,200,2024-06-10,0
00005424,500,2025-04-18,0
00005425,100,2024-08-27,0
00005426,150,2022-11-17,0
00005427,150,2022-05-16,1500
00005428,200,2023-01-18,0
00005429,200,2025-09-10,0
00005430,150,2024-07-09,0
00005431,150,2025-12-19,0
00005432,150,2025-03-06,0
00005433,100,2022-01-16,0
00005434,100,2023-05-29,0
00005435,200,2023-11-17,0
00005436,100,2023-05-07,0
00005437,200,2023-07-24,0
00005438,100,2024-05-05,100
00005439,150,2025-12-27,0
00005440,500,2024-02-03,0
00005441,50,2024-09-15,0
00005442,500,2023-02-18,0
00005443,150,2025-10-25,0
00005444,500,2023-07-15,0
00005445,500,2025-04-24,0
00005446,500,2023-02-07,0
00005447,50,2024-07-20,0
00005448,500,2025-01-25,0
00005449,200,2022-04-02,0
00005450,50,2024-04-14,0
00005451,50,2024-08-29,0
00005452,200,2024-08-07,0
00005453,500,2025-03-17,0
00005454,150,2025-04-25,0
00005455,150,2023-09-07,0
00005456,50,2023-04-15,0
00005457,500,2023-06-05,0
00005458,50,2024-12-22,0
00005459,100,2024-07-09,0
00005460,50,2024-05-30,50
00005461,150,2025-01-01,0
00005462,500,2024-05-03,5000
00005463,500,2025-09-20,100000
00005464,100,2024-12-29,0
00005465,150,2022-08-26,0
00005466,200,2025-02-22,0
00005467,100,2025-01-21,0
00005468,50,2025-11-04,0
00005469,150,2025-08-17,0
00005470,200,2022-02-12,2000
00005471,100,2025-09-08,0
00005472,150,2024-05-01,0
00005473,200,2023-02-22,0
00005474,150,2022-07-19,0
00005475,150,2023-09-26,0
00005476,500,2025-08-01,2500
00005477,50,2022-01-07,0
00005478,50,2023-07-08,0
00005479,50,2024-07-13,0
00005480,500,2024-12-30,0
00005481,50,2024-09-12,0
00005482,150,2022-06-20,0
00005483,50,2023-12-25,0
00005484,100,2025-01-21,0
00005485,50,2025-06-24,0
00005486,50,2022-05-10,0
00005487,150,2022-11-25,0
00005488,500,2023-02-02,0
00005489,150,2022-03-03,0
00005490,200,2024-06-04,0
00005491,500,2024-04-04,0
00005492,100,2025-06-25,0
00005493,500,2025-11-29,2500
00005494,200,2025-02-15,0
00005495,200,2023-10-22,0
00005496,100,2022-03-27,500
00005497,50,2025-03-15,0
00005498,150,2025-08-21,0
00005499,50,2023-10-08,0
00005500,50,2022-10-02,0
00005501,500,2024-12-02,0
00005502,50,2025-04-29,0
00005503,200,2025-02-07,0
00005504,150,2022-09-03,0
00005505,50,2025-07-30,0
00005506,150,2025-01-04,0
00005507,150,2022-03-21,0
00005508,50,2023-09-07,0
00005509,100,2025-11-26,0
00005510,200,2022-11-10,0
00005511,200,2022-06-02,0
00005512,150,2022-06-03,0
00005513,150,2024-04-13,1500
00005514,150,2023-01-14,0
00005515,100,2024-12-11,0
00005516,50,2024-01-13,0
00005517,150,2023-11-15,0
00005518,50,2023-01-10,0
00005519,500,2022-06-11,0
00005520,150,2023-09-30,0
00005521,500,2025-01-13,0
00005522,50,2025-12-30,0
00005523,500,2025-11-15,0
00005524,500,2025-09-09,0
00005525,200,2022-03-25,0
00005526,200,2022-07-10,0
00005527,150,2022-04-17,0
00005528,50,2025-04-19,5000
00005529,50,2024-08-18,0
00005530,200,2025-01-14,0
00005531,100,2025-04-25,0
00005532,100,2022-06-17,0
00005533,100,2025-08-21,0
00005534,50,2025-07-15,0
00005535,200,2023-03-24,0
00005536,100,2022-12-13,0
00005537,500,2023-05-04,0
00005538,50,2025-10-27,0
00005539,150,2025-03-27,0
00005540,100,2024-10-05,0
00005541,50,2024-05-30,0
00005542,200,2023-01-30,0
00005543,150,2023-12-07,0
00005544,500,2024-04-22,0
00005545,150,2023-07-06,0
00005546,50,2025-12-18,0
00005547,500,2024-10-16,500
00005548,200,2025-04-24,0
00005549,150,2025-11-16,0
00005550,100,2025-08-05,0
00005551,100,2022-09-29,0
00005552,100,2023-05-27,0
00005553,50,2025-11-01,0
00005554,100,2023-07-21,0
00005555,500,2022-01-06,0
00005556,50,2025-11-26,50
00005557,150,2023-02-27,0
00005558,100,2025-08-20,0
00005559,150,2023-10-28,0
00005560,200,2025-09-12,0
00005561,150,2024-06-27,0
00005562,100,2023-02-28,0
00005563,100,2025-09-25,0
00005564,100,2024-09-30,0
00005565,150,2024-06-14,150
00005566,200,2024-08-07,0
00005567,50,2024-07-28,0
00005568,100,2024-04-26,0
00005569,150,2022-10-16,0
00005570,100,2024-05-22,0
00005571,200,2024-12-20,20000
00005572,150,2023-09-13,0
00005573,200,2023-02-16,0
00005574,150,2024-09-03,0
00005575,150,2022-11-25,0
00005576,200,2022-10-01,1000
00005577,200,2024-02-27,0
00005578,500,2024-11-09,0
00005579,100,2022-08-13,0
00005580,150,2024-12-05,0
00005581,50,2023-07-11,0
00005582,500,2023-09-28,0
00005583,50,2022-05-09,0
00005584,50,2023-05-10,0
00005585,150,2023-05-16,0
00005586,500,2025-06-10,0
00005587,500,2023-01-10,0
00005588,500,2022-01-07,0
00005589,50,2023-11-02,0
00005590,500,2024-05-09,0
00005591,50,2024-09-12,0
00005592,50,2023-09-20,0
00005593,200,2023-05-30,0
00005594,150,2025-04-15,0
00005595,200,2025-10-03,0
00005596,500,2025-03-03,0
00005597,50,2024-02-18,0
00005598,100,2023-05-17,0
00005599,150,2024-01-01,0
00005600,100,2024-12-26,0
00005601,100,2024-06-01,0
00005602,50,2025-11-13,100000
00005603,100,2023-04-19,0
00005604,50,2023-02-24,0
00005605,500,2022-05-29,0
00005606,500,2024-06-22,0
00005607,100,2023-03-16,0
00005608,50,2022-03-16,0
00005609,500,2024-04-17,0
00005610,150,2025-08-09,0
00005611,200,2023-03-05,1000
00005612,500,2022-09-01,5000
00005613,500,2025-01-04,0
00005614,100,2022-04-01,0
00005615,150,2025-01-13,0
00005616,50,2024-09-29,0
00005617,100,2024-04-23,0
00005618,50,2022-07-01,0
00005619,100,2025-03-24,0
00005620,200,2025-11-27,0
00005621,150,2024-07-15,0
00005622,100,2022-02-25,0
00005623,500,2022-02-13,0
00005624,100,2022-12-19,0
00005625,100,2022-04-03,0
00005626,100,2023-03-05,0
00005627,150,2024-08-01,15000
00005628,100,2025-06-20,0
00005629,50,2023-02-23,0
00005630,150,2025-11-07,0
00005631,50,2022-11-22,0
00005632,50,2022-12-17,0
00005633,500,2022-12-25,0
00005634,200,2022-08-11,1000
00005635,100,2022-05-30,0
00005636,50,2024-06-09,0
00005637,100,2023-06-30,0
00005638,500,2025-10-18,0
00005639,500,2025-04-14,0
00005640,200,2022-11-19,0
00005641,500,2024-12-27,0
00005642,100,2024-07-08,0
00005643,500,2024-06-30,0
00005644,150,2025-05-26,0
00005645,50,2023-02-06,0
00005646,200,2025-01-01,0
00005647,50,2025-04-05,0
00005648,100,2022-04-21,0
00005649,500,2022-08-20,0
00005650,200,2025-08-23,0
00005651,100,2022-04-19,0
00005652,500,2023-04-20,0
00005653,100,2022-04-14,0
00005654,500,2025-01-18,0
00005655,100,2025-01-08,0
00005656,150,2024-12-11,0
00005657,150,2023-06-19,0
00005658,100,2023-01-01,10000
00005659,100,2022-10-14,0
00005660,100,2025-12-02,0
00005661,500,2022-10-30,0
00005662,50,2024-05-14,0
00005663,500,2022-06-14,0
00005664,150,2024-08-01,0
00005665,150,2023-11-23,150
00005666,50,2025-09-23,0
00005667,50,2022-06-21,0
00005668,500,2022-06-16,2500
00005669,200,2022-07-21,0
00005670,500,2025-08-19,0
00005671,500,2022-02-22,0
00005672,150,2023-10-03,0
00005673,50,2024-10-29,0
00005674,150,2023-06-19,0
00005675,500,2022-10-30,0
00005676,500,2025-01-10,0
00005677,200,2024-12-05,0
00005678,50,2022-11-05,0
00005679,150,2024-10-23,0
00005680,50,2023-10-06,0
00005681,50,2024-11-04,0
00005682,50,2022-04-01,0
00005683,50,2025-09-17,0
00005684,100,2024-02-13,0
00005685,150,2022-07-01,0
00005686,500,2023-07-18,0
00005687,200,2024-02-13,0
00005688,100,2024-04-25,0
00005689,150,2024-11-13,0
00005690,150,2024-01-27,0
00005691,150,2023-09-28,0
00005692,500,2024-02-08,0
00005693,500,2022-03-22,0
00005694,50,2024-04-12,0
00005695,200,2025-05-18,0
00005696,500,2024-07-31,0
00005697,50,2025-07-02,0
00005698,500,2023-01-14,0
00005699,50,2023-07-03,0
00005700,50,2024-03-13,0
00005701,500,2022-09-12,0
00005702,500,2022-01-11,0
00005703,150,2025-08-11,0
00005704,200,2024-10-17,0
00005705,100,2024-11-22,0
00005706,100,2024-12-18,0
00005707,200,2023-07-03,0
00005708,50,2022-10-17,0
00005709,500,2025-10-20,0
00005710,100,2024-12-04,0
00005711,150,2024-04-14,0
00005712,50,2023-05-13,0
00005713,100,2024-01-25,0
00005714,500,2024-06-01,0
00005715,150,2023-05-31,150
00005716,200,2023-08-21,0
00005717,200,2022-11-17,0
00005718,150,2023-08-19,0
00005719,50,2023-01-18,0
00005720,100,2025-10-15,0
00005721,500,2025-10-31,0
00005722,100,2022-02-17,0
00005723,200,2024-02-12,0
00005724,150,2023-08-19,0
00005725,500,2024-10-31,0
00005726,50,2023-04-08,0
00005727,150,2023-05-10,0
00005728,500,2024-11-28,0
00005729,150,2023-11-11,0
00005730,100,2024-08-11,0
00005731,50,2025-10-11,0
00005732,50,2023-08-17,0
00005733,50,2023-08-20,0
00005734,100,2023-03-04,0
00005735,150,2023-02-02,0
00005736,150,2025-04-17,0
00005737,50,2024-03-19,0
00005738,100,2022-07-29,100000
00005739,200,2024-12-13,0
00005740,50,2025-01-19,250
00005741,100,2025-04-30,500
00005742,200,2023-03-20,0
00005743,150,2023-04-08,15000
00005744,50,2022-06-07,0
00005745,500,2024-10-31,0
00005746,150,2024-03-08,100000
00005747,200,2025-02-05,0
00005748,500,2022-01-18,2500
00005749,100,2022-02-24,0
00005750,50,2025-04-15,0
00005751,200,2022-08-18,0
00005752,500,2024-12-08,0
00005753,100,2025-11-10,0
00005754,200,2025-07-28,0
00005755,150,2023-08-04,0
00005756,500,2022-09-03,0
00005757,200,2022-01-07,0
00005758,100,2024-03-13,0
00005759,150,2022-10-02,0
00005760,50,2023-09-30,0
00005761,50,2024-12-13,0
00005762,500,2023-08-11,0
00005763,150,2023-04-08,0
00005764,500,2024-09-04,0
00005765,50,2025-04-16,0
00005766,200,2023-02-03,0
00005767,100,2023-03-18,0
00005768,500,2022-10-30,50000
00005769,150,2023-11-18,0
00005770,50,2022-07-08,0
00005771,50,2025-11-25,0
00005772,150,2022-09-24,0
00005773,200,2022-03-29,0
00005774,50,2023-11-23,0
00005775,200,2024-05-27,0
00005776,50,2024-11-29,0
00005777,50,2022-09-21,0
00005778,50,2022-03-28,0
00005779,50,2024-12-01,0
00005780,150,2024-03-10,0
00005781,500,2022-07-01,0
00005782,50,2024-03-02,0
00005783,200,2022-05-29,0
00005784,100,2022-07-24,0
00005785,100,2023-06-05,0
00005786,150,2022-04-17,0
00005787,500,2025-01-31,0
00005788,500,2022-08-11,0
00005789,200,2024-05-19,0
00005790,100,2025-06-26,0
00005791,500,2023-06-25,0
00005792,50,2022-08-26,0
00005793,500,2022-01-11,0
00005794,200,2023-02-02,0
00005795,100,2024-09-03,0
00005796,500,2024-12-18,0
00005797,50,2023-03-11,0
00005798,150,2025-06-12,0
00005799,50,2022-07-29,0
00005800,200,2025-11-16,0
00005801,500,2022-04-08,0
00005802,500,2025-04-04,0
00005803,150,2023-08-09,0
00005804,50,2024-07-16,0
00005805,500,2022-12-06,0
00005806,500,2025-12-17,0
00005807,200,2025-07-02,0
00005808,200,2025-09-07,0
00005809,500,2025-08-07,0
00005810,500,2025-10-16,0
00005811,200,2022-07-03,0
00005812,150,2022-10-25,0
00005813,150,2025-04-01,0
00005814,500,2023-05-24,0
00005815,500,2022-07-30,0
00005816,500,2023-09-27,0
00005817,100,2022-12-25,0
00005818,50,2023-01-14,0
00005819,100,2023-08-26,0
00005820,200,2024-04-07,0
00005821,50,2024-04-15,0
00005822,50,2025-02-16,0
00005823,200,2025-08-04,0
00005824,200,2022-03-04,0
00005825,100,2023-03-19,0
00005826,100,2024-11-30,0
00005827,150,2025-10-04,0
00005828,150,2025-08-24,0
00005829,500,2022-10-11,0
00005830,500,2022-02-05,0
00005831,150,2022-01-07,0
00005832,200,2025-09-21,0
00005833,100,2025-11-24,0
00005834,200,2023-12-01,1000
00005835,200,2025-04-24,0
00005836,500,2025-10-17,0
00005837,150,2022-07-11,0
00005838,200,2025-03-19,0
00005839,200,2025-07-14,1000
00005840,50,2025-02-24,0
00005841,200,2022-07-21,0
00005842,100,2023-01-25,0
00005843,150,2025-03-16,0
00005844,50,2023-05-31,0
00005845,150,2024-03-27,0
00005846,100,2025-04-18,0
00005847,150,2024-11-08,0
00005848,50,2022-03-02,0
00005849,100,2024-09-06,0
00005850,50,2022-01-14,0
00005851,500,2024-06-08,0
00005852,200,2022-05-09,0
00005853,50,2024-03-03,0
00005854,50,2022-06-16,0
00005855,500,2023-11-17,0
00005856,50,2022-04-09,0
00005857,200,2024-12-16,2000
00005858,50,2023-08-24,0
00005859,50,2023-10-21,5000
00005860,100,2025-07-13,0
00005861,500,2024-06-26,0
00005862,100,2022-04-14,0
00005863,100,2025-07-29,0
00005864,50,2024-10-11,0
00005865,500,2023-07-31,0
00005866,50,2024-07-08,0
00005867,200,2024-04-23,0
00005868,500,2022-10-08,0
00005869,500,2022-07-08,0
00005870,200,2025-07-04,0
00005871,200,2022-04-08,0
00005872,500,2025-12-03,0
00005873,50,2023-06-24,100000
00005874,500,2023-06-23,2500
00005875,100,2023-02-20,0
00005876,50,2022-09-29,0
00005877,150,2024-01-03,0
00005878,100,2023-02-19,0
00005879,200,2022-08-11,0
00005880,50,2024-08-08,250
00005881,50,2022-06-10,0
00005882,50,2024-02-17,0
00005883,200,2023-05-03,0
00005884,150,2022-09-29,0
00005885,500,2025-03-20,0
00005886,200,2022-09-06,0
00005887,200,2022-06-02,0
00005888,500,2023-08-31,0
00005889,500,2022-04-11,0
00005890,100,2025-03-31,0
00005891,100,2024-03-21,0
00005892,50,2022-07-13,0
00005893,150,2022-04-19,0
00005894,100,2025-10-28,0
00005895,50,2024-03-26,0
00005896,50,2022-10-18,0
00005897,200,2025-09-28,0
00005898,100,2022-06-03,500
00005899,50,2024-10-03,0
00005900,500,2025-01-03,0
00005901,50,2025-07-10,0
00005902,500,2024-05-09,0
00005903,500,2023-11-28,0
00005904,200,2025-11-07,0
00005905,100,2024-05-22,0
00005906,100,2025-01-09,0
00005907,50,2024-11-21,0
00005908,150,2024-04-16,750
00005909,500,2024-07-09,0
00005910,50,2024-10-06,0
00005911,500,2025-01-20,0
00005912,200,2024-04-04,0
00005913,50,2024-07-17,0
00005914,50,2024-04-04,0
00005915,200,2023-04-29,0
00005916,500,2022-10-28,0
00005917,50,2024-01-18,0
00005918,200,2025-01-12,0
00005919,100,2023-01-05,0
00005920,150,2023-11-03,0
00005921,50,2024-03-16,0
00005922,150,2022-01-31,0
00005923,500,2024-07-05,0
00005924,150,2024-04-09,0
00005925,50,2024-12-06,0
00005926,100,2022-05-29,0
00005927,100,2023-11-02,0
00005928,200,2025-05-01,0
00005929,500,2025-04-24,0
00005930,150,2023-04-27,0
00005931,500,2025-01-14,0
00005932,500,2022-02-03,0
00005933,100,2022-03-19,0
00005934,50,2025-05-24,0
00005935,100,2025-09-18,0
00005936,200,2025-05-10,0
00005937,150,2024-11-05,0
00005938,100,2023-09-03,0
00005939,150,2025-06-02,0
00005940,50,2025-08-18,500
00005941,200,2025-07-06,0
00005942,200,2022-03-15,0
00005943,200,2022-07-07,0
00005944,100,2023-04-27,0
00005945,200,2024-07-05,0
00005946,100,2025-01-09,0
00005947,100,2022-02-23,0
00005948,200,2023-07-17,0
00005949,50,2025-06-11,5000
00005950,200,2025-06-04,0
00005951,200,2025-01-14,0
00005952,500,2025-03-22,0
00005953,500,2024-10-15,0
00005954,100,2022-09-23,0
00005955,500,2023-02-06,0
00005956,50,2025-08-10,0
00005957,500,2022-01-02,0
00005958,100,2025-10-29,0
00005959,100,2024-01-26,1000
00005960,50,2025-09-20,0
00005961,150,2024-03-10,0
00005962,500,2023-11-11,0
00005963,500,2022-03-20,500
00005964,100,2023-07-27,0
00005965,100,2023-12-03,0
00005966,150,2023-05-30,0
00005967,500,2024-03-16,0
00005968,200,2023-02-06,0
00005969,500,2023-08-26,0
00005970,100,2025-07-22,0
00005971,500,2025-03-25,0
00005972,200,2023-04-01,0
00005973,100,2025-01-23,0
00005974,500,2022-07-31,0
00005975,100,2023-06-18,1000
00005976,100,2024-12-27,0
00005977,200,2022-12-31,0
00005978,150,2024-03-07,0
00005979,500,2022-12-18,0
00005980,500,2023-03-30,0
00005981,100,2023-12-05,0
00005982,150,2022-07-29,0
00005983,500,2022-08-06,0
00005984,200,2024-01-27,0
00005985,200,2024-11-28,0
00005986,200,2025-02-18,0
00005987,500,2023-10-19,0
00005988,150,2023-06-20,0
00005989,100,2023-09-20,0
00005990,50,2025-10-15,0
00005991,500,2022-06-02,0
00005992,50,2024-09-12,0
00005993,100,2022-04-07,0
00005994,150,2025-04-06,0
00005995,50,2022-06-26,0
00005996,100,2024-03-18,0
00005997,150,2023-08-25,0
00005998,150,2023-11-03,0
00005999,100,2022-12-22,0
00006000,100,2024-05-09,0
00006001,500,2022-07-19,0
00006002,200,2024-07-05,0
00006003,50,2022-02-02,0
00006004,150,2022-11-03,0
00006005,50,2023-08-04,0
00006006,50,2022-03-14,0
00006007,100,2024-07-24,0
00006008,500,2022-09-07,0
00006009,500,2024-08-26,0
00006010,500,2022-09-27,0
00006011,50,2023-07-11,0
00006012,100,2024-11-19,0
00006013,150,2024-04-03,0
00006014,100,2023-11-09,0
00006015,200,2024-05-02,2000
00006016,500,2024-11-03,0
00006017,200,2025-01-08,0
00006018,150,2022-12-10,0
00006019,150,2024-11-10,0
00006020,150,2025-01-13,0
00006021,500,2024-05-14,0
00006022,150,2025-12-30,0
00006023,150,2022-12-31,0
00006024,150,2025-06-12,0
00006025,50,2025-11-20,0
00006026,150,2022-02-22,0
00006027,50,2022-03-22,500
00006028,150,2025-08-02,0
00006029,100,2022-05-29,0
00006030,100,2025-08-09,0
00006031,50,2023-10-30,0
00006032,50,2023-03-03,500
00006033,200,2022-03-11,0
00006034,200,2025-02-11,0
00006035,50,2023-08-05,0
00006036,500,2024-12-10,0
00006037,200,2025-04-16,0
00006038,200,2022-10-23,0
00006039,100,2024-05-16,0
00006040,200,2023-08-23,0
00006041,100,2022-01-14,0
00006042,500,2025-12-12,0
00006043,150,2023-08-13,0
00006044,50,2024-12-12,0
00006045,100,2025-12-20,0
00006046,50,2022-10-01,0
00006047,50,2022-09-16,0
00006048,100,2025-08-14,1000
00006049,500,2022-07-09,500
00006050,50,2024-11-30,0
00006051,150,2024-09-29,0
00006052,500,2024-08-06,0
00006053,500,2022-12-05,0
00006054,200,2024-11-28,0
00006055,200,2022-12-29,0
00006056,150,2024-09-10,0
00006057,150,2024-01-14,0
00006058,150,2024-09-17,0
00006059,100,2025-03-15,0
00006060,150,2022-10-19,0
00006061,500,2025-10-03,0
00006062,200,2025-09-08,0
00006063,50,2024-03-14,250
00006064,200,2022-09-05,0
00006065,100,2022-05-10,0
00006066,100,2023-02-11,0
00006067,100,2025-03-02,0
00006068,100,2022-03-01,0
00006069,100,2022-11-14,0
00006070,500,2025-06-13,0
00006071,200,2022-12-17,0
00006072,200,2023-11-01,0
00006073,500,2022-06-04,0
00006074,100,2025-02-06,0
00006075,100,2022-12-08,0
00006076,150,2025-12-09,0
00006077,500,2025-01-11,0
00006078,500,2023-09-23,0
00006079,50,2024-09-28,0
00006080,200,2024-10-06,0
00006081,200,2023-08-17,0
00006082,50,2025-03-15,0
00006083,150,2025-03-28,0
00006084,200,2025-06-05,0
00006085,50,2023-01-05,0
00006086,500,2025-04-07,0
00006087,100,2025-03-15,0
00006088,50,2022-11-28,250
00006089,500,2024-08-17,0
00006090,200,2022-08-19,0
00006091,150,2022-10-11,0
00006092,500,2024-11-28,0
00006093,100,2022-02-27,0
00006094,50,2022-10-03,0
00006095,200,2022-04-22,0
00006096,100,2022-03-19,0
00006097,150,2025-02-09,0
00006098,200,2024-11-28,0
00006099,500,2024-06-16,0
00006100,100,2025-11-20,0
00006101,150,2025-09-28,0
00006102,100,2023-04-30,0
00006103,200,2022-05-05,0
00006104,50,2023-02-18,500
00006105,100,2024-03-05,0
00006106,500,2025-03-21,0
00006107,200,2022-05-17,0
00006108,100,2023-03-07,0
00006109,500,2022-07-11,2500
00006110,500,2022-12-09,0
00006111,500,2023-12-15,0
00006112,50,2023-09-13,0
00006113,150,2025-08-31,0
00006114,500,2023-01-30,2500
00006115,50,2025-03-26,0
00006116,200,2022-06-19,0
00006117,500,2024-10-20,500
00006118,100,2024-03-25,500
00006119,100,2022-08-25,0
00006120,50,2025-11-07,0
00006121,200,2024-04-19,0
00006122,100,2022-04-20,0
00006123,50,2022-08-26,0
00006124,200,2022-08-03,0
00006125,100,2022-03-27,0
00006126,50,2024-07-03,0
00006127,150,2025-09-17,0
00006128,500,2024-06-15,0
00006129,100,2025-06-29,0
00006130,100,2022-03-17,0
00006131,100,2024-06-02,0
00006132,100,2025-01-03,500
00006133,200,2025-08-25,0
00006134,150,2024-12-02,0
00006135,150,2022-12-27,0
00006136,150,2022-02-16,0
00006137,200,2025-07-04,0
00006138,150,2022-01-18,0
00006139,150,2022-10-03,0
00006140,150,2024-02-09,0
00006141,500,2023-02-01,0
00006142,150,2023-12-18,0
00006143,50,2025-09-03,250
00006144,500,2025-05-06,0
00006145,500,2024-10-13,0
00006146,50,2023-04-14,0
00006147,50,2022-10-18,0
00006148,200,2024-01-06,0
00006149,500,2024-01-21,0
00006150,100,2023-03-11,0
00006151,150,2022-06-03,0
00006152,100,2022-02-22,0
00006153,200,2022-04-21,0
00006154,150,2025-06-11,0
00006155,100,2025-02-15,0
00006156,50,2022-12-07,0
00006157,50,2024-06-26,0
00006158,50,2024-06-02,0
00006159,500,2022-02-15,0
00006160,100,2022-09-17,0
00006161,500,2025-08-24,0
00006162,50,2023-12-03,0
00006163,100,2025-11-02,0
00006164,50,2023-03-31,0
00006165,150,2022-03-08,0
00006166,50,2022-02-04,0
00006167,200,2024-10-13,0
00006168,200,2024-01-25,0
00006169,150,2025-06-29,15000
00006170,500,2025-10-18,0
00006171,150,2024-02-01,0
00006172,100,2023-05-20,0
00006173,50,2022-10-08,0
00006174,150,2024-08-03,0
00006175,50,2022-04-01,0
00006176,50,2024-11-19,0
00006177,100,2022-02-24,0
00006178,200,2025-02-08,0
00006179,200,2024-03-27,0
00006180,50,2024-09-28,0
00006181,500,2022-03-29,0
00006182,500,2022-07-19,0
00006183,150,2024-07-06,0
00006184,500,2022-03-04,0
00006185,50,2023-12-03,0
00006186,200,2022-06-22,0
00006187,50,2024-04-16,0
00006188,100,2022-04-21,0
00006189,100,2023-11-12,100
00006190,150,2024-01-10,0
00006191,150,2024-10-04,0
00006192,200,2022-12-25,0
00006193,100,2022-02-20,10000
00006194,100,2023-12-16,0
00006195,500,2025-10-17,0
00006196,200,2025-12-11,0
00006197,150,2024-10-13,150
00006198,500,2022-01-12,0
00006199,100,2025-05-28,0
00006200,200,2023-06-05,0
00006201,200,2024-06-13,0
00006202,50,2023-12-25,0
00006203,500,2023-05-08,0
00006204,200,2022-02-08,2000
00006205,200,2024-04-29,0
00006206,150,2023-11-08,0
00006207,50,2022-05-19,0
00006208,50,2024-07-04,0
00006209,200,2022-09-12,0
00006210,50,2022-02-10,0
00006211,150,2025-04-14,0
00006212,500,2022-05-20,0
00006213,500,2025-12-04,0
00006214,150,2025-03-21,750
00006215,50,2023-10-11,0
00006216,50,2023-06-08,0
00006217,500,2022-03-19,0
00006218,150,2025-08-17,0
00006219,200,2024-03-19,0
00006220,500,2024-10-06,0
00006221,50,2023-02-11,0
00006222,200,2025-11-04,0
00006223,200,2024-02-22,0
00006224,150,2022-07-29,0
00006225,200,2022-07-23,0
00006226,200,2023-08-11,0
00006227,200,2024-09-09,0
00006228,100,2023-04-23,0
00006229,150,2024-06-13,0
00006230,500,2025-10-03,0
00006231,150,2025-04-08,0
00006232,50,2025-06-04,0
00006233,50,2022-05-18,0
00006234,150,2022-12-05,0
00006235,100,2022-02-23,0
00006236,50,2024-11-21,0
00006237,500,2022-12-18,0
00006238,200,2022-04-23,0
00006239,50,2025-07-15,0
00006240,150,2022-07-14,0
00006241,500,2022-06-21,0
00006242,500,2025-03-16,0
00006243,500,2025-04-12,0
00006244,100,2022-08-18,10000
00006245,50,2025-01-05,0
00006246,500,2023-08-17,0
00006247,500,2022-03-04,0
00006248,50,2025-01-24,0
00006249,150,2023-09-15,0
00006250,100,2022-09-04,0
00006251,150,2024-12-04,0
00006252,100,2025-03-15,0
00006253,500,2024-02-05,0
00006254,50,2025-01-09,0
00006255,50,2023-06-16,0
00006256,200,2024-08-29,0
00006257,50,2023-01-04,0
00006258,200,2025-02-27,100000
00006259,200,2022-07-07,0
00006260,50,2022-11-20,0
00006261,200,2025-10-13,0
00006262,150,2022-12-05,0
00006263,200,2025-02-20,0
00006264,100,2024-08-06,0
00006265,200,2025-03-30,0
00006266,200,2025-09-23,0
00006267,150,2022-03-30,0
00006268,100,2022-08-30,0
00006269,50,2025-04-04,0
00006270,150,2024-05-24,100000
00006271,100,2022-12-29,0
00006272,500,2025-02-17,0
00006273,200,2023-12-27,0
00006274,200,2025-04-04,0
00006275,200,2023-01-08,0
00006276,50,2025-05-23,0
00006277,150,2025-06-02,0
00006278,500,2023-05-25,0
00006279,500,2024-05-29,50000
00006280,500,2023-10-02,0
00006281,200,2022-01-24,0
00006282,150,2022-07-29,0
00006283,100,2023-12-30,0
00006284,100,2025-07-14,0
00006285,500,2025-01-24,0
00006286,500,2025-03-21,0
00006287,100,2023-06-29,0
00006288,500,2025-11-27,0
00006289,500,2022-03-26,0
00006290,100,2023-06-14,0
00006291,100,2024-12-15,0
00006292,500,2022-05-20,0
00006293,500,2022-05-10,500
00006294,100,2022-08-20,0
00006295,100,2024-01-03,0
00006296,500,2025-08-03,0
00006297,100,2024-04-14,0
00006298,100,2024-08-31,0
00006299,50,2023-12-01,0
00006300,100,2022-03-31,0
00006301,150,2025-02-13,0
00006302,200,2023-11-12,0
00006303,50,2022-12-06,0
00006304,150,2023-09-11,0
00006305,150,2022-09-13,0
00006306,200,2023-10-14,0
00006307,100,2025-11-28,0
00006308,50,2025-03-07,0
00006309,50,2024-08-20,0
00006310,200,2022-05-14,0
00006311,100,2025-12-04,0
00006312,500,2025-03-19,0
00006313,50,2025-01-24,0
00006314,50,2024-03-31,0
00006315,500,2022-10-25,500
00006316,200,2023-07-09,0
00006317,50,2023-04-09,0
00006318,500,2023-01-14,0
00006319,200,2023-06-27,0
00006320,500,2025-09-20,0
00006321,100,2025-12-02,0
00006322,200,2025-11-27,0
00006323,200,2023-10-01,0
00006324,200,2025-03-07,0
00006325,50,2023-11-02,0
00006326,150,2023-10-05,0
00006327,50,2022-08-15,0
00006328,100,2025-05-11,0
00006329,50,2025-11-08,0
00006330,150,2023-05-20,0
00006331,200,2025-11-23,200
00006332,50,2024-08-29,50
00006333,100,2025-05-05,0
00006334,500,2024-03-19,0
00006335,150,2023-05-25,0
00006336,100,2022-07-24,0
00006337,150,2023-11-03,0
00006338,50,2024-02-16,0
00006339,50,2022-02-20,0
00006340,500,2023-09-09,0
00006341,150,2024-12-22,0
00006342,150,2023-01-02,15000
00006343,200,2025-10-29,0
00006344,500,2025-06-10,0
00006345,200,2024-04-20,20000
00006346,150,2022-11-28,1500
00006347,150,2024-05-17,0
00006348,200,2024-06-26,0
00006349,50,2025-03-15,0
00006350,150,2023-10-16,0
00006351,100,2024-11-03,0
00006352,50,2024-05-20,0
00006353,150,2023-06-13,0
00006354,200,2022-09-25,0
00006355,100,2024-05-07,0
00006356,150,2022-04-21,0
00006357,150,2025-05-21,0
00006358,100,2022-04-20,10000
00006359,100,2023-01-18,0
00006360,100,2023-08-26,0
00006361,200,2024-05-26,0
00006362,200,2025-11-22,0
00006363,150,2024-04-01,0
00006364,150,2025-06-09,150
00006365,50,2022-06-11,0
00006366,50,2022-07-09,0
00006367,500,2023-05-30,0
00006368,500,2025-08-02,0
00006369,50,2022-01-13,0
00006370,500,2022-01-31,0
00006371,500,2024-11-23,0
00006372,200,2025-12-27,0
00006373,500,2022-09-19,0
00006374,50,2022-12-21,0
00006375,150,2024-06-28,0
00006376,50,2023-07-14,0
00006377,200,2023-06-23,0
00006378,200,2022-06-05,0
00006379,50,2022-12-04,100000
00006380,150,2023-04-14,0
00006381,200,2023-12-02,0
00006382,150,2025-11-27,0
00006383,200,2024-12-26,100000
00006384,150,2025-07-25,0
00006385,150,2024-11-18,0
00006386,100,2022-09-10,0
00006387,100,2024-10-28,0
00006388,150,2024-01-12,0
00006389,150,2022-04-07,15000
00006390,150,2023-09-18,0
00006391,150,2025-08-28,0
00006392,100,2023-02-08,0
00006393,50,2022-08-17,0
00006394,100,2022-11-12,0
00006395,200,2023-08-08,0
00006396,500,2024-10-03,0
00006397,500,2022-06-23,0
00006398,200,2023-02-27,0
00006399,150,2025-08-14,0
00006400,100,2024-09-29,0
00006401,100,2025-02-10,0
00006402,100,2022-05-30,0
00006403,150,2022-01-26,0
00006404,50,2022-05-18,0
00006405,200,2023-05-21,0
00006406,150,2023-11-05,0
00006407,100,2022-03-09,0
00006408,100,2023-10-28,0
00006409,500,2022-10-24,0
00006410,100,2023-11-09,0
00006411,150,2022-01-25,150
00006412,500,2022-05-22,0
00006413,200,2024-06-21,0
00006414,150,2024-11-19,0
00006415,200,2023-12-09,0
00006416,150,2023-06-05,0
00006417,150,2023-06-20,0
00006418,50,2024-12-24,0
00006419,500,2024-01-11,0
00006420,200,2025-05-19,0
00006421,200,2025-12-13,0
00006422,50,2022-02-01,0
00006423,150,2023-05-09,0
00006424,50,2022-10-29,0
00006425,500,2024-11-15,0
00006426,500,2024-03-01,0
00006427,500,2025-04-01,0
00006428,500,2024-12-16,0
00006429,100,2025-11-15,0
00006430,150,2023-10-07,0
00006431,100,2024-09-08,0
00006432,200,2025-10-26,0
00006433,200,2023-04-22,200
00006434,500,2025-01-11,0
00006435,200,2025-12-26,0
00006436,150,2022-09-28,0
00006437,500,2025-08-21,0
00006438,200,2022-11-30,0
00006439,100,2025-03-09,0
00006440,100,2022-08-19,0
00006441,500,2024-10-20,2500
00006442,500,2023-03-07,0
00006443,500,2024-11-20,0
00006444,500,2025-02-14,0
00006445,100,2022-10-26,0
00006446,50,2022-01-31,0
00006447,100,2022-01-05,100000
00006448,200,2024-08-02,0
00006449,50,2022-04-03,0
00006450,500,2025-07-17,0
00006451,500,2025-10-17,0
00006452,200,2022-09-07,200
00006453,150,2023-01-23,0
00006454,50,2023-08-15,250
00006455,500,2023-08-16,0
00006456,100,2025-08-06,0
00006457,500,2024-11-11,0
00006458,200,2023-07-20,0
00006459,500,2025-08-06,0
00006460,150,2023-09-26,0
00006461,500,2023-10-10,0
00006462,50,2022-03-13,50
00006463,200,2024-04-07,0
00006464,50,2024-01-28,0
00006465,150,2023-11-06,0
00006466,500,2024-02-16,0
00006467,50,2023-11-10,50
00006468,200,2024-06-05,0
00006469,200,2024-05-14,0
00006470,50,2022-01-27,0
00006471,200,2024-01-30,0
00006472,50,2025-12-22,250
00006473,150,2022-01-04,0
00006474,500,2023-10-26,0
00006475,500,2025-04-26,0
00006476,500,2024-08-19,100000
00006477,50,2024-01-23,0
00006478,100,2024-05-30,0
00006479,100,2023-08-26,0
00006480,200,2024-12-30,0
00006481,500,2025-06-27,0
00006482,200,2025-05-27,0
00006483,50,2024-12-17,0
00006484,200,2025-02-16,0
00006485,500,2022-08-31,0
00006486,200,2025-06-12,200
00006487,150,2025-04-26,0
00006488,150,2024-07-17,0
00006489,500,2024-07-19,0
00006490,50,2025-11-20,0
00006491,100,2022-02-15,0
00006492,100,2024-06-02,0
00006493,150,2024-07-19,0
00006494,500,2025-03-28,0
00006495,100,2024-02-18,100
00006496,500,2022-01-12,0
00006497,500,2024-01-25,0
00006498,50,2024-08-02,0
00006499,500,2023-10-06,0
00006500,50,2024-08-01,0
00006501,150,2025-12-17,750
00006502,200,2023-08-31,0
00006503,100,2022-06-02,100000
00006504,100,2023-07-29,100000
00006505,200,2022-10-10,0
00006506,100,2022-11-30,0
00006507,200,2023-11-16,0
00006508,50,2024-07-09,500
00006509,150,2023-06-30,0
00006510,50,2025-02-07,0
00006511,150,2024-02-03,0
00006512,50,2023-10-16,0
00006513,500,2022-09-16,100000
00006514,100,2022-09-16,0
00006515,150,2024-10-14,0
00006516,500,2022-02-06,0
00006517,50,2022-05-10,0
00006518,100,2025-12-13,0
00006519,200,2023-07-18,0
00006520,200,2022-12-18,0
00006521,100,2023-07-25,0
00006522,200,2022-12-30,0
00006523,500,2025-06-05,0
00006524,150,2022-01-11,15000
00006525,500,2025-08-28,0
00006526,500,2023-01-10,0
00006527,150,2024-07-15,0
00006528,100,2024-05-09,100000
00006529,150,2022-01-13,0
00006530,50,2023-12-21,0
00006531,50,2022-07-07,0
00006532,150,2022-01-03,0
00006533,200,2022-08-12,0
00006534,50,2023-10-08,0
00006535,50,2022-03-31,0
00006536,100,2024-06-21,100000
00006537,100,2023-02-13,10000
00006538,50,2024-05-31,0
00006539,50,2022-01-10,0
00006540,150,2025-12-05,0
00006541,50,2024-10-29,0
00006542,150,2025-02-24,0
00006543,150,2023-04-10,0
00006544,100,2025-03-08,0
00006545,200,2025-04-29,0
00006546,100,2024-04-24,0
00006547,500,2023-06-11,0
00006548,200,2022-08-25,0
00006549,50,2025-07-02,0
00006550,500,2022-10-17,0
00006551,100,2023-09-29,0
00006552,50,2023-03-13,0
00006553,50,2022-03-14,0
00006554,50,2022-11-11,0
00006555,500,2025-09-21,0
00006556,100,2025-11-03,0
00006557,200,2023-08-31,0
00006558,150,2024-06-15,0
00006559,100,2023-11-22,0
00006560,100,2024-05-11,0
00006561,200,2023-07-14,0
00006562,200,2022-03-21,0
00006563,200,2023-02-01,0
00006564,100,2023-05-30,0
00006565,500,2024-10-27,0
00006566,150,2022-12-29,0
00006567,100,2024-02-23,0
00006568,150,2024-04-11,0
00006569,500,2022-04-08,0
00006570,50,2024-07-01,0
00006571,150,2025-12-14,1500
00006572,200,2025-06-23,0
00006573,50,2024-01-16,0
00006574,100,2023-02-26,0
00006575,50,2025-05-01,500
00006576,150,2022-08-08,1500
00006577,50,2025-09-26,0
00006578,50,2023-04-24,50
00006579,50,2024-08-05,0
00006580,200,2022-07-14,0
00006581,50,2022-10-19,0
00006582,150,2025-12-13,0
00006583,200,2022-04-21,0
00006584,100,2022-12-11,0
00006585,200,2025-06-25,0
00006586,100,2023-10-08,0
00006587,150,2025-12-01,0
00006588,100,2022-01-02,0
00006589,100,2023-01-09,0
00006590,150,2025-03-04,0
00006591,50,2022-01-22,0
00006592,200,2025-12-03,0
00006593,50,2023-10-17,0
00006594,100,2023-01-10,0
00006595,150,2025-09-02,0
00006596,500,2023-06-16,0
00006597,500,2023-11-27,5000
00006598,50,2024-10-05,5000
00006599,100,2022-09-22,0
00006600,500,2022-04-12,0
00006601,500,2025-10-12,0
00006602,50,2023-04-18,0
00006603,50,2022-04-09,5000
00006604,150,2025-10-19,0
00006605,150,2022-01-25,0
00006606,500,2022-08-31,5000
00006607,100,2022-03-06,0
00006608,200,2022-04-04,0
00006609,150,2022-05-12,1500
00006610,500,2022-07-12,0
00006611,150,2025-06-14,0
00006612,100,2025-01-22,0
00006613,100,2024-02-05,0
00006614,150,2022-10-28,15000
00006615,50,2022-03-10,5000
00006616,500,2025-03-28,500
00006617,200,2025-03-15,0
00006618,500,2022-05-01,50000
00006619,200,2024-09-04,0
00006620,100,2024-09-07,0
00006621,100,2023-03-23,0
00006622,500,2023-08-15,0
00006623,150,2023-04-06,15000
00006624,200,2024-07-27,0
00006625,100,2023-11-16,0
00006626,100,2022-11-26,0
00006627,50,2022-05-30,0
00006628,200,2023-10-04,0
00006629,200,2023-01-12,0
00006630,200,2025-01-05,0
00006631,500,2022-05-06,0
00006632,500,2025-12-09,0
00006633,100,2023-03-30,0
00006634,50,2022-05-23,50
00006635,500,2022-03-23,0
00006636,200,2025-10-18,1000
00006637,50,2025-07-28,0
00006638,500,2025-02-12,0
00006639,500,2023-06-03,0
00006640,100,2022-08-27,10000
00006641,200,2023-03-27,0
00006642,500,2022-01-14,0
00006643,150,2024-07-23,0
00006644,500,2025-02-13,0
00006645,500,2024-07-12,0
00006646,500,2023-01-17,100000
00006647,500,2024-05-17,0
00006648,200,2022-04-06,0
00006649,100,2024-05-08,0
00006650,100,2022-01-18,0
00006651,100,2024-07-26,0
00006652,500,2023-01-18,50000
00006653,200,2022-02-20,0
00006654,100,2022-01-03,0
00006655,50,2022-07-06,0
00006656,100,2023-04-08,0
00006657,500,2022-01-13,0
00006658,200,2025-12-05,0
00006659,50,2025-08-18,0
00006660,100,2022-05-19,0
00006661,500,2022-09-12,0
00006662,200,2022-01-09,0
00006663,500,2022-07-13,0
00006664,50,2024-10-27,0
00006665,500,2024-01-31,0
00006666,500,2022-06-17,0
00006667,150,2025-03-11,0
00006668,200,2022-12-09,0
00006669,50,2024-02-21,0
00006670,50,2025-12-22,500
00006671,100,2024-09-07,0
00006672,500,2023-03-19,50000
00006673,500,2022-11-13,0
00006674,500,2024-09-09,0
00006675,500,2023-07-20,0
00006676,150,2022-04-20,0
00006677,500,2022-10-10,0
00006678,200,2022-11-29,1000
00006679,500,2023-03-14,0
00006680,500,2022-09-19,0
00006681,100,2022-10-05,0
00006682,100,2022-05-02,0
00006683,150,2023-07-25,0
00006684,150,2025-09-03,0
00006685,100,2024-12-10,0
00006686,50,2024-05-13,0
00006687,150,2025-03-28,0
00006688,100,2025-12-06,500
00006689,50,2022-09-19,250
00006690,50,2023-07-22,0
00006691,100,2023-03-25,0
00006692,100,2024-06-17,0
00006693,100,2025-11-25,0
00006694,100,2024-02-03,0
00006695,50,2022-09-25,0
00006696,200,2023-11-19,0
00006697,200,2023-06-04,0
00006698,50,2025-10-29,0
00006699,50,2023-12-07,0
00006700,500,2023-04-18,0
00006701,200,2024-07-24,0
00006702,200,2025-04-12,100000
00006703,100,2022-09-28,0
00006704,50,2025-08-27,0
00006705,500,2022-07-03,0
00006706,50,2024-08-19,0
00006707,500,2022-03-25,0
00006708,100,2025-04-07,0
00006709,500,2023-03-23,0
00006710,50,2023-06-24,0
00006711,500,2023-07-20,50000
00006712,200,2022-11-29,0
00006713,50,2023-02-20,0
00006714,200,2024-09-24,200
00006715,150,2024-04-11,0
00006716,150,2024-05-05,0
00006717,200,2024-08-01,0
00006718,50,2024-02-24,0
00006719,200,2022-11-10,100000
00006720,200,2024-01-12,0
00006721,150,2025-04-05,0
00006722,150,2023-09-08,0
00006723,200,2024-06-02,0
00006724,100,2025-11-03,0
00006725,100,2023-04-06,0
00006726,150,2022-01-18,0
00006727,500,2024-02-11,0
00006728,100,2022-09-23,0
00006729,200,2022-10-03,0
00006730,50,2022-07-01,0
00006731,100,2023-06-08,0
00006732,200,2025-09-24,0
00006733,150,2025-09-02,0
00006734,150,2023-06-30,0
00006735,50,2025-10-22,0
00006736,500,2025-07-27,0
00006737,50,2024-12-29,0
00006738,500,2025-11-08,0
00006739,500,2024-04-14,0
00006740,100,2023-09-30,0
00006741,50,2025-09-09,0
00006742,200,2023-06-24,0
00006743,500,2023-11-25,0
00006744,100,2023-07-31,0
00006745,100,2024-01-19,0
00006746,150,2024-12-24,0
00006747,100,2023-06-18,0
00006748,50,2025-11-13,0
00006749,50,2025-12-17,0
00006750,500,2024-10-19,0
00006751,150,2023-07-01,0
00006752,200,2024-03-10,0
00006753,500,2025-10-14,0
00006754,150,2024-07-17,0
00006755,150,2025-07-25,0
00006756,100,2024-01-09,0
00006757,200,2024-01-30,0
00006758,150,2024-03-15,0
00006759,500,2024-10-26,0
00006760,50,2024-06-01,0
00006761,150,2022-09-17,1500
00006762,150,2024-01-28,150
00006763,500,2023-11-12,0
00006764,500,2023-09-20,0
00006765,150,2023-01-15,0
00006766,500,2022-10-20,0
00006767,150,2025-03-25,0
00006768,150,2024-07-03,0
00006769,100,2022-01-28,0
00006770,150,2022-10-07,0
00006771,500,2022-09-01,0
00006772,200,2022-09-08,0
00006773,150,2022-04-18,0
00006774,150,2025-08-25,0
00006775,100,2023-05-23,0
00006776,100,2024-04-30,0
00006777,150,2023-10-11,0
00006778,100,2022-04-25,0
00006779,200,2023-03-27,0
00006780,200,2023-04-08,0
00006781,50,2022-03-03,0
00006782,50,2024-10-12,0
00006783,150,2022-12-09,0
00006784,50,2022-06-12,0
00006785,500,2024-07-03,100000
00006786,150,2023-10-14,0
00006787,150,2025-09-09,0
00006788,100,2024-06-05,0
00006789,500,2024-08-01,0
00006790,200,2022-04-10,0
00006791,100,2025-08-09,0
00006792,50,2025-11-17,0
00006793,150,2022-10-30,0
00006794,200,2024-08-05,0
00006795,500,2024-05-30,0
00006796,150,2024-04-12,0
00006797,200,2022-01-07,0
00006798,50,2025-08-15,0
00006799,150,2022-11-09,0
00006800,500,2022-05-09,5000
00006801,150,2025-08-22,0
00006802,50,2022-03-16,250
00006803,200,2025-10-29,0
00006804,100,2022-05-15,0
00006805,150,2024-08-06,0
00006806,100,2022-09-03,0
00006807,500,2023-09-09,0
00006808,500,2025-11-18,0
00006809,100,2024-03-26,0
00006810,50,2024-10-09,0
00006811,50,2023-02-11,0
00006812,200,2025-06-28,0
00006813,100,2024-11-27,0
00006814,100,2022-02-24,0
00006815,100,2025-03-24,0
00006816,200,2023-05-20,0
00006817,150,2025-06-14,0
00006818,100,2023-04-26,0
00006819,100,2025-08-03,0
00006820,200,2023-04-10,0
00006821,100,2024-12-05,0
00006822,100,2022-01-03,0
00006823,200,2025-11-16,0
00006824,100,2023-12-27,0
00006825,100,2024-05-16,0
00006826,500,2023-12-18,0
00006827,200,2024-03-24,200
00006828,500,2024-07-29,2500
00006829,200,2025-05-28,0
00006830,50,2024-11-01,0
00006831,100,2024-02-20,100
00006832,200,2022-09-13,0
00006833,50,2023-12-27,0
00006834,500,2023-04-01,0
00006835,500,2025-10-20,0
00006836,100,2025-12-17,10000
00006837,200,2025-12-19,0
00006838,500,2023-06-13,0
00006839,200,2023-02-15,0
00006840,150,2022-09-26,0
00006841,100,2025-11-15,0
00006842,100,2022-11-27,0
00006843,500,2022-02-04,0
00006844,500,2023-08-22,0
00006845,100,2023-12-10,0
00006846,500,2022-11-12,0
00006847,100,2023-01-01,0
00006848,150,2024-04-09,750
00006849,500,2023-11-23,0
00006850,50,2024-03-08,0
00006851,200,2023-05-17,200
00006852,500,2022-04-24,0
00006853,200,2023-07-19,0
00006854,100,2022-01-13,0
00006855,150,2023-04-15,0
00006856,150,2022-09-07,0
00006857,150,2022-11-01,150
00006858,100,2024-02-29,0
00006859,50,2024-11-07,0
00006860,200,2023-04-15,0
00006861,200,2025-09-07,0
00006862,50,2023-10-05,0
00006863,200,2022-04-03,0
00006864,150,2025-03-10,750
00006865,50,2024-01-25,500
00006866,50,2022-06-08,0
00006867,150,2023-11-07,0
00006868,50,2025-03-12,0
00006869,50,2025-03-26,0
00006870,500,2023-03-10,0
00006871,200,2025-01-25,0
00006872,100,2022-05-04,0
00006873,50,2022-10-08,250
00006874,200,2022-11-21,0
00006875,50,2025-06-29,0
00006876,200,2022-07-16,0
00006877,50,2022-11-03,0
00006878,100,2025-03-16,0
00006879,200,2025-06-24,0
00006880,500,2025-03-06,0
00006881,200,2022-03-16,0
00006882,500,2024-08-29,0
00006883,100,2024-05-23,0
00006884,200,2023-04-19,100000
00006885,100,2022-09-28,0
00006886,200,2025-10-14,0
00006887,200,2023-11-26,0
00006888,500,2024-12-31,0
00006889,500,2024-05-10,0
00006890,100,2025-07-16,0
00006891,150,2023-02-20,0
00006892,50,2025-07-14,0
00006893,150,2023-09-25,0
00006894,500,2025-10-08,0
00006895,500,2025-07-28,0
00006896,100,2022-09-13,0
00006897,100,2022-09-05,0
00006898,150,2022-02-18,0
00006899,200,2024-02-14,0
00006900,150,2025-02-27,0
00006901,150,2024-09-09,150
00006902,50,2022-10-15,0
00006903,500,2024-08-08,0
00006904,150,2025-01-20,0
00006905,200,2024-10-13,0
00006906,500,2024-07-06,0
00006907,150,2022-07-02,0
00006908,100,2024-02-29,0
00006909,200,2025-11-15,0
00006910,150,2023-11-09,15000
00006911,100,2023-12-24,0
00006912,100,2024-08-21,0
00006913,500,2024-03-01,0
00006914,500,2024-05-23,0
00006915,200,2024-06-22,100000
00006916,150,2022-10-09,0
00006917,200,2023-04-02,0
00006918,50,2025-11-23,0
00006919,200,2022-01-17,0
00006920,150,2022-08-14,0
00006921,100,2024-08-05,0
00006922,100,2024-05-23,0
00006923,50,2023-10-06,0
00006924,500,2025-06-25,0
00006925,500,2023-11-18,0
00006926,150,2023-07-31,0
00006927,200,2023-05-23,0
00006928,150,2023-06-21,0
00006929,150,2023-03-30,0
00006930,150,2022-05-30,0
00006931,150,2025-06-07,0
00006932,500,2025-05-20,0
00006933,500,2023-05-12,0
00006934,150,2023-07-19,0
00006935,150,2023-04-09,0
00006936,150,2024-04-19,0
00006937,500,2025-10-16,0
00006938,500,2022-12-17,0
00006939,50,2025-04-30,0
00006940,200,2022-09-20,0
00006941,200,2023-03-24,0
00006942,500,2025-08-08,0
00006943,500,2025-04-08,0
00006944,150,2022-07-24,0
00006945,50,2022-01-17,0
00006946,500,2024-07-01,0
00006947,100,2022-08-24,0
00006948,50,2024-09-07,0
00006949,500,2023-12-14,0
00006950,200,2024-01-29,0
00006951,500,2022-09-28,0
00006952,100,2022-03-18,0
00006953,50,2023-09-11,0
00006954,200,2023-09-16,0
00006955,50,2022-10-31,0
00006956,100,2025-03-06,100
00006957,100,2023-12-30,0
00006958,50,2023-02-22,0
00006959,200,2023-11-14,0
00006960,150,2024-12-18,0
00006961,200,2023-01-25,0
00006962,150,2025-07-10,0
00006963,200,2022-01-05,0
00006964,200,2022-06-11,0
00006965,500,2023-03-24,0
00006966,150,2025-12-16,0
00006967,150,2023-01-23,0
00006968,150,2024-03-23,0
00006969,50,2022-05-29,0
00006970,500,2025-02-01,0
00006971,100,2023-08-31,0
00006972,100,2024-04-14,0
00006973,100,2022-03-10,0
00006974,100,2023-09-27,0
00006975,100,2023-06-27,0
00006976,50,2022-02-08,0
00006977,200,2025-04-01,0
00006978,200,2025-01-11,0
00006979,50,2025-02-04,0
00006980,150,2025-12-26,0
00006981,100,2025-03-11,0
00006982,200,2025-04-08,0
00006983,100,2025-09-01,10000
00006984,200,2023-08-09,2000
00006985,100,2022-03-18,0
00006986,150,2022-04-30,0
00006987,500,2024-01-21,0
00006988,100,2022-11-28,0
00006989,500,2023-07-29,0
00006990,150,2023-01-07,0
00006991,150,2022-11-23,0
00006992,100,2024-12-01,0
00006993,500,2023-04-24,500
00006994,100,2023-11-08,0
00006995,50,2023-03-18,0
00006996,50,2023-04-16,250
00006997,150,2024-04-16,0
00006998,50,2025-11-18,0
00006999,200,2024-07-23,0
00007000,50,2024-06-15,0
00007001,100,2024-09-06,0
00007002,150,2023-10-08,0
00007003,50,2022-12-22,0
00007004,150,2023-03-08,750
00007005,100,2025-04-06,0
00007006,150,2024-09-25,0
00007007,50,2023-03-20,0
00007008,100,2022-04-06,0
00007009,150,2024-07-27,100000
00007010,50,2022-07-06,0
00007011,100,2022-12-01,0
00007012,100,2023-08-23,1000
00007013,50,2024-06-18,0
00007014,200,2023-06-15,0
00007015,500,2024-08-05,0
00007016,50,2024-09-02,0
00007017,200,2023-10-20,0
00007018,200,2022-08-05,0
00007019,500,2023-01-10,0
00007020,50,2024-03-02,0
00007021,500,2023-04-11,0
00007022,200,2022-11-12,0
00007023,200,2025-07-12,0
00007024,500,2022-05-12,0
00007025,150,2025-05-11,100000
00007026,150,2024-02-29,0
00007027,500,2023-08-01,0
00007028,500,2022-10-29,0
00007029,200,2023-05-26,0
00007030,200,2025-03-20,0
00007031,50,2023-01-17,50
00007032,50,2022-04-07,0
00007033,200,2024-11-17,2000
00007034,500,2024-05-01,0
00007035,500,2022-04-13,0
00007036,50,2024-07-19,0
00007037,200,2023-08-20,0
00007038,100,2025-05-10,0
00007039,50,2025-04-18,0
00007040,500,2023-05-31,0
00007041,100,2025-05-10,0
00007042,50,2024-10-08,0
00007043,100,2022-10-19,0
00007044,200,2023-06-06,0
00007045,500,2024-07-19,0
00007046,50,2024-01-09,0
00007047,100,2022-10-23,0
00007048,100,2024-02-11,0
00007049,150,2025-04-25,0
00007050,200,2023-01-29,0
00007051,50,2025-11-18,0
00007052,100,2023-02-19,0
00007053,150,2023-09-11,0
00007054,50,2023-09-17,0
00007055,500,2024-10-19,0
00007056,500,2023-11-09,50000
00007057,50,2022-12-07,500
00007058,500,2025-10-31,0
00007059,500,2025-11-02,0
00007060,500,2023-10-04,0
00007061,200,2024-10-14,0
00007062,100,2024-03-24,0
00007063,100,2022-11-24,0
00007064,500,2023-10-11,0
00007065,150,2023-01-14,0
00007066,200,2024-08-29,0
00007067,100,2022-11-24,0
00007068,500,2022-11-11,500
00007069,200,2023-12-17,0
00007070,100,2025-05-23,0
00007071,150,2025-03-18,0
00007072,100,2022-11-06,0
00007073,50,2022-05-27,0
00007074,200,2023-03-24,100000
00007075,150,2023-10-09,0
00007076,500,2024-04-03,0
00007077,100,2024-08-06,0
00007078,100,2025-08-15,0
00007079,500,2023-08-31,0
00007080,100,2022-03-29,0
00007081,50,2023-11-18,0
00007082,500,2024-11-19,100000
00007083,150,2022-07-18,0
00007084,50,2023-04-02,0
00007085,50,2022-03-31,0
00007086,500,2023-04-05,0
00007087,100,2022-05-12,0
00007088,50,2022-12-29,0
00007089,50,2022-12-21,0
00007090,150,2023-08-30,0
00007091,50,2025-12-27,0
00007092,100,2024-06-10,0
00007093,500,2024-10-19,0
00007094,150,2022-01-18,0
00007095,500,2022-08-13,0
00007096,150,2025-02-13,0
00007097,200,2023-09-26,0
00007098,100,2025-10-11,10000
00007099,100,2025-03-13,0
00007100,200,2024-06-24,0
00007101,200,2023-05-16,0
00007102,500,2023-11-02,0
00007103,200,2025-07-30,0
00007104,200,2023-09-29,0
00007105,50,2025-05-05,0
00007106,100,2023-03-22,0
00007107,100,2022-08-17,0
00007108,200,2022-10-24,0
00007109,100,2023-01-10,100
00007110,50,2023-08-06,0
00007111,150,2024-12-25,0
00007112,50,2023-07-31,0
00007113,500,2025-03-09,0
00007114,50,2022-07-04,0
00007115,500,2024-07-03,0
00007116,200,2025-04-19,0
00007117,500,2023-07-23,0
00007118,500,2022-07-17,0
00007119,500,2025-12-01,0
00007120,500,2022-02-10,50000
00007121,200,2024-04-19,1000
00007122,50,2022-05-08,250
00007123,100,2025-01-09,0
00007124,500,2024-03-22,0
00007125,50,2022-01-08,0
00007126,50,2023-10-31,0
00007127,150,2023-05-16,0
00007128,100,2025-01-31,0
00007129,150,2025-02-06,0
00007130,200,2025-06-15,0
00007131,500,2025-06-06,50000
00007132,200,2024-12-29,0
00007133,100,2024-07-25,0
00007134,100,2023-04-11,0
00007135,500,2023-02-28,0
00007136,500,2025-06-02,0
00007137,100,2023-03-16,0
00007138,200,2022-06-20,0
00007139,50,2025-07-16,0
00007140,200,2022-12-29,0
00007141,50,2023-05-23,0
00007142,150,2022-08-11,150
00007143,100,2022-11-14,0
00007144,100,2023-02-16,0
00007145,500,2022-11-09,100000
00007146,500,2023-04-04,0
00007147,100,2024-08-02,0
00007148,50,2024-12-18,0
00007149,50,2024-04-11,0
00007150,200,2024-10-06,0
00007151,50,2024-05-15,0
00007152,150,2025-04-06,0
00007153,500,2024-12-06,0
00007154,150,2023-05-22,0
00007155,500,2022-09-18,0
00007156,200,2024-04-19,0
00007157,500,2025-11-23,0
00007158,500,2024-05-08,0
00007159,500,2025-08-10,0
00007160,150,2023-12-18,0
00007161,100,2025-10-15,500
00007162,200,2024-02-11,0
00007163,200,2024-12-29,0
00007164,100,2025-06-06,0
00007165,500,2022-07-12,0
00007166,200,2023-02-23,0
00007167,500,2025-04-29,0
00007168,100,2023-12-05,0
00007169,500,2023-07-13,0
00007170,50,2024-06-29,0
00007171,100,2025-04-01,0
00007172,50,2024-06-30,0
00007173,200,2022-10-20,0
00007174,200,2024-05-16,0
00007175,150,2022-05-09,0
00007176,500,2025-06-21,0
00007177,50,2025-02-25,100000
00007178,200,2023-09-21,0
00007179,200,2023-06-07,0
00007180,500,2025-03-15,0
00007181,150,2022-06-04,0
00007182,100,2025-05-30,0
00007183,150,2022-08-19,0
00007184,100,2023-08-15,0
00007185,500,2025-07-14,0
00007186,200,2025-04-05,0
00007187,500,2022-08-07,0
00007188,150,2025-04-11,0
00007189,150,2023-08-17,0
00007190,500,2022-12-08,0
00007191,500,2024-03-18,0
00007192,150,2022-12-17,0
00007193,50,2022-12-02,0
00007194,200,2022-03-22,0
00007195,150,2025-02-06,0
00007196,50,2022-02-07,0
00007197,100,2023-07-09,0
00007198,150,2024-01-05,0
00007199,100,2022-01-02,0
00007200,500,2025-03-19,0
00007201,50,2023-11-07,0
00007202,500,2025-02-02,0
00007203,500,2024-08-28,0
00007204,50,2025-02-07,0
00007205,100,2022-01-30,0
00007206,200,2024-01-29,0
00007207,50,2022-01-02,0
00007208,150,2024-03-10,0
00007209,200,2022-07-28,0
00007210,500,2023-12-30,0
00007211,50,2024-01-03,0
00007212,50,2025-02-16,0
00007213,500,2023-01-28,0
00007214,500,2025-09-23,0
00007215,150,2024-06-03,0
00007216,50,2024-10-26,0
00007217,50,2025-08-31,0
00007218,200,2022-11-28,0
00007219,50,2022-03-05,0
00007220,100,2024-05-25,0
00007221,50,2022-04-08,0
00007222,150,2023-09-13,0
00007223,150,2022-09-27,0
00007224,50,2024-03-16,0
00007225,150,2024-05-14,0
00007226,200,2024-02-06,0
00007227,50,2024-02-13,0
00007228,100,2022-08-28,0
00007229,150,2025-06-05,0
00007230,200,2022-10-08,0
00007231,200,2023-01-01,0
00007232,100,2022-09-13,0
00007233,150,2023-04-29,0
00007234,150,2024-06-19,0
00007235,150,2024-10-18,0
00007236,200,2023-09-14,0
00007237,150,2024-02-02,0
00007238,500,2024-06-14,0
00007239,50,2023-04-20,0
00007240,150,2022-01-13,0
00007241,50,2022-10-08,0
00007242,150,2023-03-23,0
00007243,500,2022-04-26,2500
00007244,200,2022-09-19,0
00007245,50,2022-05-20,0
00007246,200,2023-05-01,0
00007247,100,2025-07-21,0
00007248,200,2022-11-18,0
00007249,150,2025-01-02,0
00007250,100,2025-06-18,0
00007251,150,2025-12-29,0
00007252,500,2023-10-28,0
00007253,500,2025-10-01,0
00007254,150,2022-10-14,0
00007255,150,2022-07-27,0
00007256,500,2023-11-03,0
00007257,500,2022-06-22,0
00007258,50,2023-11-20,0
00007259,500,2025-07-28,5000
00007260,500,2022-07-09,0
00007261,200,2023-09-22,0
00007262,100,2024-01-20,0
00007263,150,2022-10-17,0
00007264,500,2023-08-29,0
00007265,200,2022-09-01,0
00007266,150,2025-12-09,0
00007267,500,2024-07-29,0
00007268,150,2025-05-20,0
00007269,150,2023-04-19,0
00007270,500,2022-03-04,0
00007271,50,2024-12-21,0
00007272,50,2022-05-21,0
00007273,100,2025-08-12,0
00007274,500,2023-01-09,0
00007275,50,2024-11-16,0
00007276,500,2022-12-25,0
00007277,500,2022-05-20,0
00007278,100,2024-09-09,0
00007279,100,2022-01-20,0
00007280,500,2024-06-09,0
00007281,50,2023-10-04,0
00007282,200,2025-11-17,0
00007283,150,2025-09-15,0
00007284,150,2023-04-09,0
00007285,500,2022-04-13,0
00007286,500,2022-08-08,0
00007287,200,2023-01-21,0
00007288,200,2024-10-13,20000
00007289,200,2024-02-15,0
00007290,500,2024-03-25,0
00007291,50,2023-09-28,0
00007292,200,2022-10-07,0
00007293,500,2023-06-11,0
00007294,200,2023-06-21,0
00007295,150,2022-04-18,0
00007296,500,2025-04-14,0
00007297,50,2022-08-18,100000
00007298,500,2023-11-28,0
00007299,500,2022-02-04,0
00007300,100,2025-11-01,0
00007301,100,2022-07-14,0
00007302,500,2025-05-02,0
00007303,500,2023-08-18,0
00007304,100,2025-08-25,0
00007305,150,2024-11-19,0
00007306,150,2025-06-22,0
00007307,500,2024-07-26,0
00007308,200,2022-12-16,0
00007309,150,2024-10-01,0
00007310,500,2023-12-15,0
00007311,100,2024-11-27,0
00007312,500,2022-04-16,0
00007313,50,2024-06-22,0
00007314,200,2025-01-08,0
00007315,50,2022-10-09,0
00007316,500,2023-01-20,0
00007317,200,2022-06-17,0
00007318,150,2025-04-04,0
00007319,150,2023-11-05,0
00007320,150,2023-02-27,0
00007321,100,2024-12-07,0
00007322,500,2022-08-03,2500
00007323,50,2023-03-06,0
00007324,150,2024-06-08,0
00007325,50,2022-06-17,0
00007326,500,2024-10-03,0
00007327,50,2023-07-18,0
00007328,150,2025-03-26,150
00007329,500,2025-09-06,0
00007330,500,2025-07-14,0
00007331,50,2024-06-30,0
00007332,50,2024-01-29,0
00007333,500,2024-05-20,0
00007334,500,2023-03-02,0
00007335,150,2022-07-03,0
00007336,150,2024-10-30,0
00007337,50,2024-08-09,0
00007338,50,2025-10-01,0
00007339,100,2025-10-10,0
00007340,50,2022-09-07,0
00007341,500,2022-06-13,100000
00007342,100,2025-03-20,0
00007343,150,2022-10-03,0
00007344,150,2023-12-17,0
00007345,200,2022-03-28,0
00007346,500,2023-11-03,0
00007347,50,2024-10-25,0
00007348,50,2023-08-04,0
00007349,100,2023-09-06,0
00007350,200,2023-02-28,0
00007351,150,2025-11-28,0
00007352,500,2024-10-13,0
00007353,200,2022-10-14,0
00007354,50,2023-03-21,0
00007355,500,2025-05-12,0
00007356,100,2023-03-05,0
00007357,500,2022-05-04,0
00007358,150,2025-01-20,0
00007359,200,2022-07-05,0
00007360,150,2024-07-11,0
00007361,50,2025-08-25,0
00007362,200,2024-02-09,0
00007363,200,2025-03-09,0
00007364,150,2022-08-25,0
00007365,150,2023-05-20,0
00007366,500,2022-03-29,0
00007367,500,2023-05-07,0
00007368,100,2024-07-24,500
00007369,500,2025-05-02,0
00007370,200,2024-04-19,1000
00007371,150,2022-12-29,0
00007372,200,2023-06-07,0
00007373,200,2022-06-06,200
00007374,500,2025-11-27,0
00007375,150,2025-07-23,0
00007376,150,2025-01-01,0
00007377,150,2024-04-18,0
00007378,50,2024-02-04,0
00007379,50,2023-01-22,0
00007380,500,2022-01-03,0
00007381,100,2022-01-17,0
00007382,200,2024-05-09,0
00007383,100,2024-11-08,0
00007384,150,2025-07-21,0
00007385,150,2024-07-17,0
00007386,500,2023-04-16,0
00007387,100,2022-02-14,0
00007388,500,2022-04-02,0
00007389,200,2023-06-17,0
00007390,500,2025-07-07,0
00007391,50,2025-03-12,0
00007392,500,2025-01-03,0
00007393,150,2025-06-10,0
00007394,150,2023-10-18,0
00007395,150,2022-08-18,0
00007396,100,2023-11-05,0
00007397,200,2022-10-06,0
00007398,50,2024-07-17,0
00007399,100,2022-02-13,0
00007400,200,2025-02-06,0
00007401,50,2022-08-05,0
00007402,150,2022-03-13,0
00007403,100,2025-04-24,0
00007404,500,2022-05-14,0
00007405,100,2025-01-28,0
00007406,150,2024-11-14,0
00007407,100,2023-03-16,0
00007408,200,2024-07-09,2000
00007409,50,2023-04-22,0
00007410,500,2022-01-26,0
00007411,50,2023-12-16,0
00007412,200,2022-02-17,0
00007413,100,2024-03-21,0
00007414,150,2022-12-08,0
00007415,150,2022-05-19,0
00007416,100,2023-04-22,0
00007417,500,2022-03-13,0
00007418,150,2024-07-11,0
00007419,50,2023-07-04,0
00007420,50,2022-02-10,5000
00007421,500,2025-12-13,0
00007422,500,2023-03-17,0
00007423,150,2023-05-07,0
00007424,50,2022-05-02,0
00007425,500,2023-09-26,2500
00007426,100,2023-07-22,0
00007427,200,2022-02-27,0
00007428,500,2024-08-30,0
00007429,200,2023-06-08,0
00007430,500,2024-04-13,0
00007431,100,2024-02-04,10000
00007432,150,2022-10-23,0
00007433,50,2023-06-27,0
00007434,100,2022-12-20,0
00007435,50,2024-12-28,0
00007436,50,2022-03-14,0
00007437,200,2024-12-12,0
00007438,200,2023-03-17,200
00007439,100,2025-01-23,0
00007440,100,2022-04-25,0
00007441,100,2022-03-13,1000
00007442,100,2024-03-11,0
00007443,200,2022-10-05,2000
00007444,100,2024-04-18,0
00007445,500,2022-03-05,50000
00007446,200,2025-05-23,0
00007447,50,2022-07-16,0
00007448,100,2023-11-15,0
00007449,500,2022-01-26,50000
00007450,100,2025-06-14,0
00007451,100,2022-03-12,0
00007452,100,2022-11-25,500
00007453,500,2024-02-19,0
00007454,500,2024-08-25,0
00007455,200,2024-10-12,0
00007456,50,2022-02-21,0
00007457,150,2023-10-10,0
00007458,150,2024-04-14,0
00007459,200,2022-08-16,0
00007460,500,2022-05-21,0
00007461,50,2024-07-20,0
00007462,100,2024-04-13,500
00007463,100,2023-09-10,0
00007464,100,2023-01-12,0
00007465,50,2025-08-19,0
00007466,100,2023-12-03,0
00007467,500,2023-07-07,0
00007468,100,2025-09-22,0
00007469,500,2023-07-11,0
00007470,200,2024-08-29,0
00007471,200,2025-06-17,1000
00007472,200,2025-08-06,0
00007473,150,2022-07-13,0
00007474,100,2024-08-21,0
00007475,200,2025-05-19,0
00007476,500,2022-02-19,0
00007477,100,2023-07-08,0
00007478,150,2025-04-11,0
00007479,50,2024-02-22,50
00007480,50,2025-03-23,0
00007481,150,2025-01-04,0
00007482,50,2022-12-16,0
00007483,500,2024-04-08,0
00007484,150,2025-05-27,0
00007485,200,2023-06-07,0
00007486,200,2024-11-18,0
00007487,100,2023-03-15,0
00007488,50,2022-01-20,0
00007489,150,2023-10-01,0
00007490,50,2024-11-12,0
00007491,200,2025-09-08,0
00007492,50,2025-03-02,0
00007493,50,2024-10-01,0
00007494,500,2022-09-25,5000
00007495,50,2022-04-14,0
00007496,500,2023-02-17,0
00007497,100,2023-02-09,0
00007498,100,2023-07-25,0
00007499,500,2024-06-14,0
00007500,50,2024-10-29,0
00007501,100,2025-03-21,0
00007502,200,2023-10-15,0
00007503,100,2022-10-31,0
00007504,50,2022-12-11,250
00007505,100,2024-10-03,0
00007506,100,2022-01-30,0
00007507,150,2022-01-04,0
00007508,100,2022-01-05,100
00007509,500,2024-11-28,0
00007510,150,2024-04-05,0
00007511,500,2022-08-16,0
00007512,50,2024-11-23,0
00007513,500,2022-07-04,0
00007514,50,2024-04-11,0
00007515,50,2025-04-02,0
00007516,50,2024-02-27,0
00007517,100,2023-04-27,0
00007518,200,2023-02-17,0
00007519,500,2025-10-10,0
00007520,500,2024-07-30,0
00007521,500,2022-04-02,0
00007522,500,2023-11-21,0
00007523,50,2025-01-26,0
00007524,150,2024-03-06,0
00007525,50,2022-02-17,0
00007526,500,2024-11-20,0
00007527,100,2023-05-26,0
00007528,50,2023-05-16,0
00007529,50,2022-07-16,0
00007530,50,2023-10-14,100000
00007531,500,2025-08-15,0
00007532,150,2023-11-07,0
00007533,500,2023-09-25,0
00007534,50,2023-01-23,0
00007535,50,2022-05-21,0
00007536,150,2023-05-05,0
00007537,200,2022-03-03,0
00007538,200,2025-03-23,0
00007539,150,2023-08-04,0
00007540,150,2024-04-08,0
00007541,100,2022-04-20,100000
00007542,100,2023-07-01,0
00007543,50,2022-10-13,0
00007544,500,2022-07-07,0
00007545,100,2022-10-10,0
00007546,500,2024-07-03,0
00007547,150,2022-01-03,0
00007548,200,2022-10-16,2000
00007549,500,2022-05-24,0
00007550,150,2022-10-06,0
00007551,150,2025-07-28,0
00007552,200,2023-10-01,0
00007553,100,2023-12-07,0
00007554,50,2022-01-18,0
00007555,100,2025-06-23,100000
00007556,100,2025-02-03,0
00007557,50,2025-01-29,0
00007558,200,2022-05-23,0
00007559,150,2023-12-10,0
00007560,150,2025-09-25,0
00007561,200,2022-08-23,0
00007562,50,2024-08-09,0
00007563,100,2022-04-24,0
00007564,200,2022-02-18,1000
00007565,500,2023-05-12,0
00007566,200,2022-06-27,1000
00007567,100,2022-09-18,0
00007568,200,2022-05-21,0
00007569,100,2022-03-02,0
00007570,150,2024-12-26,0
00007571,50,2024-10-16,0
00007572,200,2023-10-28,0
00007573,150,2023-10-02,0
00007574,50,2023-09-18,0
00007575,100,2024-06-19,0
00007576,100,2025-07-22,0
00007577,50,2022-08-08,0
00007578,150,2023-04-30,15000
00007579,100,2023-09-26,0
00007580,100,2023-06-16,0
00007581,500,2024-05-13,50000
00007582,500,2022-12-13,0
00007583,150,2022-07-27,0
00007584,100,2024-07-28,0
00007585,100,2024-03-18,0
00007586,50,2024-11-09,0
00007587,200,2025-12-11,0
00007588,150,2025-12-02,0
00007589,100,2022-09-24,0
00007590,50,2025-06-26,0
00007591,200,2025-01-22,0
00007592,150,2025-07-01,0
00007593,200,2022-06-14,0
00007594,500,2022-05-04,0
00007595,150,2022-01-31,150
00007596,500,2023-09-14,0
00007597,200,2023-09-10,0
00007598,100,2023-04-27,0
00007599,150,2023-03-06,0
00007600,150,2024-05-08,0
00007601,200,2025-01-26,0
00007602,50,2022-11-05,5000
00007603,150,2025-05-23,0
00007604,150,2022-12-02,0
00007605,500,2022-12-19,50000
00007606,150,2023-08-03,0
00007607,50,2022-09-11,0
00007608,500,2024-10-06,0
00007609,500,2025-02-01,2500
00007610,200,2023-05-26,20000
00007611,100,2023-09-21,0
00007612,500,2023-08-12,0
00007613,500,2023-01-02,0
00007614,500,2024-11-24,0
00007615,200,2025-01-04,20000
00007616,200,2023-06-16,0
00007617,50,2023-12-13,0
00007618,50,2022-03-31,0
00007619,100,2024-01-30,0
00007620,150,2022-06-18,0
00007621,100,2023-05-22,0
00007622,50,2025-12-21,0
00007623,150,2025-06-05,0
00007624,500,2024-05-18,2500
00007625,200,2022-10-19,0
00007626,500,2024-02-28,500
00007627,100,2022-12-01,500
00007628,50,2025-05-02,0
00007629,500,2025-06-29,0
00007630,50,2022-06-14,500
00007631,50,2022-01-28,0
00007632,200,2022-08-28,0
00007633,200,2022-07-22,0
00007634,200,2025-08-28,0
00007635,50,2022-08-03,0
00007636,200,2022-11-15,0
00007637,150,2025-11-01,0
00007638,50,2024-11-05,0
00007639,500,2025-08-20,0
00007640,200,2024-12-08,0
00007641,150,2022-01-20,0
00007642,50,2023-02-26,0
00007643,150,2023-04-03,0
00007644,100,2025-12-17,0
00007645,200,2022-12-07,0
00007646,200,2024-12-06,0
00007647,200,2022-10-09,0
00007648,500,2022-04-26,0
00007649,200,2022-08-18,0
00007650,50,2024-05-23,100000
00007651,50,2025-06-14,0
00007652,100,2022-09-23,0
00007653,500,2025-04-19,0
00007654,200,2023-05-30,0
00007655,50,2025-01-01,0
00007656,150,2023-04-10,15000
00007657,500,2022-08-06,0
00007658,50,2023-01-08,0
00007659,500,2022-01-31,0
00007660,500,2024-01-21,0
00007661,200,2024-10-22,1000
00007662,150,2025-10-02,0
00007663,100,2022-10-04,0
00007664,200,2023-01-17,0
00007665,50,2024-03-11,0
00007666,200,2025-05-18,0
00007667,200,2025-02-03,0
00007668,200,2023-06-16,0
00007669,200,2022-02-10,0
00007670,200,2025-10-29,0
00007671,50,2024-06-13,0
00007672,50,2023-05-19,0
00007673,150,2025-11-28,0
00007674,100,2022-07-03,0
00007675,50,2024-04-12,0
00007676,100,2024-03-06,10000
00007677,50,2023-03-22,0
00007678,50,2025-08-21,0
00007679,150,2022-11-17,0
00007680,100,2025-12-10,0
00007681,50,2025-06-23,0
00007682,100,2025-03-29,0
00007683,500,2023-08-23,0
00007684,100,2022-02-18,100
00007685,200,2025-05-15,0
00007686,50,2022-02-01,0
00007687,100,2022-04-06,0
00007688,150,2022-05-26,0
00007689,150,2025-01-31,0
00007690,150,2024-04-07,0
00007691,100,2023-04-19,0
00007692,500,2023-11-07,0
00007693,500,2022-07-05,5000
00007694,50,2022-08-31,0
00007695,150,2024-10-18,0
00007696,100,2024-10-01,0
00007697,500,2024-05-19,0
00007698,50,2023-10-18,0
00007699,500,2023-11-22,0
00007700,50,2022-10-08,0
00007701,50,2024-07-08,0
00007702,150,2022-07-21,0
00007703,500,2024-02-02,0
00007704,200,2024-11-03,2000
00007705,150,2022-11-13,0
00007706,50,2025-10-07,0
00007707,200,2022-11-26,0
00007708,200,2022-02-08,0
00007709,150,2024-06-10,0
00007710,150,2023-07-28,0
00007711,200,2024-08-17,0
00007712,150,2022-05-13,0
00007713,50,2024-08-01,0
00007714,500,2024-08-07,0
00007715,200,2023-06-24,0
00007716,200,2024-12-24,0
00007717,100,2024-09-12,0
00007718,50,2023-03-20,500
00007719,150,2023-04-13,0
00007720,100,2024-06-24,0
00007721,50,2023-09-10,0
00007722,150,2025-12-16,0
00007723,100,2024-02-25,100000
00007724,100,2023-11-12,0
00007725,200,2025-11-04,0
00007726,100,2024-07-12,0
00007727,500,2023-09-07,0
00007728,200,2024-05-03,0
00007729,100,2022-01-22,0
00007730,200,2025-10-31,0
00007731,200,2022-05-19,0
00007732,100,2023-11-24,0
00007733,500,2024-04-01,0
00007734,100,2024-01-04,0
00007735,100,2024-12-19,0
00007736,500,2024-08-31,0
00007737,200,2025-10-07,0
00007738,150,2024-11-24,0
00007739,500,2024-03-16,0
00007740,100,2022-12-28,1000
00007741,150,2023-04-27,0
00007742,150,2022-02-22,0
00007743,500,2022-10-24,0
00007744,500,2024-05-06,0
00007745,150,2025-05-05,0
00007746,200,2023-06-12,0
00007747,150,2023-01-28,0
00007748,150,2024-04-22,0
00007749,200,2024-10-21,0
00007750,200,2024-10-20,0
00007751,150,2023-06-06,0
00007752,50,2025-04-16,0
00007753,50,2023-05-10,0
00007754,500,2023-06-16,0
00007755,100,2024-09-03,0
00007756,200,2022-09-24,0
00007757,100,2023-01-05,500
00007758,100,2025-08-10,0
00007759,50,2022-08-06,0
00007760,200,2024-01-30,0
00007761,200,2024-05-22,0
00007762,200,2022-08-07,0
00007763,50,2023-08-27,0
00007764,500,2024-02-01,0
00007765,150,2025-02-05,0
00007766,500,2023-04-22,2500
00007767,50,2024-05-20,0
00007768,50,2023-03-01,0
00007769,100,2023-01-19,500
00007770,200,2025-03-10,0
00007771,50,2022-07-15,0
00007772,150,2023-01-13,0
00007773,150,2024-10-11,0
00007774,50,2024-05-14,0
00007775,50,2024-07-11,0
00007776,50,2023-03-19,0
00007777,50,2024-03-30,0
00007778,200,2022-03-22,0
00007779,50,2022-03-09,0
00007780,100,2023-03-04,0
00007781,200,2023-01-11,0
00007782,150,2024-02-11,0
00007783,50,2024-06-21,0
00007784,150,2024-06-27,0
00007785,100,2025-02-11,500
00007786,500,2022-03-08,0
00007787,150,2023-06-17,1500
00007788,500,2025-06-08,0
00007789,500,2023-10-28,0
00007790,500,2023-03-25,0
00007791,100,2022-09-18,0
00007792,100,2024-10-07,0
00007793,50,2022-11-24,0
00007794,50,2024-03-04,0
00007795,50,2023-09-04,0
00007796,500,2024-05-29,50000
00007797,200,2024-07-15,0
00007798,150,2022-12-18,0
00007799,100,2025-02-06,0
00007800,150,2023-02-25,0
00007801,150,2025-06-30,0
00007802,500,2024-02-05,500
00007803,500,2025-01-23,0
00007804,50,2024-05-07,0
00007805,150,2024-04-25,0
00007806,50,2022-12-14,50
00007807,50,2025-03-03,0
00007808,100,2025-05-03,500
00007809,50,2024-01-31,0
00007810,150,2023-05-03,0
00007811,150,2023-06-15,0
00007812,50,2025-04-12,0
00007813,100,2023-12-15,0
00007814,100,2023-02-27,0
00007815,100,2023-05-17,0
00007816,50,2022-11-12,0
00007817,150,2023-12-06,0
00007818,50,2022-08-21,0
00007819,100,2023-11-23,0
00007820,50,2023-04-08,0
00007821,500,2024-10-29,0
00007822,500,2023-08-07,0
00007823,100,2025-07-01,0
00007824,100,2023-01-30,0
00007825,150,2023-05-20,0
00007826,100,2025-04-27,0
00007827,50,2025-01-05,100000
00007828,500,2025-08-14,0
00007829,100,2023-07-06,0
00007830,50,2022-11-28,0
00007831,50,2024-06-28,0
00007832,500,2024-03-15,0
00007833,500,2025-05-16,0
00007834,50,2022-08-30,0
00007835,200,2024-04-02,0
00007836,200,2024-07-30,0
00007837,150,2023-07-24,0
00007838,50,2024-02-26,0
00007839,150,2025-08-05,750
00007840,200,2023-12-02,0
00007841,50,2025-04-15,0
00007842,200,2024-07-03,1000
00007843,50,2024-09-13,0
00007844,200,2022-09-20,0
00007845,150,2024-08-27,0
00007846,500,2025-07-13,0
00007847,150,2024-02-24,0
00007848,100,2025-12-07,100000
00007849,200,2022-09-04,0
00007850,100,2022-02-24,100000
00007851,100,2025-09-13,0
00007852,500,2023-07-05,0
00007853,100,2023-07-08,500
00007854,50,2022-05-09,0
00007855,100,2023-11-11,0
00007856,150,2022-07-12,0
00007857,100,2022-07-25,0
00007858,50,2023-09-06,0
00007859,50,2024-11-25,0
00007860,200,2025-04-25,0
00007861,100,2023-06-19,0
00007862,100,2024-02-06,0
00007863,150,2022-09-26,0
00007864,50,2024-10-24,0
00007865,150,2025-07-10,0
00007866,150,2025-12-05,0
00007867,50,2025-04-24,0
00007868,50,2023-09-12,0
00007869,200,2024-10-05,20000
00007870,200,2025-03-22,0
00007871,100,2023-04-26,0
00007872,500,2025-04-22,0
00007873,200,2023-12-27,100000
00007874,50,2022-12-06,0
00007875,500,2025-09-24,0
00007876,200,2023-07-18,100000
00007877,150,2025-07-27,0
00007878,150,2024-12-15,0
00007879,500,2022-12-18,0
00007880,150,2025-12-03,0
00007881,200,2022-10-04,0
00007882,100,2022-02-06,0
00007883,150,2024-03-25,0
00007884,500,2022-12-11,0
00007885,100,2025-07-29,0
00007886,150,2022-06-14,0
00007887,200,2022-12-12,0
00007888,100,2023-01-11,0
00007889,50,2022-08-06,0
00007890,150,2025-09-21,0
00007891,200,2022-12-11,0
00007892,150,2024-07-04,0
00007893,200,2023-01-22,0
00007894,150,2023-01-05,0
00007895,50,2022-12-14,0
00007896,100,2023-07-15,100000
00007897,500,2022-12-25,0
00007898,50,2025-05-25,0
00007899,200,2024-03-18,0
00007900,200,2022-03-23,0
00007901,200,2022-01-01,0
00007902,150,2022-04-18,0
00007903,150,2024-05-31,0
00007904,50,2024-09-04,0
00007905,50,2022-02-08,0
00007906,500,2022-06-03,500
00007907,500,2023-03-26,0
00007908,100,2025-01-08,0
00007909,100,2022-11-25,0
00007910,200,2022-07-11,100000
00007911,100,2024-02-22,0
00007912,50,2024-05-09,0
00007913,500,2022-10-22,0
00007914,50,2023-10-19,0
00007915,200,2022-08-16,0
00007916,200,2022-04-23,0
00007917,200,2022-09-23,0
00007918,100,2025-12-22,0
00007919,150,2022-01-22,1500
00007920,100,2024-08-06,0
00007921,150,2024-05-17,15000
00007922,100,2023-04-02,0
00007923,100,2023-02-10,0
00007924,50,2022-01-26,0
00007925,500,2023-06-15,0
00007926,50,2024-06-10,0
00007927,100,2022-07-23,0
00007928,150,2023-08-13,0
00007929,100,2024-07-30,0
00007930,200,2025-09-10,0
00007931,500,2024-01-12,0
00007932,200,2022-03-06,0
00007933,100,2023-05-30,0
00007934,100,2025-07-01,0
00007935,150,2024-05-27,0
00007936,200,2023-11-03,0
00007937,50,2024-11-13,0
00007938,50,2022-06-27,0
00007939,200,2025-06-23,0
00007940,100,2022-12-20,0
00007941,100,2022-03-26,0
00007942,150,2025-02-21,0
00007943,150,2023-07-01,0
00007944,50,2024-10-13,0
00007945,150,2023-12-09,0
00007946,150,2023-02-07,0
00007947,200,2025-03-18,0
00007948,500,2022-01-23,0
00007949,150,2025-01-02,0
00007950,100,2024-02-15,0
00007951,100,2024-05-06,0
00007952,50,2023-07-30,0
00007953,100,2023-02-10,0
00007954,150,2022-05-10,0
00007955,50,2025-05-04,0
00007956,500,2023-11-22,0
00007957,150,2024-09-13,0
00007958,150,2022-12-24,1500
00007959,100,2023-10-20,0
00007960,500,2022-02-02,0
00007961,50,2025-04-06,0
00007962,200,2024-12-28,20000
00007963,50,2023-09-17,0
00007964,200,2022-07-12,0
00007965,200,2024-10-31,0
00007966,500,2023-06-21,0
00007967,200,2022-04-15,0
00007968,200,2022-06-18,0
00007969,200,2025-08-27,0
00007970,150,2024-05-01,0
00007971,200,2024-08-15,0
00007972,200,2023-04-24,0
00007973,50,2024-01-24,0
00007974,50,2024-11-29,0
00007975,500,2025-06-01,0
00007976,50,2022-11-02,0
00007977,100,2025-03-27,0
00007978,50,2024-11-24,0
00007979,50,2025-11-29,0
00007980,500,2024-02-28,2500
00007981,150,2024-04-23,0
00007982,200,2022-03-10,0
00007983,50,2023-04-12,0
00007984,200,2023-07-01,0
00007985,500,2024-11-08,0
00007986,50,2024-03-22,0
00007987,200,2025-09-25,0
00007988,200,2024-08-22,0
00007989,50,2025-01-27,0
00007990,100,2023-01-11,0
00007991,200,2025-03-22,0
00007992,50,2025-06-12,100000
00007993,200,2024-11-06,0
00007994,200,2023-11-05,0
00007995,150,2025-10-16,0
00007996,50,2024-03-04,0
00007997,100,2025-03-18,0
00007998,150,2025-10-24,0
00007999,500,2025-11-21,0
00008000,500,2024-09-13,0
00008001,50,2023-10-07,0
00008002,150,2022-02-14,0
00008003,150,2025-03-15,0
00008004,50,2025-11-23,0
00008005,150,2025-08-19,0
00008006,200,2025-12-04,0
00008007,500,2024-04-02,0
00008008,200,2022-03-02,0
00008009,100,2023-01-18,0
00008010,50,2024-04-03,0
00008011,500,2025-10-16,0
00008012,50,2024-08-29,0
00008013,500,2025-04-05,0
00008014,500,2025-06-14,100000
00008015,500,2022-11-24,0
00008016,500,2022-11-12,0
00008017,150,2023-02-22,0
00008018,100,2024-08-07,100
00008019,500,2024-05-16,0
00008020,150,2025-06-04,0
00008021,200,2025-04-17,0
00008022,50,2023-02-27,0
00008023,500,2025-01-01,0
00008024,100,2022-06-28,0
00008025,100,2023-11-01,0
00008026,500,2025-11-18,5000
00008027,150,2025-03-04,0
00008028,200,2024-07-09,20000
00008029,500,2023-01-03,5000
00008030,500,2024-06-18,0
00008031,150,2023-06-14,0
00008032,500,2022-11-29,0
00008033,150,2023-04-21,0
00008034,500,2023-07-24,0
00008035,100,2022-04-22,0
00008036,50,2024-08-12,0
00008037,50,2024-04-28,0
00008038,50,2024-03-02,0
00008039,150,2025-09-20,0
00008040,50,2023-12-05,0
00008041,500,2025-04-02,0
00008042,50,2022-07-30,0
00008043,150,2025-04-04,0
00008044,100,2025-09-01,0
00008045,150,2022-01-04,0
00008046,200,2022-04-05,0
00008047,50,2025-05-11,0
00008048,200,2025-07-15,0
00008049,200,2022-04-09,0
00008050,500,2025-07-12,0
00008051,500,2025-08-04,0
00008052,50,2024-07-19,0
00008053,100,2024-12-18,0
00008054,200,2025-01-31,0
00008055,150,2023-09-05,0
00008056,150,2022-03-03,0
00008057,50,2024-07-26,0
00008058,500,2025-09-13,0
00008059,150,2025-03-03,0
00008060,200,2025-07-16,0
00008061,50,2024-05-08,0
00008062,200,2025-04-28,0
00008063,500,2024-02-28,0
00008064,100,2024-08-25,0
00008065,100,2022-02-01,0
00008066,500,2022-10-01,0
00008067,100,2025-07-03,0
00008068,50,2025-07-25,0
00008069,100,2024-05-12,0
00008070,150,2023-07-29,0
00008071,150,2025-05-03,0
00008072,100,2025-08-07,0
00008073,500,2025-10-25,0
00008074,200,2022-01-13,200
00008075,150,2025-09-17,0
00008076,100,2023-09-03,0
00008077,150,2023-03-17,0
00008078,50,2025-04-14,250
00008079,100,2024-07-28,0
00008080,50,2023-01-10,0
00008081,150,2025-03-13,0
00008082,50,2023-05-27,0
00008083,200,2022-01-02,0
00008084,150,2023-05-12,0
00008085,100,2025-11-13,0
00008086,150,2023-12-28,0
00008087,200,2023-06-08,0
00008088,50,2025-12-04,0
00008089,200,2024-01-23,0
00008090,150,2025-10-23,750
00008091,200,2025-12-08,0
00008092,500,2025-01-24,0
00008093,150,2025-03-13,0
00008094,200,2023-05-25,0
00008095,150,2025-12-29,0
00008096,100,2023-02-09,0
00008097,100,2024-05-26,10000
00008098,200,2025-05-22,0
00008099,500,2024-04-15,0
00008100,50,2022-09-22,0
00008101,150,2025-03-07,0
00008102,100,2022-10-04,0
00008103,150,2023-01-16,0
00008104,200,2023-01-13,0
00008105,200,2025-02-28,0
00008106,50,2024-02-26,0
00008107,50,2024-07-18,0
00008108,500,2025-04-09,0
00008109,100,2023-12-08,0
00008110,500,2025-05-15,0
00008111,100,2025-04-19,0
00008112,500,2025-01-27,0
00008113,150,2025-02-06,0
00008114,200,2025-02-12,0
00008115,200,2024-07-12,0
00008116,150,2024-06-07,150
00008117,100,2023-06-06,0
00008118,50,2024-12-07,0
00008119,150,2025-05-30,0
00008120,50,2023-11-02,0
00008121,500,2023-01-24,0
00008122,500,2022-06-23,0
00008123,100,2024-04-04,100
00008124,50,2023-08-17,0
00008125,200,2024-03-27,0
00008126,500,2022-05-18,0
00008127,150,2025-08-28,0
00008128,50,2023-08-06,0
00008129,500,2022-05-25,0
00008130,50,2022-02-04,0
00008131,500,2024-10-12,0
00008132,500,2024-08-20,0
00008133,500,2025-06-09,0
00008134,150,2025-10-06,0
00008135,100,2025-09-28,0
00008136,100,2023-08-31,0
00008137,150,2025-06-25,0
00008138,100,2022-04-24,0
00008139,100,2023-11-21,0
00008140,50,2025-03-13,0
00008141,200,2024-05-26,0
00008142,50,2025-06-28,0
00008143,500,2025-06-24,0
00008144,500,2025-01-21,0
00008145,50,2025-08-22,0
00008146,150,2024-04-03,0
00008147,50,2022-06-24,0
00008148,150,2023-05-19,0
00008149,50,2024-07-07,0
00008150,200,2022-07-25,0
00008151,200,2025-03-17,0
00008152,200,2022-11-10,0
00008153,150,2022-01-14,0
00008154,150,2024-10-02,0
00008155,100,2023-10-14,0
00008156,50,2025-09-06,0
00008157,500,2023-10-09,0
00008158,50,2022-01-27,5000
00008159,200,2023-02-07,0
00008160,50,2024-10-13,0
00008161,150,2022-05-08,0
00008162,50,2025-03-24,0
00008163,100,2022-04-03,0
00008164,150,2025-06-27,0
00008165,500,2025-05-08,0
00008166,500,2023-02-11,0
00008167,100,2023-03-07,0
00008168,100,2023-09-03,0
00008169,150,2023-09-28,0
00008170,200,2023-08-10,0
00008171,50,2023-07-09,0
00008172,50,2024-06-28,0
00008173,500,2024-05-01,0
00008174,100,2023-10-08,0
00008175,50,2025-11-17,0
00008176,200,2023-10-21,100000
00008177,50,2024-08-23,0
00008178,500,2024-01-02,2500
00008179,100,2025-01-07,0
00008180,50,2023-07-03,0
00008181,100,2023-06-08,100
00008182,500,2023-12-27,0
00008183,150,2023-12-11,0
00008184,50,2022-07-15,0
00008185,200,2023-06-18,0
00008186,500,2024-03-14,0
00008187,100,2025-05-18,0
00008188,200,2022-04-07,0
00008189,200,2022-01-06,200
00008190,500,2023-05-19,0
00008191,50,2023-09-30,0
00008192,150,2022-08-29,0
00008193,50,2023-05-25,0
00008194,500,2022-11-03,0
00008195,500,2022-02-19,0
00008196,500,2024-02-23,0
00008197,100,2022-03-23,0
00008198,150,2025-01-19,0
00008199,150,2025-07-10,0
00008200,50,2025-09-13,0
00008201,500,2022-01-26,0
00008202,150,2022-11-19,0
00008203,150,2022-07-05,0
00008204,200,2023-08-02,0
00008205,500,2023-02-28,0
00008206,100,2023-12-03,0
00008207,100,2023-02-14,500
00008208,500,2024-08-17,0
00008209,50,2024-10-27,0
00008210,50,2024-06-03,0
00008211,500,2025-05-24,0
00008212,50,2025-05-06,0
00008213,50,2025-05-12,0
00008214,50,2025-01-12,0
00008215,150,2023-04-01,750
00008216,100,2024-03-09,0
00008217,50,2023-11-18,0
00008218,500,2023-11-25,0
00008219,150,2022-11-30,0
00008220,100,2023-01-17,0
00008221,50,2025-05-01,0
00008222,50,2023-08-28,0
00008223,100,2022-10-28,500
00008224,500,2024-08-21,0
00008225,200,2024-09-04,0
00008226,150,2025-12-27,0
00008227,200,2025-11-30,0
00008228,50,2024-12-25,0
00008229,100,2025-08-04,0
00008230,50,2024-06-27,0
00008231,150,2024-03-10,0
00008232,500,2025-03-18,0
00008233,100,2025-03-26,0
00008234,200,2024-03-04,0
00008235,100,2024-04-14,0
00008236,150,2025-12-10,0
00008237,200,2022-01-06,0
00008238,50,2022-10-10,0
00008239,50,2024-12-30,0
00008240,100,2024-02-05,0
00008241,500,2024-07-07,50000
00008242,500,2024-04-01,500
00008243,200,2023-04-30,20000
00008244,100,2024-06-07,0
00008245,150,2022-04-01,0
00008246,500,2025-08-05,50000
00008247,150,2022-01-17,0
00008248,500,2022-09-05,2500
00008249,500,2022-03-31,0
00008250,100,2022-05-01,0
00008251,100,2025-08-01,1000
00008252,100,2022-02-17,0
00008253,150,2022-11-20,0
00008254,200,2024-01-30,0
00008255,500,2024-01-21,0
00008256,50,2025-03-22,0
00008257,100,2024-03-14,100000
00008258,500,2024-05-31,50000
00008259,150,2024-10-06,0
00008260,150,2023-06-12,0
00008261,500,2022-10-08,5000
00008262,500,2025-05-23,0
00008263,150,2023-11-06,0
00008264,50,2022-09-12,0
00008265,500,2022-09-05,0
00008266,500,2024-03-08,0
00008267,150,2024-12-20,0
00008268,150,2023-11-08,0
00008269,200,2022-11-18,0
00008270,500,2025-11-05,0
00008271,50,2024-10-07,0
00008272,50,2023-10-07,0
00008273,200,2022-01-25,0
00008274,200,2022-07-30,0
00008275,100,2023-09-27,0
00008276,50,2024-07-05,5000
00008277,100,2024-05-13,0
00008278,200,2022-02-02,0
00008279,150,2022-05-09,0
00008280,150,2022-02-25,750
00008281,50,2022-05-19,0
00008282,50,2024-05-16,0
00008283,50,2023-10-10,0
00008284,150,2024-12-14,0
00008285,50,2024-02-04,0
00008286,150,2023-09-11,750
00008287,500,2023-10-31,0
00008288,500,2023-06-28,50000
00008289,150,2024-01-19,0
00008290,150,2025-11-23,0
00008291,200,2025-04-10,20000
00008292,50,2025-03-18,0
00008293,50,2025-08-09,0
00008294,500,2024-12-24,0
00008295,150,2024-04-08,0
00008296,200,2023-11-08,0
00008297,50,2025-02-08,0
00008298,150,2025-05-28,0
00008299,500,2024-07-31,0
00008300,50,2024-02-06,0
00008301,50,2023-01-16,0
00008302,200,2024-08-28,0
00008303,50,2025-01-15,0
00008304,50,2025-08-08,0
00008305,100,2022-12-02,1000
00008306,200,2024-09-28,0
00008307,100,2022-10-22,0
00008308,500,2025-12-01,0
00008309,100,2023-03-07,0
00008310,200,2023-08-16,0
00008311,100,2025-02-22,0
00008312,150,2023-05-07,0
00008313,200,2024-07-31,0
00008314,500,2025-08-29,0
00008315,100,2024-06-18,0
00008316,100,2025-06-27,0
00008317,100,2023-04-04,0
00008318,150,2025-08-27,0
00008319,100,2023-05-04,0
00008320,50,2025-03-24,50
00008321,50,2024-05-16,0
00008322,100,2022-12-25,0
00008323,150,2022-10-11,0
00008324,150,2024-10-10,0
00008325,500,2025-04-25,0
00008326,500,2022-01-19,0
00008327,200,2023-11-10,0
00008328,50,2023-11-04,0
00008329,150,2022-09-17,0
00008330,50,2024-06-25,0
00008331,500,2025-11-13,0
00008332,50,2023-02-18,0
00008333,100,2022-09-12,10000
00008334,150,2023-05-19,0
00008335,100,2023-01-13,0
00008336,200,2025-07-04,0
00008337,100,2022-09-20,0
00008338,200,2024-08-14,0
00008339,50,2024-04-28,0
00008340,500,2025-12-04,0
00008341,200,2024-04-02,0
00008342,200,2022-02-27,0
00008343,200,2022-01-08,0
00008344,150,2022-04-18,0
00008345,50,2023-11-18,0
00008346,100,2025-07-01,0
00008347,150,2022-10-05,0
00008348,50,2022-03-18,0
00008349,150,2022-04-20,0
00008350,200,2023-07-08,20000
00008351,200,2024-01-22,0
00008352,200,2024-07-17,0
00008353,150,2025-03-11,0
00008354,200,2022-11-24,200
00008355,100,2025-12-18,0
00008356,500,2025-09-18,0
00008357,200,2023-06-22,0
00008358,50,2023-08-03,0
00008359,150,2023-10-08,0
00008360,500,2023-03-04,0
00008361,100,2025-04-17,0
00008362,500,2025-10-23,0
00008363,500,2025-01-14,0
00008364,500,2022-06-08,0
00008365,500,2024-05-25,100000
00008366,150,2023-10-05,1500
00008367,500,2025-12-09,0
00008368,100,2022-10-20,0
00008369,200,2023-08-31,0
00008370,100,2023-04-01,0
00008371,150,2024-02-20,0
00008372,50,2022-11-18,0
00008373,500,2025-12-12,0
00008374,500,2025-08-26,500
00008375,150,2025-06-15,0
00008376,150,2023-04-12,0
00008377,50,2025-12-04,5000
00008378,200,2025-12-02,0
00008379,100,2022-10-09,0
00008380,500,2024-12-23,0
00008381,150,2024-10-16,0
00008382,100,2023-11-30,0
00008383,200,2024-10-29,0
00008384,50,2024-11-17,0
00008385,500,2022-10-17,0
00008386,100,2023-02-24,0
00008387,500,2025-08-22,0
00008388,150,2025-09-08,0
00008389,150,2022-05-19,0
00008390,50,2024-02-27,0
00008391,100,2025-11-30,0
00008392,500,2025-08-08,0
00008393,150,2024-08-15,0
00008394,500,2025-05-12,0
00008395,150,2024-03-12,1500
00008396,500,2024-05-27,0
00008397,500,2023-07-06,0
00008398,200,2023-01-30,0
00008399,500,2023-05-10,0
00008400,500,2024-06-29,0
00008401,200,2022-09-02,100000
00008402,50,2025-03-21,0
00008403,200,2022-06-21,0
00008404,100,2022-01-16,1000
00008405,150,2023-10-15,0
00008406,500,2024-04-12,0
00008407,150,2024-10-19,0
00008408,500,2024-03-27,0
00008409,150,2024-10-07,0
00008410,100,2023-06-06,0
00008411,150,2022-01-12,15000
00008412,500,2024-07-03,0
00008413,200,2024-12-23,0
00008414,150,2025-10-31,150
00008415,200,2024-02-23,0
00008416,150,2022-08-07,0
00008417,150,2023-09-12,0
00008418,500,2025-04-20,0
00008419,150,2022-01-11,0
00008420,100,2023-02-17,0
00008421,500,2024-05-22,2500
00008422,150,2024-08-20,0
00008423,50,2024-07-15,250
00008424,200,2023-02-02,100000
00008425,150,2023-07-03,0
00008426,100,2024-11-15,0
00008427,50,2022-12-22,500
00008428,50,2025-01-12,0
00008429,500,2023-04-03,100000
00008430,150,2022-05-22,0
00008431,500,2022-01-25,0
00008432,200,2025-07-30,100000
00008433,200,2025-05-06,0
00008434,500,2024-09-24,0
00008435,150,2023-11-21,0
00008436,500,2023-07-05,0
00008437,150,2024-03-08,0
00008438,500,2022-01-27,0
00008439,50,2024-08-08,0
00008440,200,2025-11-16,0
00008441,500,2022-01-30,0
00008442,200,2025-08-04,0
00008443,100,2025-03-19,0
00008444,50,2023-11-21,0
00008445,500,2022-04-03,0
00008446,200,2022-01-03,0
00008447,500,2023-05-29,0
00008448,50,2023-04-23,0
00008449,150,2024-12-22,0
00008450,100,2023-11-12,0
00008451,500,2022-02-05,0
00008452,150,2022-11-11,150
00008453,500,2024-06-20,0
00008454,200,2023-08-09,0
00008455,200,2024-01-13,0
00008456,50,2025-09-06,0
00008457,500,2024-05-21,0
00008458,500,2022-11-22,0
00008459,500,2024-12-05,0
00008460,100,2025-05-26,0
00008461,500,2024-03-22,0
00008462,150,2022-08-06,0
00008463,100,2023-05-17,0
00008464,100,2022-12-11,0
00008465,200,2022-03-05,0
00008466,150,2025-01-28,0
00008467,500,2023-07-28,0
00008468,200,2024-09-11,0
00008469,500,2023-03-06,50000
00008470,100,2025-12-04,10000
00008471,100,2025-04-24,0
00008472,50,2024-01-31,100000
00008473,50,2024-08-17,0
00008474,100,2023-08-27,0
00008475,200,2024-01-11,0
00008476,500,2023-10-02,0
00008477,500,2025-04-30,0
00008478,200,2022-11-09,0
00008479,200,2022-10-23,0
00008480,200,2022-09-01,0
00008481,500,2025-04-01,2500
00008482,100,2023-04-12,0
00008483,500,2022-04-26,50000
00008484,150,2023-07-13,0
00008485,500,2025-07-09,0
00008486,50,2025-10-06,0
00008487,150,2024-08-12,0
00008488,500,2023-10-24,0
00008489,50,2025-07-08,0
00008490,200,2024-10-13,0
00008491,100,2025-04-30,0
00008492,500,2025-01-12,0
00008493,50,2024-07-15,0
00008494,200,2024-11-19,100000
00008495,50,2023-10-19,0
00008496,50,2025-02-16,0
00008497,150,2024-11-10,0
00008498,200,2022-12-10,0
00008499,500,2023-03-07,0
00008500,500,2024-11-14,0
00008501,100,2024-12-11,500
00008502,50,2025-11-04,0
00008503,50,2022-11-06,0
00008504,200,2025-10-27,0
00008505,50,2025-07-17,0
00008506,500,2022-02-27,0
00008507,150,2022-06-30,0
00008508,500,2022-07-24,0
00008509,500,2025-08-18,0
00008510,500,2025-08-11,0
00008511,50,2024-11-12,0
00008512,50,2025-08-21,0
00008513,50,2024-04-02,0
00008514,500,2022-03-17,0
00008515,50,2024-07-20,0
00008516,100,2024-09-12,0
00008517,500,2025-02-10,0
00008518,500,2025-05-27,0
00008519,100,2023-07-17,0
00008520,500,2025-09-19,0
00008521,200,2025-09-16,0
00008522,200,2022-04-05,0
00008523,150,2022-04-01,0
00008524,150,2024-07-31,0
00008525,200,2024-11-28,0
00008526,100,2023-01-27,0
00008527,200,2022-01-28,0
00008528,200,2023-04-29,0
00008529,100,2025-09-09,0
00008530,100,2022-07-25,0
00008531,150,2025-07-18,1500
00008532,200,2025-10-16,0
00008533,150,2022-09-18,0
00008534,500,2024-09-06,0
00008535,100,2024-11-23,0
00008536,150,2023-06-24,1500
00008537,500,2025-01-05,0
00008538,50,2023-09-30,5000
00008539,50,2025-08-27,0
00008540,50,2022-11-09,0
00008541,150,2022-04-11,0
00008542,500,2024-06-28,0
00008543,200,2024-12-29,0
00008544,50,2025-04-08,0
00008545,200,2025-06-19,0
00008546,50,2022-10-19,0
00008547,150,2025-07-09,0
00008548,200,2024-11-15,0
00008549,200,2024-08-26,0
00008550,150,2022-02-20,0
00008551,100,2024-05-16,0
00008552,200,2023-09-03,0
00008553,50,2024-06-03,0
00008554,100,2025-06-09,0
00008555,100,2024-10-18,0
00008556,100,2022-09-01,0
00008557,200,2024-01-20,0
00008558,100,2025-05-16,0
00008559,100,2025-09-18,0
00008560,50,2024-11-08,0
00008561,500,2023-03-03,0
00008562,100,2025-03-02,0
00008563,150,2025-02-19,0
00008564,150,2025-08-08,0
00008565,100,2023-04-10,0
00008566,50,2024-02-09,0
00008567,150,2022-05-22,0
00008568,150,2025-01-05,0
00008569,200,2024-03-07,20000
00008570,100,2023-09-07,0
00008571,200,2024-08-22,0
00008572,200,2022-12-28,0
00008573,150,2025-07-18,0
00008574,500,2023-08-04,0
00008575,200,2023-07-03,0
00008576,500,2022-08-24,0
00008577,200,2022-01-07,0
00008578,100,2022-12-06,100
00008579,200,2025-03-02,0
00008580,150,2022-07-22,0
00008581,150,2023-07-15,0
00008582,200,2025-12-02,0
00008583,500,2023-06-07,0
00008584,100,2025-11-22,0
00008585,200,2023-08-13,1000
00008586,500,2022-09-14,0
00008587,150,2025-09-22,0
00008588,100,2023-02-17,0
00008589,50,2022-11-07,0
00008590,150,2022-03-02,0
00008591,500,2024-02-27,0
00008592,100,2022-08-27,0
00008593,100,2024-05-01,0
00008594,200,2022-09-10,0
00008595,200,2024-04-30,0
00008596,50,2022-01-04,0
00008597,150,2024-03-18,0
00008598,150,2022-12-23,0
00008599,50,2022-10-03,0
00008600,100,2022-10-01,0
00008601,100,2023-07-05,0
00008602,500,2022-03-23,2500
00008603,200,2024-05-17,0
00008604,200,2024-09-26,0
00008605,50,2022-07-12,0
00008606,200,2025-06-12,1000
00008607,150,2023-07-20,0
00008608,50,2023-07-16,0
00008609,500,2022-12-03,0
00008610,150,2022-05-09,0
00008611,200,2024-01-09,0
00008612,150,2022-10-14,0
00008613,200,2022-04-18,0
00008614,200,2023-05-20,0
00008615,100,2024-02-17,0
00008616,500,2025-04-12,0
00008617,150,2025-08-09,0
00008618,500,2025-07-21,0
00008619,500,2022-11-20,0
00008620,200,2025-11-04,0
00008621,150,2022-07-09,0
00008622,50,2022-02-23,0
00008623,500,2023-10-25,2500
00008624,150,2023-12-05,750
00008625,150,2023-08-14,0
00008626,150,2025-01-30,0
00008627,100,2023-01-05,0
00008628,500,2023-04-14,0
00008629,150,2024-08-18,0
00008630,100,2022-05-16,0
00008631,150,2023-07-20,0
00008632,50,2024-02-05,0
00008633,150,2025-04-03,0
00008634,100,2024-01-03,1000
00008635,500,2024-07-26,0
00008636,200,2025-04-22,0
00008637,100,2022-05-11,0
00008638,50,2023-08-16,500
00008639,150,2023-05-15,0
00008640,200,2024-05-20,1000
00008641,50,2025-12-01,0
00008642,150,2024-10-25,150
00008643,500,2024-09-10,0
00008644,50,2023-10-02,0
00008645,50,2023-10-27,50
00008646,150,2023-04-14,0
00008647,500,2024-04-24,0
00008648,50,2022-01-31,0
00008649,500,2022-06-08,0
00008650,50,2022-04-03,0
00008651,200,2025-07-16,0
00008652,200,2023-09-09,0
00008653,200,2022-04-19,0
00008654,500,2025-08-27,0
00008655,100,2024-05-26,0
00008656,100,2023-05-16,0
00008657,50,2024-02-02,0
00008658,100,2025-12-18,0
00008659,50,2024-04-07,250
00008660,100,2022-04-22,0
00008661,500,2024-06-03,0
00008662,150,2025-11-25,1500
00008663,100,2022-12-11,0
00008664,50,2022-07-16,0
00008665,100,2022-02-25,0
00008666,200,2022-03-17,0
00008667,50,2023-06-09,0
00008668,500,2025-03-05,0
00008669,50,2024-04-02,0
00008670,100,2023-02-26,0
00008671,500,2022-10-16,0
00008672,100,2023-07-24,1000
00008673,100,2025-04-17,0
00008674,100,2022-04-07,0
00008675,100,2025-09-03,100000
00008676,50,2022-06-04,0
00008677,100,2023-06-09,0
00008678,100,2023-04-03,0
00008679,100,2023-04-12,0
00008680,150,2023-01-07,0
00008681,50,2023-03-16,0
00008682,500,2023-06-05,0
00008683,200,2025-10-23,0
00008684,100,2023-03-20,0
00008685,500,2024-03-29,0
00008686,150,2025-06-02,0
00008687,50,2022-12-21,0
00008688,500,2024-05-30,0
00008689,150,2022-12-23,0
00008690,500,2024-01-01,0
00008691,200,2025-07-27,0
00008692,100,2023-07-21,0
00008693,500,2025-07-28,0
00008694,100,2025-06-27,0
00008695,100,2023-12-31,0
00008696,50,2023-11-17,0
00008697,200,2024-04-07,0
00008698,150,2025-02-26,0
00008699,150,2024-09-26,0
00008700,200,2022-11-19,0
00008701,100,2025-08-02,0
00008702,500,2024-05-03,0
00008703,50,2023-06-30,0
00008704,150,2023-03-25,0
00008705,500,2025-11-30,0
00008706,150,2024-06-23,0
00008707,150,2024-03-17,0
00008708,150,2025-09-27,0
00008709,100,2025-02-23,0
00008710,200,2022-09-18,0
00008711,500,2025-02-03,0
00008712,100,2022-11-12,0
00008713,200,2024-10-08,0
00008714,100,2023-09-02,0
00008715,200,2022-06-17,0
00008716,200,2025-08-13,0
00008717,200,2023-02-07,0
00008718,500,2023-04-05,0
00008719,100,2025-09-12,0
00008720,500,2023-11-04,0
00008721,200,2023-05-20,0
00008722,50,2024-04-25,0
00008723,200,2025-01-07,0
00008724,500,2024-08-21,0
00008725,100,2025-06-15,0
00008726,500,2025-09-08,500
00008727,150,2023-04-05,0
00008728,500,2022-06-20,0
00008729,500,2025-09-05,0
00008730,200,2022-07-01,200
00008731,200,2023-03-03,0
00008732,200,2022-05-01,0
00008733,100,2022-01-09,0
00008734,150,2025-01-03,0
00008735,200,2025-02-08,0
00008736,50,2025-02-12,0
00008737,200,2023-07-18,0
00008738,50,2022-09-27,0
00008739,150,2024-03-26,0
00008740,500,2023-09-02,0
00008741,200,2024-03-23,0
00008742,150,2022-10-23,0
00008743,100,2024-03-06,0
00008744,150,2023-12-07,0
00008745,100,2023-01-27,0
00008746,200,2022-10-12,0
00008747,500,2025-04-20,0
00008748,150,2022-01-24,0
00008749,500,2023-06-22,0
00008750,50,2025-09-29,0
00008751,200,2025-12-09,0
00008752,150,2025-03-07,0
00008753,500,2024-04-19,0
00008754,50,2024-04-23,0
00008755,500,2023-04-05,0
00008756,100,2025-05-13,0
00008757,50,2024-03-08,0
00008758,150,2025-03-15,15000
00008759,100,2025-03-08,0
00008760,500,2022-03-11,0
00008761,50,2023-02-03,0
00008762,150,2023-07-11,0
00008763,200,2024-09-14,0
00008764,100,2025-11-05,0
00008765,50,2023-07-31,100000
00008766,500,2025-11-16,0
00008767,50,2022-05-26,0
00008768,200,2025-05-14,0
00008769,50,2023-05-30,0
00008770,50,2022-08-01,0
00008771,150,2025-03-30,0
00008772,500,2025-09-19,0
00008773,50,2022-04-08,0
00008774,100,2022-03-21,0
00008775,500,2024-05-04,0
00008776,50,2024-04-07,0
00008777,50,2022-05-29,0
00008778,500,2022-03-23,0
00008779,100,2022-09-07,0
00008780,100,2023-06-13,0
00008781,150,2023-09-12,0
00008782,100,2022-05-03,0
00008783,100,2022-06-02,0
00008784,200,2025-03-04,0
00008785,50,2024-09-21,0
00008786,500,2022-07-24,0
00008787,500,2024-02-22,5000
00008788,200,2022-07-22,0
00008789,50,2024-10-11,0
00008790,100,2025-12-15,1000
00008791,50,2022-10-05,0
00008792,200,2025-10-02,0
00008793,100,2024-12-02,0
00008794,50,2023-08-16,250
00008795,500,2024-07-29,0
00008796,150,2023-10-12,0
00008797,200,2025-11-28,100000
00008798,100,2024-06-12,0
00008799,500,2024-01-25,0
00008800,150,2024-05-27,0
00008801,50,2023-05-05,0
00008802,50,2022-03-18,0
00008803,200,2023-09-10,0
00008804,50,2025-09-08,0
00008805,50,2025-03-28,0
00008806,100,2023-05-26,0
00008807,50,2023-12-15,0
00008808,50,2022-06-05,0
00008809,50,2023-11-19,0
00008810,50,2024-04-21,0
00008811,200,2025-09-17,0
00008812,50,2024-04-12,0
00008813,150,2023-11-22,0
00008814,150,2022-12-26,0
00008815,200,2023-10-01,0
00008816,50,2022-10-12,0
00008817,150,2024-09-23,0
00008818,50,2025-12-20,0
00008819,500,2025-05-08,0
00008820,150,2024-12-02,0
00008821,150,2024-05-22,0
00008822,150,2024-11-03,0
00008823,500,2023-03-29,0
00008824,50,2024-01-27,0
00008825,150,2024-06-05,0
00008826,200,2023-03-03,0
00008827,500,2023-08-30,0
00008828,100,2024-07-07,0
00008829,50,2024-07-22,0
00008830,200,2022-09-30,0
00008831,150,2024-04-09,0
00008832,150,2024-02-23,0
00008833,200,2022-02-16,0
00008834,50,2023-08-26,0
00008835,150,2022-08-16,0
00008836,50,2024-02-14,0
00008837,200,2023-01-04,0
00008838,500,2024-06-30,0
00008839,50,2022-01-11,5000
00008840,200,2025-01-13,0
00008841,150,2022-07-25,0
00008842,500,2022-10-16,50000
00008843,100,2023-01-29,0
00008844,50,2022-09-07,0
00008845,100,2022-10-14,0
00008846,500,2022-10-31,0
00008847,500,2022-11-14,0
00008848,500,2023-07-23,0
00008849,100,2024-12-13,0
00008850,500,2025-04-25,0
00008851,50,2022-01-03,0
00008852,50,2025-02-09,0
00008853,500,2022-08-26,0
00008854,50,2025-12-13,0
00008855,100,2023-12-12,0
00008856,150,2023-02-02,0
00008857,200,2022-10-26,0
00008858,500,2025-04-27,0
00008859,50,2024-06-13,0
00008860,150,2024-09-29,0
00008861,50,2025-05-11,0
00008862,500,2023-05-08,100000
00008863,50,2022-05-30,500
00008864,50,2025-06-27,0
00008865,150,2023-05-12,0
00008866,500,2023-11-13,0
00008867,100,2024-11-11,0
00008868,50,2025-09-05,0
00008869,200,2025-02-12,0
00008870,200,2023-08-13,0
00008871,100,2025-02-01,100
00008872,500,2025-10-12,0
00008873,500,2023-04-03,2500
00008874,150,2024-10-16,0
00008875,500,2025-08-08,0
00008876,50,2025-10-11,0
00008877,200,2025-02-17,0
00008878,50,2025-09-29,0
00008879,100,2025-09-15,0
00008880,200,2023-05-29,0
00008881,100,2024-04-04,0
00008882,50,2023-10-16,0
00008883,500,2023-10-24,0
00008884,200,2024-02-02,0
00008885,150,2025-11-30,0
00008886,500,2023-07-24,0
00008887,50,2024-05-08,0
00008888,200,2025-03-06,0
00008889,150,2024-01-06,0
00008890,500,2025-05-29,0
00008891,200,2022-01-31,0
00008892,50,2024-03-06,0
00008893,200,2023-05-08,0
00008894,150,2024-01-31,0
00008895,50,2022-06-19,0
00008896,100,2024-06-28,0
00008897,100,2024-05-06,0
00008898,50,2023-09-05,0
00008899,500,2022-04-30,0
00008900,100,2025-07-24,1000
00008901,100,2024-09-07,0
00008902,500,2025-06-11,0
00008903,500,2024-03-25,0
00008904,150,2024-07-30,0
00008905,200,2023-01-05,0
00008906,50,2024-12-24,0
00008907,100,2023-05-08,0
00008908,150,2022-12-23,0
00008909,500,2022-01-10,0
00008910,150,2022-06-13,0
00008911,100,2023-09-23,0
00008912,150,2023-12-02,0
00008913,200,2025-05-14,0
00008914,500,2023-11-24,0
00008915,150,2025-04-12,0
00008916,200,2022-12-23,0
00008917,500,2024-02-15,5000
00008918,100,2024-01-26,0
00008919,100,2023-03-13,0
00008920,100,2025-06-24,0
00008921,500,2023-08-20,0
00008922,100,2022-06-19,0
00008923,500,2022-10-13,0
00008924,100,2022-04-05,0
00008925,100,2025-05-24,0
00008926,100,2025-11-14,0
00008927,50,2024-06-25,0
00008928,200,2023-08-29,0
00008929,500,2022-10-12,0
00008930,50,2023-09-11,5000
00008931,500,2022-12-29,0
00008932,150,2025-11-02,0
00008933,100,2024-04-11,0
00008934,100,2024-08-30,0
00008935,50,2024-03-22,0
00008936,100,2023-12-28,0
00008937,100,2022-09-06,0
00008938,500,2022-11-18,0
00008939,150,2024-12-24,0
00008940,150,2022-01-16,0
00008941,50,2024-05-06,100000
00008942,50,2022-08-06,0
00008943,100,2023-03-10,0
00008944,100,2024-09-29,0
00008945,50,2025-05-21,50
00008946,50,2023-01-12,0
00008947,150,2024-05-31,750
00008948,100,2023-11-29,0
00008949,150,2025-12-04,0
00008950,500,2024-01-25,0
00008951,500,2023-09-26,50000
00008952,500,2025-06-27,0
00008953,100,2023-04-10,1000
00008954,100,2022-10-07,0
00008955,50,2024-02-28,0
00008956,200,2024-08-11,0
00008957,500,2022-06-04,0
00008958,200,2023-08-17,0
00008959,150,2023-05-17,0
00008960,50,2025-06-13,0
00008961,150,2023-02-06,0
00008962,50,2022-06-14,0
00008963,200,2024-05-26,0
00008964,200,2023-11-28,1000
00008965,200,2025-08-20,0
00008966,200,2022-05-18,0
00008967,500,2022-11-24,0
00008968,150,2024-09-03,0
00008969,200,2025-09-18,100000
00008970,50,2022-11-16,0
00008971,50,2025-10-14,0
00008972,200,2025-07-06,0
00008973,200,2022-02-19,0
00008974,200,2025-07-19,0
00008975,150,2023-05-19,0
00008976,100,2025-11-01,0
00008977,500,2023-12-30,0
00008978,50,2022-10-10,0
00008979,500,2023-08-06,0
00008980,150,2024-04-28,0
00008981,200,2022-06-21,1000
00008982,500,2023-10-01,0
00008983,50,2022-03-01,0
00008984,100,2024-07-17,0
00008985,100,2025-03-12,0
00008986,500,2025-11-28,0
00008987,100,2025-12-10,0
00008988,100,2022-10-21,0
00008989,150,2025-05-12,0
00008990,500,2024-02-18,0
00008991,100,2022-09-17,0
00008992,500,2023-06-13,0
00008993,500,2023-02-18,0
00008994,200,2024-04-25,0
00008995,50,2023-11-30,0
00008996,500,2022-10-13,500
00008997,150,2025-09-28,0
00008998,200,2023-12-25,0
00008999,200,2024-03-15,0
00009000,200,2024-06-30,0
00009001,100,2024-01-26,500
00009002,200,2023-01-10,0
00009003,150,2023-12-09,0
00009004,100,2024-09-28,0
00009005,150,2025-10-09,0
00009006,200,2025-06-10,0
00009007,200,2023-06-17,0
00009008,500,2023-08-25,0
00009009,100,2022-12-04,0
00009010,500,2023-08-13,0
00009011,50,2022-02-14,0
00009012,100,2023-10-07,10000
00009013,500,2022-09-23,0
00009014,200,2023-11-01,0
00009015,150,2022-08-13,0
00009016,50,2024-05-13,0
00009017,200,2024-05-05,0
00009018,100,2025-05-08,0
00009019,150,2025-12-09,15000
00009020,500,2023-03-18,0
00009021,150,2022-10-11,100000
00009022,50,2023-09-09,0
00009023,150,2022-01-09,0
00009024,100,2023-08-23,0
00009025,200,2025-01-31,0
00009026,50,2023-08-11,0
00009027,200,2025-03-07,0
00009028,100,2024-02-05,0
00009029,500,2023-08-20,0
00009030,50,2024-07-28,250
00009031,500,2024-12-20,0
00009032,150,2024-07-16,0
00009033,100,2023-05-13,0
00009034,100,2025-11-21,100000
00009035,150,2023-10-11,15000
00009036,200,2024-03-30,0
00009037,200,2022-01-25,0
00009038,200,2025-07-14,0
00009039,100,2024-12-01,0
00009040,50,2022-08-20,250
00009041,100,2022-02-25,0
00009042,50,2025-10-16,0
00009043,500,2023-07-04,0
00009044,150,2025-01-17,0
00009045,100,2024-05-16,0
00009046,500,2024-02-20,100000
00009047,100,2025-11-16,0
00009048,200,2024-10-18,0
00009049,50,2025-11-29,0
00009050,50,2023-11-19,0
00009051,150,2025-05-27,0
00009052,200,2025-05-12,0
00009053,500,2024-01-29,0
00009054,150,2025-03-09,0
00009055,50,2022-08-21,0
00009056,100,2023-06-20,0
00009057,50,2025-02-28,0
00009058,150,2022-04-13,0
00009059,50,2022-06-08,0
00009060,150,2023-08-21,0
00009061,200,2023-12-08,0
00009062,500,2025-11-16,0
00009063,50,2025-01-12,0
00009064,100,2024-12-08,0
00009065,500,2025-08-01,0
00009066,50,2023-08-09,0
00009067,50,2022-05-06,0
00009068,150,2023-05-11,15000
00009069,200,2024-11-08,0
00009070,100,2023-11-08,0
00009071,50,2023-07-17,0
00009072,100,2024-09-04,0
00009073,150,2023-12-23,0
00009074,100,2022-03-28,0
00009075,50,2022-07-31,0
00009076,500,2023-10-13,0
00009077,200,2022-08-14,0
00009078,200,2025-01-29,0
00009079,50,2025-05-30,5000
00009080,50,2024-04-09,0
00009081,500,2025-11-22,0
00009082,100,2024-09-17,0
00009083,200,2022-07-11,0
00009084,500,2024-03-08,0
00009085,500,2024-05-15,0
00009086,500,2025-03-15,0
00009087,200,2024-06-17,0
00009088,500,2023-02-18,0
00009089,100,2024-04-27,100
00009090,150,2022-02-27,0
00009091,500,2023-03-01,0
00009092,150,2024-01-01,0
00009093,50,2025-04-19,0
00009094,150,2024-06-19,0
00009095,500,2024-01-27,0
00009096,100,2023-05-22,0
00009097,500,2024-11-08,0
00009098,100,2024-03-05,0
00009099,100,2022-07-13,0
00009100,200,2023-11-18,0
00009101,50,2025-10-27,0
00009102,150,2024-05-21,0
00009103,200,2025-05-23,0
00009104,50,2023-02-19,100000
00009105,150,2023-02-23,0
00009106,200,2023-01-02,0
00009107,200,2024-05-30,0
00009108,100,2023-06-07,0
00009109,150,2025-12-25,1500
00009110,100,2024-11-26,0
00009111,150,2024-05-23,0
00009112,100,2022-01-10,0
00009113,200,2023-01-26,0
00009114,50,2025-01-01,0
00009115,200,2022-09-14,0
00009116,50,2025-08-01,0
00009117,100,2025-02-11,0
00009118,100,2024-09-17,0
00009119,200,2024-07-22,0
00009120,50,2022-09-05,0
00009121,500,2023-08-23,0
00009122,100,2025-11-20,0
00009123,500,2024-03-09,0
00009124,500,2022-05-06,500
00009125,100,2022-05-30,500
00009126,150,2022-10-16,0
00009127,150,2024-09-28,0
00009128,50,2023-12-16,0
00009129,200,2025-11-17,0
00009130,200,2022-07-12,0
00009131,200,2022-09-04,0
00009132,500,2025-07-16,0
00009133,200,2024-01-18,0
00009134,200,2023-12-18,0
00009135,200,2024-07-21,0
00009136,50,2025-05-28,0
00009137,200,2024-12-09,0
00009138,100,2023-08-12,0
00009139,50,2022-02-05,0
00009140,150,2022-11-08,0
00009141,150,2022-10-11,0
00009142,200,2025-10-29,0
00009143,100,2024-07-28,0
00009144,100,2022-09-18,0
00009145,500,2022-06-05,0
00009146,100,2025-07-01,0
00009147,200,2022-02-13,0
00009148,150,2024-09-06,0
00009149,200,2022-04-13,0
00009150,150,2024-10-06,0
00009151,500,2022-08-23,5000
00009152,50,2025-12-08,50
00009153,200,2025-12-22,0
00009154,100,2024-05-08,100000
00009155,50,2022-10-03,0
00009156,500,2025-03-17,0
00009157,150,2024-08-17,0
00009158,500,2024-07-22,0
00009159,100,2023-03-28,0
00009160,500,2024-10-21,0
00009161,150,2024-10-04,0
00009162,500,2023-01-18,0
00009163,500,2024-04-05,0
00009164,50,2023-06-01,0
00009165,500,2024-04-26,0
00009166,200,2023-08-04,0
00009167,100,2022-11-16,500
00009168,50,2024-10-10,0
00009169,200,2024-05-16,0
00009170,500,2022-10-18,0
00009171,500,2023-11-14,0
00009172,500,2022-12-07,0
00009173,200,2025-10-03,0
00009174,50,2022-03-22,0
00009175,100,2022-02-12,0
00009176,50,2022-06-26,0
00009177,200,2022-02-05,0
00009178,500,2022-02-19,0
00009179,150,2023-07-28,0
00009180,100,2024-10-11,0
00009181,200,2025-08-27,0
00009182,50,2025-08-13,0
00009183,100,2023-04-26,0
00009184,200,2025-09-04,0
00009185,200,2025-05-10,0
00009186,100,2022-01-27,100
00009187,50,2022-03-19,0
00009188,500,2025-05-03,0
00009189,50,2025-02-06,0
00009190,50,2022-01-08,0
00009191,150,2024-12-24,0
00009192,100,2024-12-14,0
00009193,100,2023-11-19,0
00009194,150,2022-05-13,0
00009195,500,2023-01-04,0
00009196,50,2025-06-27,0
00009197,50,2023-06-22,0
00009198,200,2024-05-04,0
00009199,100,2024-05-05,0
00009200,500,2025-08-09,500
00009201,100,2022-10-08,0
00009202,200,2024-11-30,100000
00009203,150,2024-07-28,0
00009204,150,2024-07-26,0
00009205,150,2023-03-28,150
00009206,50,2023-12-16,0
00009207,100,2025-10-13,0
00009208,100,2022-01-18,0
00009209,200,2024-10-15,0
00009210,500,2024-07-06,0
00009211,150,2022-10-13,100000
00009212,50,2023-09-24,0
00009213,200,2025-05-26,0
00009214,200,2023-12-31,0
00009215,50,2024-04-10,0
00009216,200,2024-09-07,0
00009217,50,2024-11-08,0
00009218,200,2022-09-14,0
00009219,500,2023-03-20,0
00009220,100,2024-06-04,0
00009221,150,2022-02-20,15000
00009222,100,2024-07-30,0
00009223,100,2025-04-27,0
00009224,200,2024-06-04,0
00009225,500,2025-11-16,0
00009226,500,2025-12-03,0
00009227,200,2025-08-11,0
00009228,200,2023-10-28,0
00009229,500,2025-08-05,0
00009230,500,2025-06-01,5000
00009231,500,2025-04-10,0
00009232,150,2025-03-04,0
00009233,100,2023-10-25,0
00009234,200,2024-09-10,0
00009235,200,2023-10-23,0
00009236,200,2024-02-18,0
00009237,500,2023-01-20,0
00009238,150,2024-12-25,150
00009239,50,2025-12-26,0
00009240,150,2022-09-13,0
00009241,50,2024-03-04,0
00009242,500,2025-04-08,0
00009243,50,2022-10-12,0
00009244,150,2024-03-22,0
00009245,50,2024-12-30,0
00009246,50,2025-08-20,0
00009247,150,2024-12-12,0
00009248,50,2025-08-27,0
00009249,50,2022-01-09,0
00009250,100,2023-06-21,0
00009251,100,2024-12-06,0
00009252,500,2024-10-03,0
00009253,200,2022-04-12,0
00009254,50,2022-10-17,0
00009255,50,2022-09-10,0
00009256,100,2023-11-28,0
00009257,50,2025-08-11,0
00009258,50,2024-10-07,0
00009259,500,2022-02-17,0
00009260,500,2023-12-07,0
00009261,100,2022-11-28,0
00009262,100,2024-04-15,0
00009263,50,2025-07-22,0
00009264,200,2022-12-11,0
00009265,50,2024-10-17,0
00009266,50,2022-10-06,0
00009267,100,2024-02-28,0
00009268,200,2022-10-12,0
00009269,500,2024-07-13,0
00009270,200,2025-07-24,0
00009271,50,2025-11-29,0
00009272,200,2025-11-14,2000
00009273,150,2024-03-11,0
00009274,500,2024-01-23,0
00009275,200,2023-06-08,20000
00009276,500,2024-10-06,0
00009277,150,2025-08-15,0
00009278,150,2023-03-25,0
00009279,50,2023-07-29,0
00009280,200,2025-01-29,0
00009281,200,2023-12-26,0
00009282,500,2023-02-11,0
00009283,150,2024-11-03,0
00009284,150,2025-02-24,0
00009285,100,2025-09-16,0
00009286,150,2025-09-03,0
00009287,200,2025-07-14,0
00009288,200,2024-10-09,0
00009289,200,2023-09-06,0
00009290,100,2022-11-12,10000
00009291,200,2024-01-18,0
00009292,50,2024-11-06,0
00009293,150,2023-05-15,0
00009294,200,2025-06-03,0
00009295,150,2023-09-08,0
00009296,200,2025-05-07,0
00009297,500,2022-03-06,0
00009298,150,2023-10-16,0
00009299,150,2022-03-07,0
00009300,500,2023-07-06,0
00009301,100,2022-01-17,500
00009302,150,2022-12-19,0
00009303,500,2023-02-06,0
00009304,200,2024-07-04,0
00009305,200,2022-10-18,0
00009306,500,2023-10-07,0
00009307,150,2025-09-27,0
00009308,50,2023-05-10,0
00009309,50,2022-05-10,0
00009310,150,2025-02-19,0
00009311,50,2023-12-27,250
00009312,50,2023-09-07,0
00009313,50,2025-09-09,0
00009314,500,2022-07-12,0
00009315,150,2023-04-10,0
00009316,100,2024-08-08,0
00009317,100,2023-04-04,0
00009318,500,2023-11-09,0
00009319,50,2022-08-17,0
00009320,150,2025-03-25,750
00009321,200,2024-01-04,0
00009322,200,2023-06-26,0
00009323,200,2025-10-15,0
00009324,100,2025-09-29,0
00009325,50,2024-12-08,0
00009326,100,2024-12-18,0
00009327,150,2023-12-15,0
00009328,50,2023-06-16,0
00009329,200,2022-03-25,0
00009330,50,2025-04-12,0
00009331,50,2022-06-10,0
00009332,150,2023-12-06,0
00009333,150,2025-11-02,0
00009334,200,2025-12-01,20000
00009335,100,2024-08-28,0
00009336,50,2024-05-01,0
00009337,100,2024-06-24,0
00009338,50,2022-10-15,0
00009339,150,2024-09-01,0
00009340,200,2022-12-08,0
00009341,150,2022-07-27,0
00009342,200,2022-02-28,0
00009343,500,2022-08-31,0
00009344,200,2024-03-14,0
00009345,500,2025-06-26,0
00009346,200,2025-03-15,0
00009347,500,2024-06-02,0
00009348,100,2025-06-20,0
00009349,50,2024-06-11,0
00009350,50,2023-09-29,0
00009351,150,2025-06-14,0
00009352,500,2022-10-20,0
00009353,100,2025-10-18,0
00009354,200,2024-06-21,0
00009355,50,2022-12-21,0
00009356,100,2023-07-29,0
00009357,500,2025-02-12,0
00009358,50,2023-09-24,0
00009359,50,2025-09-08,0
00009360,100,2022-04-28,0
00009361,500,2023-05-12,0
00009362,150,2022-04-05,0
00009363,100,2025-02-06,0
00009364,100,2022-08-08,0
00009365,100,2024-08-23,0
00009366,150,2024-06-23,0
00009367,100,2025-05-26,0
00009368,50,2023-11-10,0
00009369,50,2023-08-08,0
00009370,100,2022-06-24,0
00009371,100,2025-08-17,0
00009372,200,2025-06-13,0
00009373,50,2022-03-20,0
00009374,100,2025-09-22,0
00009375,200,2024-09-17,0
00009376,50,2023-10-19,250
00009377,500,2022-08-23,0
00009378,200,2025-05-23,0
00009379,150,2022-05-12,0
00009380,100,2022-11-28,0
00009381,200,2022-10-17,0
00009382,50,2022-04-20,0
00009383,200,2023-04-14,0
00009384,100,2022-11-17,100000
00009385,100,2024-03-24,0
00009386,50,2023-10-22,0
00009387,200,2024-06-10,0
00009388,50,2022-02-25,0
00009389,500,2024-11-18,0
00009390,200,2022-01-03,0
00009391,150,2023-12-11,0
00009392,500,2022-06-15,0
00009393,100,2022-04-26,0
00009394,150,2022-04-15,750
00009395,50,2022-09-26,0
00009396,200,2024-12-02,0
00009397,200,2025-02-10,0
00009398,100,2023-09-27,0
00009399,50,2022-12-15,0
00009400,500,2024-03-29,0
00009401,200,2022-04-07,0
00009402,50,2023-07-12,250
00009403,150,2024-04-15,0
00009404,200,2025-10-23,0
00009405,50,2025-01-03,0
00009406,100,2023-05-07,0
00009407,500,2024-10-31,500
00009408,100,2025-01-30,0
00009409,200,2022-12-20,2000
00009410,50,2023-05-15,0
00009411,200,2022-05-04,0
00009412,150,2022-11-24,0
00009413,50,2023-04-27,0
00009414,500,2022-12-13,0
00009415,100,2022-12-22,100000
00009416,100,2025-11-04,0
00009417,200,2024-12-07,0
00009418,200,2023-04-01,0
00009419,50,2023-05-02,0
00009420,50,2025-08-21,0
00009421,200,2023-05-18,0
00009422,500,2022-01-26,0
00009423,500,2025-04-28,0
00009424,200,2024-05-27,0
00009425,50,2022-03-29,250
00009426,50,2023-06-11,0
00009427,50,2022-04-14,0
00009428,50,2024-07-24,0
00009429,100,2023-07-05,0
00009430,50,2025-09-01,0
00009431,500,2023-10-19,0
00009432,100,2024-07-28,1000
00009433,50,2022-08-14,0
00009434,500,2022-06-14,0
00009435,150,2024-01-11,0
00009436,150,2024-05-10,0
00009437,100,2025-06-17,0
00009438,150,2024-03-08,0
00009439,500,2023-01-17,0
00009440,200,2022-06-10,0
00009441,200,2025-11-02,0
00009442,500,2024-10-21,0
00009443,100,2024-05-21,0
00009444,150,2024-03-31,0
00009445,200,2024-02-21,0
00009446,200,2025-01-18,0
00009447,50,2024-02-02,0
00009448,100,2024-07-28,100000
00009449,500,2024-09-05,0
00009450,50,2022-12-06,0
00009451,100,2025-11-08,0
00009452,150,2025-09-28,0
00009453,50,2023-09-11,0
00009454,200,2024-02-20,0
00009455,200,2023-02-24,0
00009456,50,2023-08-31,0
00009457,50,2022-05-27,0
00009458,200,2022-07-18,0
00009459,100,2025-07-06,0
00009460,150,2023-01-16,0
00009461,100,2022-08-19,0
00009462,500,2024-05-13,0
00009463,200,2023-06-21,0
00009464,150,2024-03-06,0
00009465,500,2025-03-03,0
00009466,500,2024-09-16,0
00009467,100,2024-02-12,0
00009468,100,2022-01-07,100000
00009469,100,2024-09-23,0
00009470,100,2024-04-02,0
00009471,50,2023-12-07,0
00009472,100,2022-10-24,0
00009473,500,2022-08-21,0
00009474,100,2024-09-15,0
00009475,200,2023-11-07,0
00009476,150,2022-05-12,1500
00009477,50,2024-02-12,0
00009478,100,2025-03-31,100000
00009479,200,2022-12-15,0
00009480,100,2023-07-30,0
00009481,500,2023-01-30,100000
00009482,50,2024-07-03,0
00009483,200,2025-08-28,20000
00009484,150,2025-10-18,0
00009485,500,2024-12-02,0
00009486,500,2024-09-04,0
00009487,500,2025-06-12,0
00009488,500,2022-04-27,0
00009489,100,2022-08-07,0
00009490,50,2023-07-26,0
00009491,200,2023-11-19,0
00009492,150,2024-11-24,0
00009493,500,2025-06-23,0
00009494,50,2022-01-20,0
00009495,200,2023-03-09,0
00009496,150,2024-04-12,0
00009497,50,2024-04-15,0
00009498,50,2022-12-11,0
00009499,150,2023-12-23,0
00009500,100,2024-04-28,0
00009501,500,2023-09-17,0
00009502,100,2024-09-26,0
00009503,500,2022-05-26,2500
00009504,500,2025-11-13,0
00009505,500,2025-04-13,100000
00009506,100,2025-11-29,500
00009507,50,2024-10-20,5000
00009508,150,2023-01-22,0
00009509,100,2022-08-24,0
00009510,100,2024-05-13,0
00009511,100,2022-06-07,0
00009512,500,2023-11-06,0
00009513,50,2022-04-03,0
00009514,500,2022-04-26,0
00009515,100,2025-05-16,0
00009516,150,2024-01-31,0
00009517,150,2024-10-28,0
00009518,200,2023-04-26,0
00009519,500,2025-01-27,0
00009520,50,2022-11-10,0
00009521,150,2023-03-23,0
00009522,100,2022-10-25,0
00009523,150,2022-08-05,0
00009524,150,2022-05-23,0
00009525,100,2023-10-23,0
00009526,50,2025-07-12,0
00009527,150,2024-10-07,0
00009528,100,2022-08-06,0
00009529,100,2025-12-18,0
00009530,50,2022-09-06,0
00009531,200,2023-04-23,0
00009532,150,2024-01-04,0
00009533,100,2025-02-10,0
00009534,100,2022-07-12,0
00009535,100,2022-04-18,0
00009536,50,2024-08-21,0
00009537,500,2025-09-16,0
00009538,500,2022-04-05,0
00009539,200,2025-11-25,0
00009540,150,2025-04-01,0
00009541,100,2025-07-13,0
00009542,50,2025-02-25,0
00009543,500,2025-05-24,0
00009544,50,2024-08-01,0
00009545,100,2023-11-05,0
00009546,50,2024-05-07,0
00009547,50,2022-05-17,0
00009548,100,2025-06-27,0
00009549,200,2024-07-16,1000
00009550,50,2024-09-07,0
00009551,150,2022-01-23,0
00009552,100,2023-09-18,0
00009553,100,2025-08-16,0
00009554,150,2022-07-12,0
00009555,500,2023-04-16,0
00009556,50,2024-04-23,0
00009557,100,2023-01-14,0
00009558,200,2023-10-03,0
00009559,50,2022-07-12,0
00009560,50,2025-08-21,0
00009561,150,2023-07-04,0
00009562,500,2023-07-09,0
00009563,50,2022-11-19,0
00009564,100,2024-01-24,100000
00009565,150,2024-06-18,0
00009566,50,2022-08-30,0
00009567,500,2024-05-22,0
00009568,150,2024-05-03,0
00009569,50,2025-06-08,0
00009570,150,2022-07-31,0
00009571,150,2023-01-30,0
00009572,500,2025-12-18,2500
00009573,200,2022-03-21,0
00009574,100,2023-09-07,0
00009575,50,2025-11-02,0
00009576,50,2024-11-07,0
00009577,100,2024-02-29,0
00009578,50,2022-02-25,0
00009579,150,2024-02-25,0
00009580,150,2023-01-07,0
00009581,500,2022-12-26,2500
00009582,100,2024-09-10,0
00009583,200,2024-06-05,0
00009584,200,2025-05-13,0
00009585,100,2025-03-13,0
00009586,100,2025-01-05,0
00009587,500,2023-05-28,500
00009588,500,2023-01-28,0
00009589,50,2025-06-26,0
00009590,150,2022-09-17,0
00009591,100,2023-08-26,10000
00009592,100,2024-11-15,0
00009593,150,2024-04-19,0
00009594,150,2025-10-13,0
00009595,500,2023-04-17,0
00009596,150,2023-03-04,0
00009597,50,2024-12-14,0
00009598,500,2023-06-06,0
00009599,500,2024-06-09,0
00009600,150,2023-08-13,0
00009601,100,2025-02-25,0
00009602,500,2022-10-01,0
00009603,150,2022-02-12,0
00009604,100,2023-11-28,0
00009605,50,2025-03-28,0
00009606,100,2025-02-19,0
00009607,500,2025-06-26,0
00009608,500,2023-07-12,0
00009609,200,2025-07-17,0
00009610,100,2025-03-11,0
00009611,500,2024-05-14,0
00009612,100,2023-10-23,0
00009613,200,2024-04-09,0
00009614,150,2024-07-26,0
00009615,500,2024-12-07,0
00009616,50,2025-04-27,0
00009617,150,2023-07-16,0
00009618,500,2024-07-21,0
00009619,150,2023-08-07,0
00009620,500,2025-08-14,0
00009621,200,2024-11-23,0
00009622,200,2024-07-10,0
00009623,500,2025-04-01,0
00009624,50,2024-04-16,0
00009625,200,2025-12-05,0
00009626,50,2024-06-06,0
00009627,50,2023-06-19,0
00009628,50,2022-06-15,250
00009629,500,2023-06-18,0
00009630,200,2022-07-30,0
00009631,200,2024-01-05,0
00009632,150,2022-01-01,0
00009633,50,2025-01-16,0
00009634,200,2022-02-10,0
00009635,200,2024-10-03,0
00009636,150,2025-02-26,0
00009637,100,2023-02-23,0
00009638,100,2024-01-24,0
00009639,200,2025-03-24,0
00009640,50,2023-07-24,0
00009641,50,2025-08-15,0
00009642,200,2024-04-16,0
00009643,500,2023-04-15,0
00009644,150,2022-04-04,0
00009645,150,2022-12-31,0
00009646,200,2022-05-28,0
00009647,500,2025-04-18,0
00009648,150,2024-07-01,0
00009649,50,2022-09-24,0
00009650,100,2025-01-08,0
00009651,200,2024-05-26,0
00009652,200,2023-09-09,0
00009653,50,2025-07-12,0
00009654,100,2024-11-25,0
00009655,500,2023-05-16,0
00009656,200,2025-02-19,0
00009657,200,2023-02-06,0
00009658,150,2023-03-29,150
00009659,50,2022-06-12,0
00009660,100,2024-06-18,0
00009661,200,2025-05-16,0
00009662,500,2025-08-21,0
00009663,150,2025-08-09,0
00009664,150,2022-10-29,0
00009665,200,2024-07-30,0
00009666,200,2024-08-30,1000
00009667,200,2023-11-02,0
00009668,50,2023-02-02,0
00009669,100,2023-06-04,0
00009670,150,2023-03-09,0
00009671,150,2024-04-05,0
00009672,500,2024-02-13,0
00009673,100,2023-04-22,0
00009674,50,2025-10-12,0
00009675,100,2023-04-01,0
00009676,200,2022-07-01,0
00009677,50,2024-07-07,0
00009678,50,2024-07-03,0
00009679,150,2024-08-02,0
00009680,200,2022-12-21,0
00009681,100,2024-03-05,0
00009682,200,2024-06-29,0
00009683,50,2024-11-09,0
00009684,500,2025-05-24,0
00009685,200,2023-06-27,0
00009686,150,2025-06-09,0
00009687,150,2025-08-24,0
00009688,150,2024-10-25,0
00009689,100,2025-04-18,0
00009690,100,2024-07-02,0
00009691,150,2022-02-26,0
00009692,100,2024-09-02,0
00009693,200,2025-02-15,0
00009694,50,2023-06-28,0
00009695,50,2024-09-10,0
00009696,150,2022-06-14,0
00009697,200,2023-12-20,0
00009698,50,2022-06-05,0
00009699,200,2023-03-02,0
00009700,100,2022-05-02,0
00009701,50,2022-03-08,0
00009702,50,2025-03-15,0
00009703,50,2024-04-17,0
00009704,150,2024-11-02,0
00009705,150,2023-06-24,0
00009706,500,2023-11-15,0
00009707,200,2024-01-19,0
00009708,100,2023-02-15,0
00009709,100,2024-04-22,0
00009710,50,2025-07-16,0
00009711,50,2022-03-17,0
00009712,50,2025-03-14,0
00009713,50,2022-05-03,0
00009714,150,2025-04-12,0
00009715,150,2024-05-13,100000
00009716,500,2024-10-24,0
00009717,200,2023-10-06,0
00009718,50,2025-01-26,0
00009719,150,2024-10-25,0
00009720,200,2023-07-21,0
00009721,50,2023-10-01,0
00009722,200,2024-07-07,0
00009723,50,2024-11-11,0
00009724,200,2024-11-12,0
00009725,50,2023-07-29,0
00009726,500,2024-04-22,0
00009727,200,2025-01-26,0
00009728,500,2022-02-02,0
00009729,100,2024-01-26,0
00009730,500,2025-04-15,0
00009731,500,2025-08-07,0
00009732,150,2022-12-03,0
00009733,100,2022-01-08,0
00009734,500,2025-12-13,0
00009735,200,2023-08-09,0
00009736,150,2023-07-24,0
00009737,100,2025-06-30,0
00009738,100,2022-11-15,100
00009739,150,2022-05-18,0
00009740,50,2024-12-25,0
00009741,50,2023-09-24,0
00009742,200,2023-05-14,0
00009743,500,2022-07-04,0
00009744,500,2023-11-27,0
00009745,200,2023-09-05,0
00009746,100,2022-01-06,0
00009747,500,2023-06-22,0
00009748,50,2025-10-08,0
00009749,100,2024-10-30,0
00009750,100,2024-01-02,0
00009751,500,2025-10-28,0
00009752,200,2024-04-27,0
00009753,200,2024-09-08,0
00009754,100,2022-07-04,0
00009755,150,2022-06-06,0
00009756,100,2022-01-18,0
00009757,500,2024-02-05,0
00009758,200,2023-10-14,0
00009759,50,2023-12-17,0
00009760,500,2024-12-15,0
00009761,150,2025-07-30,0
00009762,50,2024-09-28,0
00009763,150,2023-12-05,0
00009764,500,2022-04-29,0
00009765,500,2023-09-14,0
00009766,50,2022-12-16,0
00009767,500,2024-02-08,0
00009768,500,2022-08-15,0
00009769,150,2025-06-25,0
00009770,500,2023-02-25,0
00009771,50,2025-04-18,0
00009772,500,2025-03-17,500
00009773,50,2023-02-06,0
00009774,50,2023-06-13,0
00009775,100,2023-06-15,0
00009776,500,2022-12-21,0
00009777,100,2022-07-30,0
00009778,150,2025-03-22,0
00009779,100,2022-04-17,0
00009780,50,2022-12-22,500
00009781,100,2024-08-25,0
00009782,150,2022-07-05,0
00009783,150,2024-04-02,750
00009784,50,2023-11-12,0
00009785,150,2024-01-13,0
00009786,50,2022-05-09,0
00009787,50,2023-01-24,500
00009788,150,2022-01-22,0
00009789,500,2022-06-30,0
00009790,50,2022-04-08,0
00009791,200,2024-01-09,0
00009792,150,2025-09-21,0
00009793,150,2024-07-24,0
00009794,200,2023-05-02,0
00009795,150,2023-10-29,0
00009796,150,2022-09-03,0
00009797,100,2025-05-08,0
00009798,100,2024-04-12,0
00009799,500,2023-07-01,0
00009800,50,2024-05-03,0
00009801,50,2025-06-19,0
00009802,50,2022-02-16,0
00009803,50,2025-11-23,0
00009804,200,2025-11-14,0
00009805,50,2022-05-01,0
00009806,500,2025-07-27,0
00009807,150,2022-10-02,0
00009808,50,2024-04-08,0
00009809,200,2024-10-28,0
00009810,100,2025-11-08,10000
00009811,150,2025-07-30,0
00009812,200,2025-06-20,0
00009813,200,2022-10-27,1000
00009814,150,2024-10-13,0
00009815,50,2022-01-08,100000
00009816,100,2022-10-12,0
00009817,150,2024-10-05,0
00009818,100,2025-02-02,0
00009819,50,2025-12-11,0
00009820,100,2022-03-04,10000
00009821,150,2025-02-18,0
00009822,200,2022-09-21,0
00009823,100,2025-02-13,0
00009824,50,2022-10-24,0
00009825,50,2023-08-28,0
00009826,50,2023-11-10,0
00009827,500,2025-08-08,2500
00009828,500,2024-03-29,50000
00009829,50,2023-08-13,0
00009830,100,2023-01-08,0
00009831,200,2024-01-05,0
00009832,200,2023-06-24,0
00009833,200,2025-11-19,0
00009834,150,2022-03-27,0
00009835,50,2023-06-11,0
00009836,500,2025-04-11,0
00009837,200,2024-03-14,0
00009838,150,2023-02-23,15000
00009839,150,2025-07-08,0
00009840,200,2022-10-03,0
00009841,500,2024-10-04,0
00009842,500,2024-06-25,0
00009843,200,2023-12-13,0
00009844,500,2025-06-30,0
00009845,50,2023-02-26,0
00009846,50,2024-05-03,0
00009847,100,2025-04-26,100
00009848,50,2023-02-01,0
00009849,50,2023-07-27,0
00009850,500,2023-07-22,0
00009851,200,2022-06-13,0
00009852,500,2022-02-01,0
00009853,50,2023-03-01,0
00009854,150,2024-12-03,0
00009855,150,2023-05-19,0
00009856,500,2023-08-17,0
00009857,500,2025-12-27,0
00009858,150,2024-07-30,0
00009859,50,2024-01-11,0
00009860,200,2022-09-20,0
00009861,500,2024-01-05,0
00009862,200,2024-08-29,0
00009863,50,2025-03-01,0
00009864,100,2022-09-16,0
00009865,200,2024-10-07,100000
00009866,150,2024-11-11,0
00009867,200,2025-07-07,0
00009868,200,2023-11-11,0
00009869,100,2025-04-29,0
00009870,150,2025-09-20,0
00009871,500,2025-09-20,0
00009872,100,2024-12-12,0
00009873,500,2022-01-04,0
00009874,50,2024-12-15,0
00009875,100,2024-02-04,0
00009876,200,2024-11-10,0
00009877,200,2025-01-01,0
00009878,200,2024-09-20,0
00009879,200,2024-10-25,20000
00009880,150,2023-10-26,0
00009881,100,2024-09-09,0
00009882,150,2025-03-22,0
00009883,500,2024-08-30,0
00009884,50,2023-04-19,0
00009885,100,2022-06-16,0
00009886,150,2023-12-07,0
00009887,150,2025-05-13,0
00009888,500,2025-12-04,0
00009889,150,2025-01-05,0
00009890,150,2022-06-28,0
00009891,50,2025-12-16,0
00009892,500,2024-03-01,0
00009893,100,2024-05-27,0
00009894,50,2025-08-28,0
00009895,500,2025-06-21,0
00009896,150,2023-11-17,0
00009897,500,2024-04-12,0
00009898,150,2022-05-28,0
00009899,200,2023-09-29,0
00009900,500,2024-04-05,0
00009901,500,2024-05-24,0
00009902,50,2022-04-13,0
00009903,100,2023-12-20,0
00009904,100,2022-05-05,0
00009905,200,2023-01-28,0
00009906,50,2023-11-02,0
00009907,100,2022-12-20,0
00009908,100,2022-09-16,0
00009909,500,2023-03-17,0
00009910,500,2022-12-09,0
00009911,200,2025-02-07,100000
00009912,150,2024-06-11,0
00009913,50,2022-06-19,0
00009914,500,2022-03-10,0
00009915,100,2023-02-07,0
00009916,500,2022-01-11,5000
00009917,100,2024-06-17,0
00009918,150,2024-12-15,0
00009919,200,2022-08-02,0
00009920,150,2023-06-19,0
00009921,50,2023-12-08,0
00009922,100,2024-03-15,10000
00009923,200,2023-07-02,0
00009924,200,2025-07-20,0
00009925,200,2022-10-06,2000
00009926,100,2024-03-20,0
00009927,150,2025-07-02,0
00009928,50,2025-05-12,0
00009929,500,2023-12-16,0
00009930,100,2024-10-23,0
00009931,50,2022-12-16,0
00009932,150,2023-10-20,0
00009933,100,2025-02-14,0
00009934,50,2025-10-11,0
00009935,150,2023-10-18,0
00009936,50,2022-11-22,0
00009937,200,2023-06-17,0
00009938,500,2024-01-30,0
00009939,500,2023-07-01,0
00009940,200,2022-01-06,0
00009941,500,2022-02-15,0
00009942,150,2022-06-18,0
00009943,500,2025-11-28,0
00009944,50,2025-05-28,0
00009945,200,2024-09-16,0
00009946,50,2022-11-10,0
00009947,150,2023-09-05,1500
00009948,500,2022-12-05,0
00009949,50,2024-05-29,0
00009950,500,2025-01-13,0
00009951,100,2024-11-25,0
00009952,150,2025-09-19,0
00009953,150,2024-06-20,0
00009954,150,2024-02-16,0
00009955,500,2022-03-17,0
00009956,150,2023-10-30,0
00009957,500,2023-06-24,0
00009958,100,2025-07-31,0
00009959,100,2024-06-03,0
00009960,200,2022-07-28,0
00009961,200,2025-02-28,0
00009962,100,2022-01-06,0
00009963,150,2025-06-08,0
00009964,50,2024-09-24,0
00009965,100,2023-09-04,0
00009966,150,2023-03-08,0
00009967,200,2024-08-13,0
00009968,50,2025-09-21,50
00009969,150,2025-08-10,0
00009970,200,2023-04-14,0
00009971,500,2023-06-23,0
00009972,50,2025-09-12,0
00009973,500,2024-09-17,0
00009974,150,2024-01-19,0
00009975,500,2023-11-21,0
00009976,50,2023-04-03,0
00009977,200,2023-09-25,100000
00009978,150,2025-08-21,0
00009979,100,2025-06-22,0
00009980,100,2023-05-02,0
00009981,500,2024-01-22,0
00009982,150,2025-02-05,100000
00009983,150,2024-09-22,0
00009984,150,2024-09-26,0
00009985,500,2022-07-20,0
00009986,200,2022-04-01,0
00009987,500,2023-06-22,0
00009988,50,2023-02-01,0
00009989,100,2023-03-14,0
00009990,150,2024-06-28,150
00009991,200,2022-07-28,0
00009992,500,2024-06-29,0
00009993,50,2023-06-06,0
00009994,200,2025-10-03,0
00009995,100,2023-08-19,0
00009996,150,2023-10-17,0
00009997,50,2024-11-27,0
00009998,200,2023-08-04,0
00009999,200,2022-03-17,0
00010000,50,2023-01-27,0
00010001,200,2022-07-26,20000
00010002,150,2025-06-15,0
00010003,50,2022-08-03,0
00010004,50,2024-02-24,0
00010005,150,2025-03-22,100000
00010006,200,2025-12-06,0
00010007,500,2023-10-03,0
00010008,50,2024-03-25,0
00010009,100,2022-08-13,0
00010010,150,2025-03-30,0
00010011,100,2025-09-23,0
00010012,500,2024-05-18,0
00010013,100,2023-12-24,0
00010014,200,2024-09-23,0
00010015,150,2025-10-11,0
00010016,500,2025-05-02,0
00010017,200,2022-04-29,0
00010018,100,2024-12-29,0
00010019,150,2022-06-24,0
00010020,100,2023-12-09,0
00010021,100,2025-06-07,1000
00010022,100,2022-04-07,0
00010023,150,2022-12-04,0
00010024,150,2025-06-12,0
00010025,200,2025-10-09,0
00010026,150,2024-09-09,0
00010027,500,2024-04-27,0
00010028,50,2025-11-23,0
00010029,50,2023-02-06,0
00010030,50,2025-09-22,5000
00010031,100,2024-01-16,0
00010032,200,2024-01-18,0
00010033,100,2024-03-09,0
00010034,500,2022-12-23,0
00010035,150,2023-01-07,0
00010036,200,2023-05-01,0
00010037,200,2025-04-25,0
00010038,50,2022-10-17,0
00010039,500,2024-03-10,0
00010040,500,2022-08-01,2500
00010041,100,2023-02-06,0
00010042,100,2022-06-04,0
00010043,100,2023-10-23,0
00010044,200,2022-06-19,0
00010045,500,2024-09-28,0
00010046,500,2025-03-08,0
00010047,100,2023-11-14,0
00010048,150,2024-03-18,0
00010049,150,2024-07-13,0
00010050,150,2024-02-13,0
00010051,100,2023-01-06,0
00010052,150,2023-07-28,0
00010053,50,2022-08-13,0
00010054,500,2025-09-25,0
00010055,150,2022-06-24,0
00010056,200,2023-01-20,0
00010057,50,2025-11-08,0
00010058,50,2023-02-27,0
00010059,500,2022-07-25,0
00010060,100,2024-06-29,0
00010061,200,2024-11-16,0
00010062,50,2025-01-04,0
00010063,150,2024-10-14,0
00010064,150,2024-02-22,0
00010065,100,2022-02-27,0
00010066,150,2025-09-17,0
00010067,100,2023-05-13,0
00010068,50,2022-07-19,0
00010069,200,2022-12-13,0
00010070,200,2022-01-24,0
00010071,500,2024-09-13,0
00010072,200,2023-08-20,0
00010073,200,2022-04-05,0
00010074,50,2024-05-13,0
00010075,200,2024-06-10,0
00010076,500,2023-05-01,0
00010077,200,2022-10-23,0
00010078,150,2022-01-06,0
00010079,200,2025-11-12,0
00010080,200,2023-01-15,0
00010081,200,2022-10-29,100000
00010082,500,2024-11-23,0
00010083,50,2025-09-07,0
00010084,500,2024-03-09,0
00010085,100,2022-04-02,0
00010086,100,2024-03-03,0
00010087,150,2024-03-31,0
00010088,200,2024-08-14,0
00010089,500,2025-06-09,500
00010090,150,2025-11-03,0
00010091,500,2025-10-28,5000
00010092,500,2022-03-09,0
00010093,200,2025-08-14,2000
00010094,100,2023-11-20,0
00010095,50,2025-12-15,0
00010096,200,2025-10-30,100000
00010097,50,2024-02-05,0
00010098,50,2023-01-20,0
00010099,500,2022-10-19,0
00010100,200,2022-01-23,0
00010101,100,2022-08-30,0
00010102,100,2022-05-18,0
00010103,200,2022-10-11,0
00010104,150,2022-12-18,0
00010105,50,2022-10-15,0
00010106,200,2025-03-16,0
00010107,50,2025-02-01,0
00010108,200,2024-01-22,0
00010109,500,2022-01-22,0
00010110,500,2023-04-20,0
00010111,150,2025-01-21,0
00010112,500,2023-09-03,0
00010113,500,2025-08-01,50000
00010114,150,2024-07-07,0
00010115,150,2022-06-22,0
00010116,150,2023-06-04,0
00010117,100,2025-11-14,0
00010118,50,2022-02-23,0
00010119,50,2023-09-16,50
00010120,100,2025-01-17,0
00010121,50,2025-03-16,0
00010122,500,2025-07-24,0
00010123,200,2025-03-05,0
00010124,100,2023-11-26,0
00010125,500,2024-07-18,50000
00010126,50,2024-09-22,0
00010127,100,2022-03-08,0
00010128,500,2024-07-14,0
00010129,500,2023-09-14,5000
00010130,200,2022-01-10,0
00010131,200,2023-06-03,0
00010132,100,2025-07-23,0
00010133,500,2023-10-19,0
00010134,200,2024-02-28,0
00010135,50,2025-02-15,0
00010136,200,2024-07-25,0
00010137,200,2022-05-05,2000
00010138,100,2023-09-28,0
00010139,500,2024-07-20,0
00010140,100,2022-06-13,0
00010141,200,2023-04-30,1000
00010142,100,2023-06-26,0
00010143,200,2024-07-13,0
00010144,200,2023-06-25,0
00010145,150,2022-08-27,0
00010146,150,2025-01-16,0
00010147,500,2022-03-30,0
00010148,200,2023-03-21,0
00010149,500,2022-07-09,0
00010150,200,2022-02-10,0
00010151,150,2022-11-29,0
00010152,200,2025-05-02,0
00010153,500,2024-01-08,0
00010154,150,2024-09-04,0
00010155,50,2022-08-04,0
00010156,200,2025-03-25,0
00010157,150,2024-07-09,0
00010158,150,2024-05-06,0
00010159,100,2024-11-14,0
00010160,200,2022-11-07,0
00010161,500,2023-03-07,0
00010162,150,2023-07-04,0
00010163,50,2023-02-21,0
00010164,500,2024-11-05,0
00010165,200,2024-12-18,0
00010166,200,2022-01-24,0
00010167,200,2025-04-23,0
00010168,100,2025-08-24,0
00010169,200,2022-05-19,0
00010170,100,2024-04-19,0
00010171,200,2022-03-11,0
00010172,200,2024-06-21,0
00010173,200,2025-05-05,0
00010174,50,2025-09-01,0
00010175,500,2024-04-12,0
00010176,100,2024-10-14,0
00010177,100,2024-06-28,100
00010178,50,2024-06-15,0
00010179,150,2022-09-10,0
00010180,500,2024-05-09,0
00010181,50,2024-04-13,0
00010182,100,2023-08-12,0
00010183,100,2023-01-30,0
00010184,100,2022-04-17,0
00010185,100,2025-06-17,0
00010186,100,2023-06-01,0
00010187,50,2024-04-01,0
00010188,50,2024-02-13,0
00010189,150,2025-12-20,0
00010190,50,2024-03-27,0
00010191,100,2023-01-26,0
00010192,500,2024-03-13,0
00010193,100,2025-05-11,0
00010194,100,2024-11-01,0
00010195,200,2022-04-10,20000
00010196,150,2023-06-04,0
00010197,500,2023-11-20,0
00010198,200,2023-11-29,0
00010199,50,2025-03-31,0
00010200,500,2022-01-21,0
00010201,150,2023-12-18,0
00010202,100,2024-12-20,0
00010203,150,2023-05-23,0
00010204,200,2023-09-12,0
00010205,150,2023-11-14,0
00010206,200,2025-02-15,0
00010207,200,2025-02-01,0
00010208,200,2025-01-19,0
00010209,100,2022-03-28,0
00010210,500,2022-09-24,0
00010211,100,2022-06-03,0
00010212,50,2022-07-10,0
00010213,150,2025-02-21,0
00010214,200,2023-03-04,0
00010215,500,2025-09-17,0
00010216,200,2025-03-04,0
00010217,200,2022-11-23,0
00010218,500,2024-10-14,0
00010219,50,2023-05-31,0
00010220,150,2025-03-08,0
00010221,200,2022-12-22,0
00010222,50,2024-08-28,0
00010223,500,2024-03-14,0
00010224,50,2024-05-24,250
00010225,100,2025-01-14,0
00010226,50,2024-08-22,500
00010227,50,2025-12-07,100000
00010228,200,2023-10-02,0
00010229,50,2022-11-04,0
00010230,100,2025-10-26,0
00010231,50,2022-06-18,0
00010232,200,2024-01-10,0
00010233,150,2022-05-17,0
00010234,500,2024-10-17,0
00010235,50,2022-04-24,0
00010236,150,2024-04-11,0
00010237,200,2023-10-17,0
00010238,50,2022-07-20,0
00010239,200,2025-10-26,0
00010240,200,2023-06-02,0
00010241,50,2023-04-16,0
00010242,200,2022-04-24,0
00010243,150,2023-08-22,0
00010244,100,2023-02-18,1000
00010245,500,2024-10-07,0
00010246,100,2025-11-11,0
00010247,200,2024-12-31,0
00010248,50,2024-05-22,50
00010249,150,2023-11-19,0
00010250,500,2022-11-11,0
00010251,200,2024-09-21,100000
00010252,150,2024-10-21,0
00010253,500,2025-07-22,0
00010254,50,2024-01-18,50
00010255,500,2024-06-04,0
00010256,200,2025-10-02,0
00010257,500,2022-09-22,0
00010258,500,2022-09-25,100000
00010259,100,2025-01-30,0
00010260,150,2022-09-16,0
00010261,100,2025-03-03,0
00010262,50,2023-07-05,0
00010263,100,2024-09-03,0
00010264,500,2022-11-27,0
00010265,50,2023-12-05,0
00010266,150,2023-10-23,0
00010267,50,2024-05-29,0
00010268,500,2025-08-15,0
00010269,150,2025-05-16,0
00010270,50,2024-08-13,0
00010271,200,2023-09-12,0
00010272,50,2023-09-27,0
00010273,150,2025-02-23,0
00010274,100,2025-04-08,0
00010275,200,2022-09-24,0
00010276,50,2024-11-25,0
00010277,100,2025-11-20,1000
00010278,500,2024-08-20,0
00010279,100,2025-08-15,0
00010280,200,2024-09-10,0
00010281,150,2023-09-01,0
00010282,150,2023-02-09,0
00010283,150,2023-09-16,0
00010284,200,2024-11-28,0
00010285,500,2024-02-10,0
00010286,50,2023-11-23,0
00010287,150,2023-04-02,0
00010288,50,2022-11-17,0
00010289,500,2022-04-07,0
00010290,100,2023-07-08,0
00010291,50,2025-08-05,0
00010292,150,2024-08-22,0
00010293,200,2022-04-14,0
00010294,50,2025-03-08,0
00010295,500,2022-05-15,0
00010296,150,2024-09-16,0
00010297,200,2022-09-19,0
00010298,100,2024-04-10,0
00010299,100,2022-09-15,0
00010300,500,2022-11-11,0
00010301,100,2024-04-24,0
00010302,100,2022-04-19,0
00010303,50,2023-07-04,0
00010304,50,2022-07-25,0
00010305,100,2024-08-13,0
00010306,50,2024-07-31,0
00010307,100,2024-03-22,0
00010308,50,2023-06-14,0
00010309,150,2024-05-12,0
00010310,50,2022-01-24,0
00010311,500,2023-06-29,0
00010312,500,2023-04-02,0
00010313,150,2025-06-04,0
00010314,150,2024-07-07,0
00010315,100,2022-11-20,0
00010316,100,2025-08-18,0
00010317,500,2024-05-04,0
00010318,200,2024-09-03,0
00010319,50,2023-12-24,0
00010320,500,2022-02-10,0
00010321,100,2024-06-02,0
00010322,100,2023-09-09,0
00010323,100,2024-04-04,0
00010324,50,2023-02-20,0
00010325,500,2022-02-02,0
00010326,50,2024-06-04,0
00010327,200,2024-04-12,2000
00010328,150,2022-10-26,0
00010329,200,2023-05-26,0
00010330,150,2023-10-14,0
00010331,50,2023-08-05,0
00010332,100,2022-09-13,0
00010333,200,2025-05-11,0
00010334,50,2024-06-05,0
00010335,150,2023-07-03,0
00010336,100,2025-06-27,0
00010337,100,2025-11-01,0
00010338,500,2022-02-09,0
00010339,100,2025-10-07,0
00010340,100,2025-11-11,0
00010341,500,2024-08-18,0
00010342,100,2023-11-16,0
00010343,100,2024-11-12,500
00010344,100,2022-02-10,0
00010345,100,2023-07-22,0
00010346,100,2022-04-14,0
00010347,100,2024-05-16,0
00010348,100,2022-11-09,0
00010349,200,2023-06-04,100000
00010350,500,2024-02-06,0
00010351,200,2022-11-19,1000
00010352,150,2022-04-02,0
00010353,50,2024-03-29,250
00010354,100,2023-10-31,100
00010355,200,2025-12-22,2000
00010356,150,2024-12-30,0
00010357,50,2025-04-18,0
00010358,150,2025-07-22,0
00010359,50,2023-07-14,0
00010360,150,2023-11-30,0
00010361,50,2022-06-11,0
00010362,100,2024-01-31,0
00010363,50,2022-09-27,0
00010364,500,2022-03-14,0
00010365,500,2022-06-04,0
00010366,100,2023-12-09,0
00010367,150,2023-04-03,0
00010368,150,2025-06-05,0
00010369,50,2025-06-16,0
00010370,200,2022-08-14,0
00010371,200,2023-10-06,0
00010372,50,2024-03-14,0
00010373,100,2022-12-22,0
00010374,100,2023-07-23,0
00010375,50,2024-05-31,0
00010376,200,2022-10-02,0
00010377,50,2025-10-06,0
00010378,500,2025-09-07,0
00010379,200,2023-05-02,0
00010380,50,2022-01-02,0
00010381,50,2023-10-03,250
00010382,50,2023-10-06,0
00010383,200,2024-10-22,0
00010384,200,2025-05-04,0
00010385,50,2023-09-19,0
00010386,100,2025-11-19,0
00010387,50,2024-10-31,100000
00010388,50,2022-08-12,500
00010389,200,2022-07-16,0
00010390,100,2025-05-13,0
00010391,500,2024-12-10,0
00010392,50,2025-01-06,0
00010393,50,2023-07-30,0
00010394,200,2025-09-06,0
00010395,100,2025-02-10,0
00010396,200,2024-11-06,0
00010397,500,2023-12-23,5000
00010398,200,2025-05-05,2000
00010399,50,2025-09-15,0
00010400,150,2024-03-30,0
00010401,500,2022-11-25,0
00010402,100,2024-12-09,10000
00010403,100,2024-09-26,0
00010404,50,2025-07-31,0
00010405,50,2025-10-10,0
00010406,150,2024-07-05,0
00010407,100,2024-07-27,0
00010408,200,2023-08-03,100000
00010409,100,2025-12-29,0
00010410,500,2023-03-31,50000
00010411,500,2024-06-27,0
00010412,500,2025-05-10,0
00010413,500,2024-01-31,0
00010414,150,2023-12-11,0
00010415,500,2025-01-28,0
00010416,200,2022-06-12,0
00010417,200,2023-06-24,0
00010418,200,2024-02-16,0
00010419,200,2024-07-09,0
00010420,500,2023-11-23,0
00010421,50,2022-06-22,0
00010422,150,2024-06-01,100000
00010423,150,2024-04-03,0
00010424,150,2023-05-25,0
00010425,50,2024-10-28,5000
00010426,100,2025-04-20,0
00010427,50,2022-03-08,0
00010428,500,2023-12-10,0
00010429,100,2023-05-07,0
00010430,200,2024-09-14,0
00010431,50,2025-10-18,0
00010432,200,2024-10-11,0
00010433,200,2022-08-10,0
00010434,100,2024-05-01,0
00010435,150,2025-01-26,0
00010436,100,2022-01-26,0
00010437,100,2023-06-22,0
00010438,100,2024-02-07,0
00010439,150,2023-11-22,0
00010440,50,2023-12-02,0
00010441,50,2024-11-04,0
00010442,50,2025-09-25,0
00010443,500,2023-03-04,0
00010444,200,2024-04-02,0
00010445,100,2024-12-01,0
00010446,100,2023-09-27,0
00010447,200,2023-03-16,2000
00010448,100,2024-12-13,0
00010449,50,2022-02-26,50
00010450,150,2023-04-03,0
00010451,500,2023-09-22,0
00010452,100,2022-02-06,0
00010453,150,2022-08-06,0
00010454,500,2025-03-05,0
00010455,200,2023-10-06,0
00010456,200,2024-03-04,0
00010457,500,2024-10-13,0
00010458,150,2022-07-24,0
00010459,200,2022-11-18,0
00010460,100,2024-07-15,0
00010461,200,2022-04-25,1000
00010462,100,2022-03-18,0
00010463,150,2022-03-21,0
00010464,200,2024-07-13,0
00010465,50,2023-01-13,0
00010466,150,2024-11-28,0
00010467,50,2023-06-22,0
00010468,500,2025-07-12,0
00010469,500,2022-01-25,0
00010470,200,2024-04-04,0
00010471,500,2022-08-24,0
00010472,100,2025-04-01,0
00010473,500,2025-02-07,0
00010474,150,2024-09-22,0
00010475,50,2025-04-10,0
00010476,100,2024-05-02,500
00010477,200,2024-03-11,0
00010478,500,2023-08-01,0
00010479,100,2022-01-31,0
00010480,150,2025-11-22,0
00010481,150,2025-01-04,0
00010482,200,2023-01-27,0
00010483,100,2024-08-03,0
00010484,50,2023-09-07,0
00010485,100,2022-05-31,0
00010486,50,2024-12-27,250
00010487,200,2025-10-22,0
00010488,500,2022-09-07,0
00010489,50,2025-05-22,0
00010490,500,2024-04-17,500
00010491,50,2023-06-25,0
00010492,50,2024-10-23,0
00010493,50,2022-07-28,0
00010494,500,2022-09-14,0
00010495,200,2025-09-09,0
00010496,100,2023-09-15,0
00010497,200,2025-02-21,0
00010498,100,2023-08-16,100
00010499,100,2023-06-21,100
00010500,100,2022-05-23,0
00010501,50,2025-02-25,0
00010502,150,2022-01-20,0
00010503,150,2022-06-25,0
00010504,100,2022-11-17,0
00010505,50,2024-06-30,0
00010506,50,2023-09-27,0
00010507,50,2024-10-25,0
00010508,50,2025-03-18,0
00010509,50,2024-03-02,0
00010510,150,2025-09-14,0
00010511,200,2024-12-14,0
00010512,50,2023-02-10,0
00010513,150,2024-03-09,0
00010514,200,2022-09-14,0
00010515,100,2024-07-26,0
00010516,200,2025-05-13,0
00010517,50,2024-07-20,0
00010518,50,2023-04-01,0
00010519,200,2023-06-28,0
00010520,500,2025-06-10,0
00010521,500,2024-07-10,2500
00010522,100,2025-05-31,0
00010523,100,2024-03-16,0
00010524,500,2023-08-15,50000
00010525,150,2022-05-26,15000
00010526,50,2023-04-05,0
00010527,200,2023-12-20,0
00010528,50,2025-12-10,0
00010529,50,2023-12-14,0
00010530,200,2023-05-10,200
00010531,50,2022-02-24,0
00010532,500,2024-04-11,0
00010533,150,2024-04-13,0
00010534,100,2023-10-22,0
00010535,50,2024-03-06,0
00010536,50,2022-05-06,0
00010537,150,2024-12-03,0
00010538,500,2023-09-08,0
00010539,200,2025-07-25,0
00010540,500,2025-04-25,0
00010541,150,2024-11-24,150
00010542,100,2024-04-10,0
00010543,50,2022-04-20,0
00010544,200,2024-08-17,200
00010545,200,2024-09-22,0
00010546,100,2025-09-01,0
00010547,500,2023-09-27,0
00010548,100,2022-03-17,0
00010549,50,2022-08-15,0
00010550,50,2024-06-24,0
00010551,200,2022-04-17,0
00010552,150,2025-06-15,150
00010553,150,2023-08-10,0
00010554,150,2023-11-16,0
00010555,200,2024-07-05,0
00010556,100,2023-04-23,0
00010557,500,2023-09-13,0
00010558,200,2025-12-07,0
00010559,150,2022-11-28,0
00010560,50,2024-09-10,0
00010561,50,2023-03-09,0
00010562,150,2023-05-15,0
00010563,50,2023-09-30,0
00010564,500,2025-04-10,0
00010565,200,2023-12-14,0
00010566,200,2022-08-17,0
00010567,500,2024-09-05,0
00010568,200,2023-04-28,0
00010569,200,2023-03-20,0
00010570,150,2024-05-25,0
00010571,100,2023-07-14,0
00010572,100,2023-02-06,0
00010573,500,2023-12-16,0
00010574,200,2023-11-06,0
00010575,100,2025-06-27,0
00010576,200,2025-09-11,0
00010577,500,2024-07-17,0
00010578,150,2025-12-07,750
00010579,150,2025-03-26,0
00010580,50,2024-09-13,0
00010581,200,2024-06-20,0
00010582,200,2022-01-13,0
00010583,500,2025-08-05,0
00010584,100,2023-10-17,0
00010585,100,2022-08-31,0
00010586,50,2024-03-06,0
00010587,50,2024-03-16,0
00010588,500,2025-02-15,0
00010589,150,2023-06-23,0
00010590,200,2023-03-04,0
00010591,500,2025-11-22,0
00010592,50,2022-07-28,0
00010593,150,2024-01-09,0
00010594,100,2025-05-12,0
00010595,150,2025-09-16,0
00010596,50,2025-01-12,0
00010597,200,2025-04-09,0
00010598,150,2023-10-22,0
00010599,50,2023-11-06,250
00010600,200,2022-04-20,200
00010601,50,2025-09-28,0
00010602,50,2022-06-20,0
00010603,200,2022-06-01,0
00010604,500,2024-07-30,0
00010605,150,2023-06-01,0
00010606,500,2025-07-07,0
00010607,100,2022-06-29,0
00010608,50,2022-04-07,0
00010609,500,2024-11-14,0
00010610,100,2024-12-23,0
00010611,200,2025-03-19,0
00010612,500,2024-04-09,0
00010613,100,2025-10-12,0
00010614,50,2022-05-06,0
00010615,150,2024-12-19,0
00010616,200,2025-07-10,0
00010617,200,2024-01-14,0
00010618,200,2022-05-24,0
00010619,100,2022-05-28,0
00010620,500,2025-01-25,0
00010621,100,2022-02-12,0
00010622,50,2024-12-13,0
00010623,200,2023-08-12,0
00010624,200,2022-05-10,0
00010625,100,2022-03-01,0
00010626,200,2023-06-21,0
00010627,200,2025-05-29,0
00010628,500,2023-01-23,0
00010629,500,2025-04-25,50000
00010630,200,2023-07-15,1000
00010631,100,2023-04-07,0
00010632,50,2025-12-31,0
00010633,100,2025-09-10,0
00010634,150,2022-10-14,0
00010635,500,2022-11-02,0
00010636,200,2024-07-19,0
00010637,100,2024-02-19,0
00010638,100,2024-08-02,0
00010639,500,2025-07-03,0
00010640,100,2023-01-17,0
00010641,500,2024-04-28,0
00010642,150,2023-09-10,0
00010643,150,2023-05-24,0
00010644,200,2025-12-11,0
00010645,200,2024-11-04,0
00010646,50,2022-06-02,0
00010647,100,2023-03-29,1000
00010648,50,2025-05-24,0
00010649,50,2023-10-19,0
00010650,200,2022-06-24,0
00010651,150,2025-12-09,0
00010652,50,2025-08-04,0
00010653,100,2024-09-13,0
00010654,500,2022-04-17,0
00010655,150,2025-03-27,750
00010656,50,2025-12-31,0
00010657,200,2023-04-28,0
00010658,50,2024-04-24,0
00010659,200,2024-03-20,0
00010660,100,2022-10-26,0
00010661,500,2023-09-01,500
00010662,100,2025-06-28,0
00010663,500,2025-04-22,0
00010664,200,2024-08-17,0
00010665,200,2025-03-15,0
00010666,150,2024-09-28,0
00010667,150,2023-12-11,750
00010668,150,2024-07-13,0
00010669,50,2022-05-31,250
00010670,200,2024-07-22,100000
00010671,200,2022-10-31,0
00010672,200,2025-08-30,0
00010673,200,2022-08-02,0
00010674,150,2025-02-11,0
00010675,100,2023-02-25,0
00010676,50,2025-01-17,5000
00010677,100,2022-03-07,0
00010678,500,2025-12-03,0
00010679,100,2025-07-10,0
00010680,500,2022-10-13,0
00010681,100,2022-12-17,0
00010682,50,2024-08-24,0
00010683,500,2024-12-10,0
00010684,100,2025-07-27,0
00010685,200,2023-12-25,0
00010686,150,2025-01-20,0
00010687,100,2022-01-06,0
00010688,50,2022-05-12,0
00010689,50,2025-02-01,0
00010690,500,2024-08-20,0
00010691,50,2024-06-13,0
00010692,100,2024-09-30,0
00010693,200,2023-03-05,0
00010694,150,2022-05-16,0
00010695,150,2023-12-25,0
00010696,50,2022-02-07,0
00010697,50,2022-03-08,0
00010698,500,2023-09-14,0
00010699,150,2025-12-25,0
00010700,200,2022-12-21,0
00010701,50,2022-01-27,0
00010702,50,2024-07-14,0
00010703,100,2023-10-22,100000
00010704,100,2022-01-06,0
00010705,100,2025-10-03,0
00010706,100,2025-08-03,0
00010707,200,2023-11-09,0
00010708,500,2022-08-23,0
00010709,500,2022-10-17,0
00010710,500,2022-03-03,0
00010711,50,2024-05-01,0
00010712,100,2022-09-11,0
00010713,200,2025-06-07,0
00010714,500,2024-08-23,0
00010715,150,2022-01-19,0
00010716,50,2023-06-05,0
00010717,150,2022-05-12,0
00010718,200,2022-07-23,0
00010719,150,2025-04-03,0
00010720,50,2025-11-05,0
00010721,150,2023-11-10,0
00010722,50,2023-11-06,0
00010723,50,2024-09-30,0
00010724,100,2025-04-03,0
00010725,100,2024-11-22,500
00010726,150,2022-07-16,0
00010727,50,2023-10-13,0
00010728,500,2024-04-15,0
00010729,200,2022-07-22,0
00010730,100,2022-09-08,0
00010731,100,2025-12-21,0
00010732,100,2025-11-30,0
00010733,100,2022-09-30,0
00010734,500,2022-04-09,0
00010735,500,2023-01-31,0
00010736,200,2025-07-26,0
00010737,150,2023-07-10,0
00010738,150,2024-10-14,0
00010739,100,2023-11-28,0
00010740,100,2025-05-05,0
00010741,50,2022-06-28,0
00010742,150,2022-11-22,0
00010743,150,2024-11-03,0
00010744,100,2024-08-06,0
00010745,500,2025-02-04,0
00010746,200,2022-03-24,0
00010747,200,2023-07-20,0
00010748,50,2023-05-03,500
00010749,500,2024-11-05,100000
00010750,200,2022-08-30,0
00010751,200,2022-05-19,0
00010752,150,2022-09-26,0
00010753,100,2024-01-24,0
00010754,150,2025-11-18,0
00010755,150,2025-05-06,0
00010756,50,2023-10-30,0
00010757,150,2025-02-28,0
00010758,150,2024-06-30,0
00010759,500,2022-06-30,0
00010760,100,2024-07-08,0
00010761,500,2023-04-03,5000
00010762,150,2024-08-15,0
00010763,100,2024-06-24,0
00010764,150,2025-10-30,0
00010765,200,2022-01-02,0
00010766,150,2024-12-22,0
00010767,50,2022-08-12,0
00010768,100,2023-01-07,0
00010769,100,2023-02-17,0
00010770,500,2025-05-03,0
00010771,50,2022-01-16,0
00010772,100,2023-07-12,0
00010773,50,2022-09-24,0
00010774,500,2024-11-23,0
00010775,100,2022-01-15,0
00010776,200,2023-07-30,0
00010777,50,2022-08-28,0
00010778,500,2025-05-22,0
00010779,200,2025-03-28,0
00010780,500,2022-09-17,0
00010781,150,2025-11-26,0
00010782,50,2023-03-28,0
00010783,200,2025-01-12,0
00010784,150,2022-10-26,0
00010785,500,2025-06-13,0
00010786,500,2025-08-28,0
00010787,150,2023-04-26,0
00010788,200,2024-03-21,0
00010789,50,2025-12-28,0
00010790,500,2022-01-18,0
00010791,200,2023-05-01,0
00010792,150,2025-06-14,0
00010793,500,2025-08-31,0
00010794,150,2023-10-03,0
00010795,150,2023-09-27,0
00010796,50,2024-07-14,0
00010797,100,2024-05-22,0
00010798,150,2023-08-07,0
00010799,150,2024-07-14,0
00010800,500,2022-08-12,0
00010801,50,2023-06-15,0
00010802,500,2025-08-28,0
00010803,100,2025-06-05,0
00010804,500,2022-04-21,0
00010805,500,2025-12-12,0
00010806,200,2024-01-16,0
00010807,150,2024-07-11,0
00010808,100,2025-10-08,0
00010809,200,2025-09-25,0
00010810,500,2022-05-28,0
00010811,500,2023-09-26,0
00010812,100,2023-09-20,0
00010813,200,2025-11-21,0
00010814,200,2025-08-28,0
00010815,200,2024-08-11,0
00010816,50,2025-11-06,0
00010817,100,2023-10-10,0
00010818,50,2024-10-04,0
00010819,100,2024-03-05,0
00010820,100,2023-01-26,0
00010821,500,2023-10-21,0
00010822,100,2023-01-23,0
00010823,500,2025-05-22,0
00010824,500,2023-11-14,0
00010825,50,2023-01-19,0
00010826,100,2025-10-31,0
00010827,150,2023-02-05,0
00010828,100,2023-10-05,0
00010829,150,2022-09-01,0
00010830,200,2022-11-16,0
00010831,50,2023-01-21,0
00010832,100,2023-05-19,0
00010833,200,2022-06-03,0
00010834,500,2023-11-07,0
00010835,500,2023-05-13,0
00010836,150,2024-01-24,0
00010837,200,2022-03-27,0
00010838,100,2022-03-17,100
00010839,200,2023-05-31,20000
00010840,150,2023-06-28,0
00010841,150,2025-02-28,0
00010842,200,2024-03-13,0
00010843,100,2022-08-09,0
00010844,100,2025-09-19,0
00010845,100,2024-09-05,0
00010846,50,2024-05-07,0
00010847,200,2024-04-09,0
00010848,100,2022-12-12,0
00010849,500,2025-08-22,0
00010850,50,2024-01-17,0
00010851,150,2024-05-08,0
00010852,150,2023-05-24,0
00010853,150,2024-01-30,0
00010854,150,2025-04-04,0
00010855,100,2024-04-15,0
00010856,150,2024-05-27,15000
00010857,200,2025-01-08,0
00010858,150,2023-03-20,0
00010859,100,2024-09-26,0
00010860,100,2025-03-26,0
00010861,50,2023-06-23,0
00010862,200,2022-03-14,1000
00010863,100,2024-03-30,0
00010864,100,2024-05-18,0
00010865,500,2022-02-05,0
00010866,100,2022-11-03,10000
00010867,150,2023-11-22,0
00010868,200,2022-08-02,0
00010869,500,2022-03-18,0
00010870,200,2022-02-18,0
00010871,50,2023-11-29,0
00010872,100,2022-03-21,100000
00010873,100,2023-06-02,0
00010874,50,2024-07-25,0
00010875,200,2022-12-02,0
00010876,200,2023-01-09,0
00010877,500,2025-08-22,0
00010878,100,2025-11-06,0
00010879,500,2025-07-24,0
00010880,50,2025-05-06,0
00010881,200,2025-08-21,0
00010882,50,2022-01-06,0
00010883,100,2022-02-20,0
00010884,100,2022-12-21,0
00010885,50,2022-04-24,0
00010886,100,2022-10-25,0
00010887,200,2024-06-29,0
00010888,100,2024-07-18,0
00010889,150,2023-08-09,0
00010890,150,2024-10-02,0
00010891,500,2024-06-30,0
00010892,500,2022-10-25,2500
00010893,100,2022-11-22,0
00010894,500,2025-11-21,0
00010895,50,2022-06-12,0
00010896,100,2024-05-13,0
00010897,500,2022-04-19,0
00010898,150,2024-05-01,0
00010899,150,2024-10-27,0
00010900,100,2023-07-09,0
00010901,50,2025-03-08,0
00010902,50,2025-08-17,0
00010903,150,2024-06-20,0
00010904,150,2023-12-03,0
00010905,200,2023-03-22,0
00010906,200,2025-11-24,0
00010907,200,2025-01-26,0
00010908,150,2022-01-29,0
00010909,500,2023-07-13,0
00010910,200,2024-08-16,0
00010911,50,2024-06-07,100000
00010912,500,2024-10-21,0
00010913,100,2025-01-22,0
00010914,200,2024-12-05,100000
00010915,100,2024-11-15,0
00010916,100,2024-04-01,0
00010917,50,2025-12-19,0
00010918,200,2023-06-11,0
00010919,50,2022-01-03,0
00010920,200,2022-06-02,0
00010921,200,2022-03-10,0
00010922,200,2025-01-16,0
00010923,100,2022-06-02,0
00010924,200,2024-02-14,0
00010925,200,2025-03-28,0
00010926,50,2022-10-23,0
00010927,500,2023-01-26,0
00010928,100,2023-06-22,0
00010929,150,2023-05-03,0
00010930,150,2022-06-20,0
00010931,50,2022-06-23,0
00010932,50,2025-06-17,0
00010933,150,2025-02-13,15000
00010934,50,2025-12-09,0
00010935,50,2025-11-18,0
00010936,200,2024-09-22,0
00010937,50,2024-01-22,0
00010938,200,2024-08-15,0
00010939,50,2024-08-23,0
00010940,50,2023-08-07,0
00010941,200,2025-01-27,0
00010942,200,2025-05-07,0
00010943,100,2025-08-20,0
00010944,200,2022-06-20,0
00010945,150,2022-05-18,100000
00010946,50,2022-04-15,0
00010947,50,2022-08-06,0
00010948,150,2022-02-27,0
00010949,50,2024-02-02,500
00010950,150,2025-03-03,0
00010951,100,2025-12-11,0
00010952,100,2022-03-09,500
00010953,500,2024-08-21,0
00010954,500,2025-05-20,0
00010955,200,2025-10-13,0
00010956,150,2025-08-03,0
00010957,500,2024-05-14,0
00010958,200,2023-09-26,0
00010959,100,2023-12-11,0
00010960,500,2023-06-13,0
00010961,100,2022-04-26,0
00010962,200,2023-08-06,0
00010963,100,2024-06-21,0
00010964,150,2022-07-10,0
00010965,100,2023-05-04,0
00010966,500,2023-04-16,0
00010967,200,2024-03-20,0
00010968,500,2024-07-05,0
00010969,50,2025-10-16,0
00010970,50,2024-12-21,0
00010971,200,2022-07-01,0
00010972,200,2023-09-09,0
00010973,50,2024-01-14,0
00010974,500,2024-03-11,0
00010975,50,2023-07-18,0
00010976,500,2022-03-13,0
00010977,100,2023-11-23,0
00010978,100,2023-08-04,0
00010979,150,2024-06-28,0
00010980,150,2022-02-24,0
00010981,500,2025-02-16,0
00010982,100,2023-06-14,0
00010983,100,2023-10-12,0
00010984,200,2025-04-25,0
00010985,50,2022-07-05,0
00010986,50,2025-12-06,0
00010987,50,2024-12-30,0
00010988,200,2024-11-13,0
00010989,150,2025-05-06,0
00010990,100,2022-06-06,0
00010991,500,2024-04-23,0
00010992,100,2022-04-18,0
00010993,200,2025-11-23,0
00010994,150,2025-11-20,0
00010995,500,2022-01-18,0
00010996,50,2022-11-16,0
00010997,200,2023-06-27,0
00010998,500,2024-10-11,0
00010999,100,2022-01-18,0
00011000,150,2023-08-31,0
00011001,100,2025-03-22,0
00011002,200,2025-01-27,0
00011003,500,2022-10-16,0
00011004,150,2024-08-21,0
00011005,150,2025-05-31,0
00011006,150,2024-07-04,0
00011007,50,2023-08-27,0
00011008,100,2024-07-22,0
00011009,200,2025-01-26,0
00011010,200,2023-01-05,20000
00011011,50,2024-07-27,0
00011012,150,2025-01-01,1500
00011013,150,2022-10-23,0
00011014,100,2024-05-17,0
00011015,200,2025-06-23,0
00011016,500,2025-08-22,0
00011017,500,2025-01-14,0
00011018,200,2023-11-09,0
00011019,150,2024-11-16,0
00011020,200,2023-08-27,0
00011021,100,2023-07-23,100000
00011022,100,2025-04-05,0
00011023,100,2024-05-01,0
00011024,50,2025-11-16,0
00011025,500,2024-06-09,0
00011026,200,2023-11-13,0
00011027,50,2025-12-01,0
00011028,150,2024-02-11,0
00011029,500,2025-05-19,2500
00011030,150,2024-12-17,0
00011031,150,2024-09-07,0
00011032,200,2025-10-02,0
00011033,50,2022-05-24,0
00011034,200,2025-02-09,0
00011035,100,2025-12-15,0
00011036,100,2022-05-08,0
00011037,200,2022-02-27,0
00011038,150,2025-06-10,0
00011039,50,2023-10-10,0
00011040,50,2024-02-15,250
00011041,200,2025-07-25,0
00011042,100,2023-05-24,10000
00011043,100,2025-08-25,0
00011044,200,2022-05-19,0
00011045,100,2023-08-06,0
00011046,150,2024-05-06,0
00011047,50,2022-08-04,0
00011048,50,2023-03-06,0
00011049,50,2024-10-03,0
00011050,100,2025-02-15,0
00011051,500,2022-04-08,0
00011052,200,2022-06-08,0
00011053,150,2023-12-12,0
00011054,500,2023-11-10,0
00011055,200,2023-04-20,0
00011056,150,2025-12-22,0
00011057,50,2024-12-06,0
00011058,100,2025-07-11,0
00011059,500,2022-12-27,0
00011060,50,2022-12-17,0
00011061,500,2025-12-14,0
00011062,200,2025-04-11,2000
00011063,500,2023-07-13,0
00011064,500,2024-12-13,0
00011065,100,2025-01-04,0
00011066,100,2025-11-19,0
00011067,150,2024-07-08,0
00011068,150,2022-11-12,150
00011069,100,2025-10-13,0
00011070,500,2025-01-11,0
00011071,200,2022-07-06,0
00011072,100,2023-03-06,0
00011073,50,2023-03-02,0
00011074,200,2024-12-07,0
00011075,150,2022-09-17,0
00011076,200,2025-01-21,0
00011077,200,2025-01-14,0
00011078,150,2023-01-17,0
00011079,500,2024-08-05,0
00011080,50,2023-05-14,0
00011081,500,2024-09-16,0
00011082,100,2023-07-05,0
00011083,50,2022-01-15,0
00011084,500,2023-04-12,0
00011085,150,2025-07-30,0
00011086,150,2024-09-10,0
00011087,200,2022-12-22,0
00011088,100,2024-07-16,0
00011089,50,2022-04-25,0
00011090,100,2023-11-27,0
00011091,500,2024-08-20,0
00011092,100,2024-08-04,0
00011093,100,2022-12-15,0
00011094,200,2022-02-16,0
00011095,100,2023-06-06,500
00011096,150,2023-12-02,0
00011097,200,2024-12-03,0
00011098,100,2025-03-31,0
00011099,200,2025-08-22,200
00011100,50,2024-05-01,0
00011101,500,2025-01-05,0
00011102,50,2024-01-07,0
00011103,200,2025-07-29,0
00011104,150,2024-03-29,0
00011105,200,2023-04-22,0
00011106,150,2024-02-18,0
00011107,150,2023-07-25,0
00011108,150,2025-10-06,0
00011109,100,2023-03-01,0
00011110,100,2025-07-01,0
00011111,100,2023-08-04,0
00011112,150,2023-12-23,0
00011113,200,2022-03-01,20000
00011114,100,2023-05-05,0
00011115,150,2023-10-03,0
00011116,500,2025-10-19,0
00011117,100,2024-05-13,0
00011118,200,2024-04-24,100000
00011119,500,2023-10-24,0
00011120,50,2022-09-21,0
00011121,50,2023-04-07,0
00011122,100,2025-03-25,0
00011123,50,2023-05-10,0
00011124,500,2024-10-18,50000
00011125,100,2025-01-19,0
00011126,150,2024-05-18,0
00011127,50,2023-10-19,0
00011128,500,2022-06-05,500
00011129,50,2024-01-20,0
00011130,100,2024-07-25,0
00011131,100,2023-10-30,0
00011132,50,2022-09-22,0
00011133,200,2024-10-02,0
00011134,200,2022-05-26,0
00011135,200,2024-01-20,0
00011136,500,2024-01-24,0
00011137,500,2025-09-29,0
00011138,150,2024-10-10,0
00011139,150,2025-06-06,0
00011140,150,2022-02-22,0
00011141,150,2025-08-21,0
00011142,200,2022-10-02,0
00011143,50,2024-06-26,0
00011144,500,2024-01-17,0
00011145,150,2022-06-02,0
00011146,500,2023-12-08,0
00011147,150,2022-09-26,0
00011148,150,2022-10-21,0
00011149,50,2024-07-17,0
00011150,500,2025-08-14,0
00011151,100,2022-06-02,0
00011152,150,2022-07-17,0
00011153,500,2025-07-12,0
00011154,50,2023-09-06,0
00011155,150,2024-10-03,0
00011156,150,2023-10-17,0
00011157,100,2022-03-24,0
00011158,100,2024-08-27,0
00011159,500,2023-06-21,0
00011160,50,2024-11-16,0
00011161,500,2022-10-17,0
00011162,50,2023-01-22,0
00011163,150,2025-10-31,0
00011164,100,2022-07-07,0
00011165,150,2023-08-09,750
00011166,500,2023-02-15,0
00011167,200,2023-04-24,0
00011168,50,2025-03-25,0
00011169,100,2022-07-01,0
00011170,50,2024-01-11,0
00011171,100,2023-12-26,0
00011172,150,2025-04-08,0
00011173,50,2023-08-02,0
00011174,200,2025-05-29,0
00011175,50,2022-10-07,0
00011176,100,2022-11-12,0
00011177,200,2022-01-17,100000
00011178,50,2022-08-22,0
00011179,150,2023-04-23,0
00011180,500,2025-12-25,0
00011181,50,2023-02-18,0
00011182,500,2024-06-04,0
00011183,200,2024-05-25,0
00011184,50,2023-01-16,0
00011185,150,2022-09-21,0
00011186,50,2022-11-05,250
00011187,500,2022-06-26,0
00011188,100,2024-10-26,500
00011189,50,2022-07-08,0
00011190,150,2025-02-21,100000
00011191,500,2025-05-18,100000
00011192,500,2025-12-27,50000
00011193,200,2023-09-11,0
00011194,100,2023-01-21,0
00011195,500,2022-08-09,0
00011196,500,2022-03-15,0
00011197,50,2025-10-05,0
00011198,150,2024-03-14,0
00011199,100,2022-07-12,0
00011200,100,2023-04-24,0
00011201,200,2024-09-28,2000
00011202,50,2024-09-18,250
00011203,500,2025-02-27,500
00011204,500,2024-09-08,0
00011205,150,2022-03-03,0
00011206,100,2022-11-22,500
00011207,150,2023-06-24,0
00011208,200,2022-02-26,0
00011209,50,2023-06-09,0
00011210,200,2024-03-11,0
00011211,200,2024-07-18,0
00011212,100,2024-01-04,0
00011213,200,2022-11-08,0
00011214,200,2023-03-04,0
00011215,50,2023-02-06,0
00011216,500,2022-06-07,500
00011217,150,2025-11-14,0
00011218,50,2023-01-20,0
00011219,500,2025-06-07,0
00011220,100,2022-05-04,0
00011221,200,2022-02-16,100000
00011222,500,2023-07-30,0
00011223,500,2024-03-23,0
00011224,500,2023-05-18,0
00011225,100,2023-05-23,0
00011226,200,2022-05-02,200
00011227,150,2024-12-06,0
00011228,50,2025-04-02,0
00011229,50,2023-07-16,0
00011230,500,2024-05-11,0
00011231,100,2023-03-19,0
00011232,50,2024-04-11,0
00011233,500,2024-10-02,0
00011234,500,2025-11-21,0
00011235,100,2025-06-30,0
00011236,100,2023-05-14,0
00011237,500,2022-01-11,0
00011238,200,2023-01-17,0
00011239,150,2025-01-14,0
00011240,100,2025-11-05,0
00011241,150,2023-07-16,0
00011242,50,2023-03-10,0
00011243,50,2025-03-25,0
00011244,50,2023-03-16,0
00011245,500,2022-12-05,0
00011246,100,2024-05-27,0
00011247,500,2023-02-27,0
00011248,200,2023-02-05,0
00011249,500,2025-07-24,0
00011250,100,2024-12-25,1000
00011251,100,2024-04-22,0
00011252,150,2024-11-28,0
00011253,200,2023-07-15,0
00011254,200,2025-12-28,0
00011255,200,2023-04-18,0
00011256,50,2022-09-24,250
00011257,50,2024-07-25,0
00011258,100,2025-03-23,0
00011259,200,2022-03-18,0
00011260,150,2024-11-17,0
00011261,500,2022-07-31,0
00011262,150,2023-06-03,0
00011263,150,2024-06-18,0
00011264,50,2025-12-18,0
00011265,100,2025-12-10,0
00011266,50,2022-05-29,0
00011267,200,2022-08-31,0
00011268,200,2022-03-05,0
00011269,200,2022-06-05,100000
00011270,100,2024-03-29,0
00011271,50,2023-11-13,0
00011272,150,2024-02-16,0
00011273,150,2022-12-26,0
00011274,500,2023-05-21,0
00011275,150,2023-04-20,0
00011276,50,2023-07-01,0
00011277,100,2023-08-18,0
00011278,150,2025-07-18,0
00011279,150,2023-11-24,0
00011280,150,2025-10-13,0
00011281,200,2022-02-28,200
00011282,50,2022-07-09,0
00011283,200,2025-08-10,0
00011284,100,2024-10-13,0
00011285,100,2024-12-06,0
00011286,500,2024-08-23,0
00011287,100,2025-11-15,10000
00011288,100,2024-03-10,0
00011289,100,2024-12-31,0
00011290,50,2025-04-04,0
00011291,200,2022-02-13,0
00011292,500,2023-02-01,0
00011293,500,2025-03-20,5000
00011294,50,2025-01-18,0
00011295,100,2024-04-23,0
00011296,150,2022-02-09,0
00011297,500,2025-07-10,0
00011298,150,2023-01-22,0
00011299,200,2024-08-07,20000
00011300,100,2024-09-24,0
00011301,150,2025-12-30,0
00011302,150,2025-12-24,0
00011303,100,2025-05-01,0
00011304,150,2023-08-07,0
00011305,200,2024-05-26,0
00011306,150,2022-10-11,0
00011307,200,2025-11-25,0
00011308,150,2024-06-10,0
00011309,150,2022-12-12,0
00011310,50,2022-08-18,0
00011311,50,2025-08-20,0
00011312,100,2023-07-09,0
00011313,500,2025-09-18,0
00011314,150,2025-04-13,0
00011315,150,2025-10-12,0
00011316,200,2025-12-28,0
00011317,100,2022-11-29,0
00011318,500,2025-05-26,0
00011319,50,2025-11-07,0
00011320,50,2022-04-19,50
00011321,200,2025-02-13,0
00011322,50,2022-09-14,0
00011323,500,2023-08-05,0
00011324,150,2024-07-07,0
00011325,50,2023-05-06,500
00011326,500,2023-09-10,0
00011327,50,2025-12-02,0
00011328,150,2022-12-22,0
00011329,100,2023-10-04,0
00011330,100,2025-01-14,0
00011331,100,2024-09-16,0
00011332,500,2024-08-24,0
00011333,200,2025-09-10,0
00011334,500,2022-09-13,0
00011335,50,2022-10-11,0
00011336,150,2024-02-14,0
00011337,200,2025-12-27,0
00011338,50,2023-12-01,0
00011339,100,2022-05-13,0
00011340,200,2022-03-18,0
00011341,500,2025-05-02,0
00011342,50,2024-09-25,0
00011343,50,2022-08-26,0
00011344,50,2022-06-05,0
00011345,200,2023-06-12,0
00011346,50,2022-07-31,0
00011347,500,2023-05-09,100000
00011348,200,2024-01-14,0
00011349,100,2023-09-11,0
00011350,200,2023-03-12,0
00011351,500,2025-01-24,0
00011352,150,2025-12-25,0
00011353,200,2025-10-02,0
00011354,150,2025-02-19,0
00011355,200,2024-07-27,20000
00011356,500,2025-02-21,0
00011357,100,2023-11-29,0
00011358,150,2022-07-14,0
00011359,500,2022-03-05,0
00011360,100,2022-12-06,0
00011361,500,2025-04-14,50000
00011362,200,2024-04-23,0
00011363,100,2025-01-13,0
00011364,100,2025-01-29,0
00011365,500,2025-08-17,0
00011366,200,2022-05-10,0
00011367,200,2025-10-01,0
00011368,50,2022-01-03,0
00011369,100,2025-10-30,0
00011370,200,2022-01-20,0
00011371,500,2022-02-13,0
00011372,100,2024-09-25,0
00011373,50,2024-12-16,0
00011374,200,2025-12-14,0
00011375,500,2023-04-06,0
00011376,200,2025-12-17,100000
00011377,100,2023-07-14,0
00011378,500,2022-11-13,0
00011379,200,2024-10-04,0
00011380,500,2024-06-20,0
00011381,100,2025-06-14,0
00011382,50,2024-08-30,0
00011383,150,2023-11-28,0
00011384,200,2022-09-30,0
00011385,200,2024-01-09,0
00011386,50,2025-05-09,0
00011387,500,2022-07-30,0
00011388,500,2023-07-10,0
00011389,500,2023-12-18,500
00011390,100,2023-09-22,0
00011391,100,2022-11-02,10000
00011392,100,2024-03-24,0
00011393,100,2022-04-30,0
00011394,200,2025-09-20,0
00011395,150,2023-12-09,0
00011396,150,2024-06-26,0
00011397,50,2025-06-06,0
00011398,50,2024-08-03,0
00011399,150,2022-03-22,0
00011400,100,2023-11-18,100000
00011401,150,2022-10-28,0
00011402,150,2024-08-10,0
00011403,200,2024-01-24,0
00011404,150,2025-12-21,0
00011405,200,2025-07-20,0
00011406,50,2022-05-07,0
00011407,150,2023-03-06,0
00011408,200,2025-05-14,0
00011409,100,2022-10-06,0
00011410,100,2023-03-21,0
00011411,100,2022-11-03,0
00011412,150,2025-11-28,0
00011413,500,2023-04-18,0
00011414,100,2024-10-15,0
00011415,100,2023-11-22,0
00011416,100,2022-07-28,500
00011417,200,2025-12-02,0
00011418,50,2022-01-15,0
00011419,500,2023-10-02,0
00011420,100,2023-05-30,0
00011421,50,2023-02-23,0
00011422,50,2023-07-02,0
00011423,100,2023-02-07,0
00011424,500,2024-11-19,0
00011425,150,2024-01-22,0
00011426,50,2022-09-19,0
00011427,200,2025-01-26,0
00011428,50,2023-07-06,0
00011429,200,2022-07-26,0
00011430,150,2025-11-08,0
00011431,200,2024-05-12,0
00011432,200,2025-01-11,20000
00011433,150,2024-01-27,0
00011434,150,2023-09-22,0
00011435,100,2022-07-16,0
00011436,500,2023-04-01,0
00011437,100,2024-06-10,0
00011438,150,2023-02-27,0
00011439,200,2023-02-10,0
00011440,500,2024-05-27,0
00011441,150,2025-06-17,0
00011442,100,2024-12-13,0
00011443,100,2025-07-25,0
00011444,50,2023-03-29,0
00011445,500,2025-05-28,0
00011446,500,2023-03-22,0
00011447,50,2025-11-21,0
00011448,100,2022-12-04,100000
00011449,150,2025-04-06,0
00011450,200,2023-12-09,0
00011451,50,2025-10-26,0
00011452,50,2022-09-19,0
00011453,200,2024-06-11,0
00011454,500,2024-04-09,0
00011455,50,2024-04-05,0
00011456,100,2023-09-02,0
00011457,200,2022-07-11,0
00011458,500,2025-03-27,0
00011459,200,2023-05-21,0
00011460,500,2024-01-04,0
00011461,50,2022-01-02,0
00011462,150,2023-01-15,0
00011463,200,2024-02-20,0
00011464,50,2023-10-29,0
00011465,200,2023-05-11,0
00011466,200,2023-08-28,0
00011467,200,2023-04-12,0
00011468,150,2025-06-13,0
00011469,500,2023-08-15,100000
00011470,500,2023-12-14,0
00011471,150,2024-04-29,0
00011472,150,2023-02-11,150
00011473,500,2024-10-01,0
00011474,50,2022-11-03,0
00011475,50,2022-02-02,0
00011476,200,2023-02-22,0
00011477,200,2023-03-30,0
00011478,100,2023-12-20,0
00011479,200,2023-02-24,0
00011480,100,2022-12-15,0
00011481,100,2023-08-07,0
00011482,200,2023-07-03,0
00011483,500,2022-05-14,0
00011484,200,2022-01-11,0
00011485,500,2022-09-11,500
00011486,150,2025-01-28,0
00011487,200,2022-02-16,0
00011488,100,2022-11-12,0
00011489,150,2024-07-05,0
00011490,500,2025-03-15,0
00011491,100,2025-09-22,0
00011492,150,2025-06-11,0
00011493,150,2022-07-07,0
00011494,200,2022-04-30,0
00011495,500,2025-10-05,2500
00011496,200,2022-07-18,0
00011497,150,2025-12-19,0
00011498,150,2025-07-31,0
00011499,50,2022-01-30,0
00011500,200,2023-05-21,0
00011501,200,2024-06-10,0
00011502,150,2023-06-07,0
00011503,100,2025-11-11,0
00011504,100,2025-01-10,0
00011505,500,2022-04-27,0
00011506,150,2022-09-25,0
00011507,500,2022-03-03,0
00011508,200,2024-06-13,0
00011509,50,2025-02-06,0
00011510,500,2023-09-13,0
00011511,200,2022-07-05,0
00011512,500,2024-10-26,0
00011513,200,2023-07-15,0
00011514,150,2023-12-28,15000
00011515,500,2023-10-16,0
00011516,500,2022-03-25,0
00011517,150,2022-04-29,0
00011518,50,2024-11-13,0
00011519,500,2025-10-10,0
00011520,200,2025-05-30,0
00011521,100,2023-06-28,0
00011522,150,2023-04-21,0
00011523,500,2024-04-10,0
00011524,100,2022-08-18,0
00011525,50,2025-11-05,0
00011526,50,2023-04-27,0
00011527,50,2022-01-11,0
00011528,50,2023-03-06,0
00011529,150,2024-05-09,0
00011530,200,2024-05-24,2000
00011531,500,2022-05-01,0
00011532,200,2023-06-16,0
00011533,200,2024-05-31,0
00011534,500,2022-09-08,0
00011535,50,2024-05-22,250
00011536,50,2023-11-24,250
00011537,500,2025-10-25,0
00011538,150,2023-12-21,0
00011539,200,2025-12-25,0
00011540,50,2025-07-31,0
00011541,50,2022-03-28,0
00011542,150,2022-09-09,0
00011543,500,2023-03-30,0
00011544,150,2022-09-26,0
00011545,200,2025-09-16,0
00011546,50,2023-04-03,0
00011547,150,2022-01-01,0
00011548,50,2022-12-09,0
00011549,200,2023-01-31,0
00011550,50,2022-08-05,0
00011551,50,2022-05-21,0
00011552,150,2023-12-26,0
00011553,50,2025-01-14,500
00011554,500,2022-04-23,0
00011555,50,2025-05-09,0
00011556,500,2025-03-30,0
00011557,200,2025-07-04,0
00011558,150,2022-03-16,0
00011559,150,2022-09-05,0
00011560,500,2023-04-01,0
00011561,500,2024-04-23,0
00011562,50,2024-10-24,0
00011563,200,2022-06-07,0
00011564,500,2022-01-24,0
00011565,500,2022-10-30,0
00011566,100,2025-12-19,0
00011567,500,2024-01-19,500
00011568,500,2024-05-15,100000
00011569,100,2023-03-02,0
00011570,50,2023-02-03,0
00011571,150,2022-12-01,0
00011572,50,2025-02-26,0
00011573,150,2022-03-26,0
00011574,100,2024-09-05,0
00011575,50,2024-08-22,0
00011576,500,2025-02-12,0
00011577,100,2024-07-08,0
00011578,50,2024-03-06,0
00011579,50,2025-11-15,0
00011580,100,2024-04-28,0
00011581,100,2022-03-09,0
00011582,50,2024-03-06,0
00011583,150,2022-05-31,0
00011584,200,2025-10-11,200
00011585,50,2025-02-09,0
00011586,50,2025-01-15,50
00011587,100,2025-09-30,0
00011588,100,2025-10-23,0
00011589,500,2023-03-30,0
00011590,100,2023-10-27,0
00011591,500,2024-10-11,0
00011592,100,2022-05-02,0
00011593,100,2023-03-29,0
00011594,150,2025-09-19,0
00011595,200,2025-02-10,0
00011596,500,2025-12-06,0
00011597,50,2022-02-11,0
00011598,200,2025-07-20,0
00011599,200,2025-01-26,2000
00011600,150,2022-03-05,0
00011601,50,2022-05-14,0
00011602,50,2023-03-21,0
00011603,50,2024-11-28,0
00011604,150,2022-07-31,0
00011605,500,2022-01-28,0
00011606,200,2022-03-29,0
00011607,50,2025-11-17,0
00011608,50,2023-06-10,100000
00011609,100,2023-07-14,0
00011610,150,2023-06-24,0
00011611,150,2022-03-03,0
00011612,50,2025-04-24,0
00011613,150,2024-10-24,750
00011614,200,2023-06-22,0
00011615,200,2025-05-01,0
00011616,500,2025-07-29,0
00011617,150,2025-03-16,0
00011618,200,2023-06-13,0
00011619,150,2022-06-10,0
00011620,500,2025-09-09,100000
00011621,150,2024-07-19,0
00011622,200,2024-06-01,0
00011623,100,2025-10-13,0
00011624,500,2023-08-13,0
00011625,200,2025-05-23,100000
00011626,150,2023-02-04,15000
00011627,150,2024-10-11,0
00011628,200,2022-09-10,0
00011629,150,2025-10-08,0
00011630,500,2023-10-18,0
00011631,50,2022-10-03,0
00011632,200,2022-09-23,0
00011633,200,2024-03-05,20000
00011634,200,2022-10-08,0
00011635,500,2024-03-28,0
00011636,100,2023-09-24,0
00011637,100,2023-07-08,0
00011638,200,2025-01-28,0
00011639,200,2024-09-16,0
00011640,50,2024-03-21,0
00011641,100,2024-10-16,0
00011642,150,2022-04-02,0
00011643,150,2024-10-15,0
00011644,100,2022-06-27,0
00011645,100,2023-10-23,0
00011646,100,2023-02-20,0
00011647,150,2024-03-10,0
00011648,50,2024-12-03,0
00011649,500,2025-06-22,0
00011650,200,2022-05-09,0
00011651,50,2024-01-12,0
00011652,50,2023-11-27,0
00011653,50,2025-07-05,0
00011654,100,2023-11-08,0
00011655,50,2023-01-21,0
00011656,500,2023-07-12,0
00011657,200,2022-02-04,0
00011658,500,2023-04-16,0
00011659,100,2023-05-12,0
00011660,50,2022-01-14,0
00011661,100,2025-03-31,0
00011662,150,2023-04-09,0
00011663,150,2025-12-01,0
00011664,50,2023-07-30,0
00011665,500,2024-09-21,0
00011666,150,2025-11-23,0
00011667,100,2025-10-26,0
00011668,200,2024-09-13,0
00011669,500,2022-11-06,0
00011670,150,2022-04-03,0
00011671,50,2022-08-24,0
00011672,500,2022-10-29,0
00011673,100,2024-10-04,0
00011674,500,2025-10-27,0
00011675,500,2022-06-15,0
00011676,50,2022-03-29,0
00011677,500,2024-02-24,0
00011678,150,2022-11-30,0
00011679,150,2024-08-06,0
00011680,500,2024-06-10,0
00011681,150,2024-01-11,0
00011682,200,2023-08-02,0
00011683,150,2022-09-19,0
00011684,150,2024-10-25,0
00011685,500,2022-10-22,0
00011686,200,2025-07-07,0
00011687,150,2023-08-29,0
00011688,100,2025-08-02,0
00011689,150,2022-08-28,15000
00011690,500,2025-10-23,0
00011691,100,2025-02-07,100
00011692,100,2023-05-31,0
00011693,100,2025-02-08,0
00011694,100,2024-11-12,0
00011695,100,2022-01-15,0
00011696,200,2024-03-23,0
00011697,200,2024-02-15,0
00011698,500,2022-09-21,0
00011699,200,2023-09-05,0
00011700,500,2024-07-03,2500
00011701,50,2025-07-05,0
00011702,100,2022-05-28,0
00011703,100,2024-03-09,0
00011704,500,2023-01-24,0
00011705,100,2024-03-22,0
00011706,50,2024-09-11,0
00011707,50,2023-06-11,0
00011708,150,2023-03-27,150
00011709,50,2024-03-04,500
00011710,150,2022-10-19,0
00011711,500,2024-02-22,0
00011712,150,2025-12-20,0
00011713,150,2023-02-24,0
00011714,500,2025-06-08,0
00011715,50,2022-09-08,0
00011716,150,2023-04-10,0
00011717,100,2023-07-21,0
00011718,200,2022-12-04,0
00011719,500,2024-08-15,500
00011720,50,2023-02-26,0
00011721,150,2023-04-09,0
00011722,500,2025-05-13,0
00011723,500,2025-12-06,0
00011724,500,2024-04-26,0
00011725,500,2024-12-08,0
00011726,200,2024-11-14,0
00011727,100,2022-08-25,0
00011728,500,2022-11-11,0
00011729,150,2023-03-22,0
00011730,100,2024-11-20,0
00011731,150,2025-04-09,0
00011732,100,2023-03-16,0
00011733,100,2023-01-17,0
00011734,500,2023-10-21,0
00011735,50,2024-06-18,5000
00011736,100,2025-11-05,0
00011737,150,2024-12-11,0
00011738,200,2025-02-11,0
00011739,200,2024-08-23,0
00011740,200,2023-06-08,200
00011741,100,2024-04-04,0
00011742,150,2024-04-03,15000
00011743,200,2022-10-13,0
00011744,500,2022-11-13,0
00011745,100,2025-11-08,0
00011746,100,2022-09-05,0
00011747,100,2024-10-28,0
00011748,500,2022-12-04,0
00011749,150,2024-06-20,0
00011750,150,2025-12-21,0
00011751,500,2023-02-26,0
00011752,50,2023-09-06,0
00011753,150,2025-08-11,0
00011754,200,2025-03-13,0
00011755,50,2024-04-03,0
00011756,200,2022-03-08,0
00011757,500,2023-12-23,0
00011758,50,2023-01-08,0
00011759,150,2023-02-26,0
00011760,500,2023-07-22,0
00011761,500,2022-07-07,0
00011762,500,2025-09-09,0
00011763,200,2023-12-21,2000
00011764,100,2022-08-31,10000
00011765,100,2024-08-15,0
00011766,50,2024-08-28,0
00011767,50,2023-09-21,0
00011768,100,2024-02-10,0
00011769,500,2022-07-14,50000
00011770,150,2025-04-01,0
00011771,150,2025-02-05,0
00011772,150,2025-03-18,0
00011773,100,2022-05-31,0
00011774,200,2025-03-21,0
00011775,50,2023-03-04,0
00011776,200,2023-02-01,0
00011777,200,2023-11-21,0
00011778,100,2024-09-28,0
00011779,200,2024-11-30,0
00011780,200,2024-01-20,0
00011781,150,2025-02-18,0
00011782,100,2023-09-25,1000
00011783,500,2022-05-30,0
00011784,100,2025-02-11,100000
00011785,500,2023-09-02,0
00011786,200,2022-09-24,0
00011787,500,2025-05-27,50000
00011788,200,2022-08-24,0
00011789,50,2022-03-09,50
00011790,100,2025-06-02,0
00011791,150,2024-12-12,0
00011792,150,2023-08-03,0
00011793,100,2024-04-25,0
00011794,200,2025-06-20,0
00011795,50,2023-06-20,0
00011796,500,2022-01-27,100000
00011797,200,2022-07-19,0
00011798,200,2023-05-28,0
00011799,500,2022-02-07,0
00011800,500,2025-03-14,0
00011801,150,2024-09-12,0
00011802,50,2024-02-21,0
00011803,500,2024-02-20,0
00011804,100,2024-03-03,0
00011805,50,2025-04-11,0
00011806,50,2022-04-03,0
00011807,100,2024-07-27,0
00011808,150,2023-04-04,0
00011809,50,2024-01-16,0
00011810,200,2025-03-08,0
00011811,100,2023-07-01,0
00011812,500,2024-08-18,0
00011813,150,2024-01-12,0
00011814,200,2025-06-19,0
00011815,200,2024-08-14,200
00011816,150,2023-09-24,0
00011817,50,2024-08-13,0
00011818,100,2025-07-04,0
00011819,200,2022-01-10,0
00011820,500,2024-05-18,0
00011821,200,2024-11-07,0
00011822,500,2025-08-05,0
00011823,200,2022-05-09,100000
00011824,150,2025-10-11,0
00011825,100,2023-12-12,0
00011826,200,2025-04-25,0
00011827,100,2025-11-28,0
00011828,200,2023-07-15,0
00011829,200,2022-04-15,0
00011830,100,2022-11-04,0
00011831,200,2025-09-09,0
00011832,150,2025-05-02,0
00011833,150,2023-11-17,0
00011834,200,2024-02-28,0
00011835,500,2025-07-20,0
00011836,200,2022-06-10,0
00011837,100,2023-07-18,0
00011838,150,2023-10-17,0
00011839,100,2023-06-03,1000
00011840,100,2024-06-25,0
00011841,500,2025-08-18,5000
00011842,500,2025-06-05,0
00011843,100,2025-08-07,0
00011844,150,2022-02-25,0
00011845,150,2023-07-27,0
00011846,50,2024-09-14,0
00011847,150,2023-04-16,0
00011848,100,2024-12-28,0
00011849,200,2025-04-03,0
00011850,500,2022-09-05,0
00011851,500,2024-02-17,0
00011852,500,2022-03-29,0
00011853,150,2022-03-01,0
00011854,200,2023-03-05,2000
00011855,50,2023-12-22,5000
00011856,100,2022-12-28,0
00011857,150,2022-03-02,0
00011858,50,2022-10-17,0
00011859,500,2023-04-17,0
00011860,200,2025-07-17,0
00011861,100,2023-02-18,0
00011862,200,2024-08-14,0
00011863,200,2023-06-30,0
00011864,200,2024-06-03,0
00011865,100,2023-03-24,0
00011866,100,2024-09-21,0
00011867,500,2025-06-22,0
00011868,50,2023-11-19,0
00011869,50,2025-12-22,0
00011870,500,2023-08-04,0
00011871,50,2022-04-20,0
00011872,50,2023-01-02,0
00011873,200,2022-04-02,0
00011874,500,2022-08-14,0
00011875,500,2023-11-03,0
00011876,150,2024-11-26,0
00011877,200,2024-09-01,0
00011878,200,2023-02-19,0
00011879,100,2022-02-14,0
00011880,150,2023-05-31,0
00011881,150,2024-07-04,0
00011882,150,2023-07-07,0
00011883,200,2024-12-17,0
00011884,150,2022-02-16,0
00011885,150,2025-10-01,0
00011886,100,2024-04-19,10000
00011887,50,2024-04-06,0
00011888,200,2023-11-16,0
00011889,200,2022-05-04,0
00011890,500,2025-10-25,0
00011891,100,2025-05-13,0
00011892,200,2022-07-14,0
00011893,500,2022-08-13,0
00011894,200,2024-08-03,0
00011895,500,2025-08-13,0
00011896,150,2025-10-08,0
00011897,100,2023-05-24,0
00011898,500,2024-07-02,100000
00011899,50,2024-09-29,0
00011900,50,2025-07-10,0
00011901,200,2025-08-06,0
00011902,50,2024-05-25,0
00011903,200,2022-03-15,0
00011904,500,2023-02-24,0
00011905,150,2024-06-22,0
00011906,150,2024-11-15,0
00011907,50,2023-04-12,0
00011908,150,2024-08-05,0
00011909,150,2025-09-13,0
00011910,50,2023-08-20,0
00011911,500,2022-09-22,0
00011912,500,2022-04-29,0
00011913,100,2022-08-30,0
00011914,500,2024-11-02,0
00011915,200,2023-06-09,0
00011916,50,2024-05-26,0
00011917,500,2023-10-29,0
00011918,500,2023-07-01,0
00011919,150,2022-03-27,0
00011920,500,2023-10-09,0
00011921,500,2023-03-18,2500
00011922,50,2024-08-02,0
00011923,150,2024-06-11,1500
00011924,100,2024-05-16,0
00011925,50,2022-09-12,0
00011926,100,2023-02-28,0
00011927,50,2022-09-24,0
00011928,500,2025-09-10,0
00011929,200,2023-02-06,0
00011930,500,2022-12-05,0
00011931,150,2024-03-29,0
00011932,50,2023-05-17,100000
00011933,500,2022-08-29,0
00011934,150,2022-05-04,0
00011935,200,2023-03-03,0
00011936,50,2022-08-29,0
00011937,500,2024-01-02,0
00011938,500,2023-10-31,5000
00011939,100,2023-02-15,100000
00011940,100,2025-12-04,10000
00011941,500,2022-09-16,0
00011942,50,2023-09-09,0
00011943,50,2025-11-20,250
00011944,50,2023-12-11,0
00011945,150,2025-12-22,0
00011946,500,2024-01-06,0
00011947,200,2025-05-13,0
00011948,100,2025-04-16,0
00011949,100,2023-07-09,0
00011950,150,2025-07-30,0
00011951,100,2024-12-13,0
00011952,150,2022-06-23,0
00011953,200,2022-10-25,0
00011954,100,2024-11-21,0
00011955,200,2023-07-17,0
00011956,500,2023-12-29,0
00011957,50,2024-10-30,0
00011958,150,2024-01-18,0
00011959,200,2024-12-17,0
00011960,50,2023-11-21,0
00011961,500,2022-03-26,0
00011962,500,2022-09-11,0
00011963,500,2023-11-04,0
00011964,150,2024-10-24,0
00011965,50,2025-10-14,0
00011966,50,2025-12-22,0
00011967,500,2025-02-09,0
00011968,50,2025-12-31,0
00011969,50,2024-11-11,0
00011970,150,2023-08-14,0
00011971,150,2022-03-26,0
00011972,150,2022-02-24,0
00011973,200,2025-05-04,0
00011974,150,2023-12-23,0
00011975,100,2024-01-25,0
00011976,500,2024-11-12,500
00011977,500,2025-12-28,0
00011978,100,2024-07-03,0
00011979,150,2023-09-07,0
00011980,200,2025-07-09,0
00011981,200,2023-07-11,0
00011982,100,2024-01-28,0
00011983,50,2022-09-16,0
00011984,200,2022-10-31,0
00011985,500,2023-05-24,0
00011986,200,2025-06-14,20000
00011987,50,2025-12-26,0
00011988,150,2024-01-16,0
00011989,150,2025-01-26,0
00011990,500,2025-11-10,0
00011991,200,2023-06-28,0
00011992,50,2024-06-12,0
00011993,100,2025-10-20,0
00011994,200,2025-09-11,0
00011995,50,2022-11-12,0
00011996,500,2023-03-29,0
00011997,50,2022-12-12,0
00011998,200,2024-07-03,0
00011999,50,2024-02-09,0
00012000,100,2022-11-10,0
00012001,200,2024-03-24,0
00012002,50,2023-08-03,0
00012003,50,2025-11-21,0
00012004,150,2022-07-31,0
00012005,50,2022-04-25,0
00012006,150,2023-11-20,0
00012007,150,2023-12-25,0
00012008,150,2024-01-15,0
00012009,100,2022-09-09,0
00012010,500,2025-09-20,0
00012011,150,2025-09-09,0
00012012,200,2024-04-29,0
00012013,500,2025-06-08,0
00012014,50,2023-09-10,0
00012015,500,2022-07-07,50000
00012016,50,2023-08-25,0
00012017,200,2022-07-01,0
00012018,150,2025-10-25,0
00012019,150,2022-11-21,100000
00012020,200,2025-04-09,0
00012021,200,2025-02-12,0
00012022,50,2025-06-15,0
00012023,100,2022-05-21,0
00012024,200,2022-03-15,0
00012025,500,2024-11-02,0
00012026,50,2022-06-30,500
00012027,500,2023-02-08,0
00012028,50,2022-08-10,0
00012029,100,2022-12-21,10000
00012030,150,2022-04-10,750
00012031,100,2025-12-20,0
00012032,500,2024-06-06,0
00012033,500,2022-03-29,0
00012034,50,2025-09-25,0
00012035,100,2025-01-17,0
00012036,200,2024-11-28,0
00012037,50,2025-02-20,0
00012038,100,2024-12-17,0
00012039,200,2024-11-30,20000
00012040,200,2024-06-04,0
00012041,150,2022-10-04,0
00012042,500,2023-04-22,0
00012043,50,2023-01-16,0
00012044,200,2024-06-09,0
00012045,150,2022-11-01,0
00012046,200,2023-09-21,0
00012047,50,2023-06-12,0
00012048,500,2023-02-02,0
00012049,100,2024-10-10,0
00012050,200,2024-04-12,0
00012051,500,2025-08-26,0
00012052,50,2025-10-30,0
00012053,200,2024-06-27,0
00012054,150,2023-07-13,0
00012055,100,2023-09-30,0
00012056,200,2025-09-21,2000
00012057,200,2025-06-02,0
00012058,500,2025-06-16,0
00012059,100,2022-07-08,0
00012060,150,2024-06-14,0
00012061,100,2023-02-06,0
00012062,50,2022-11-09,0
00012063,500,2022-01-23,0
00012064,500,2024-02-08,0
00012065,500,2024-03-06,0
00012066,500,2022-05-11,0
00012067,50,2025-09-16,0
00012068,100,2022-10-12,0
00012069,100,2023-05-13,0
00012070,100,2023-06-30,0
00012071,200,2022-10-09,0
00012072,50,2023-04-09,0
00012073,100,2024-09-22,0
00012074,150,2022-04-20,0
00012075,50,2023-02-22,0
00012076,200,2023-09-09,0
00012077,500,2023-11-01,0
00012078,100,2022-04-16,0
00012079,150,2023-11-03,0
00012080,150,2025-10-15,0
00012081,200,2025-08-27,0
00012082,150,2024-07-31,0
00012083,500,2025-10-18,5000
00012084,150,2022-05-18,0
00012085,100,2024-03-21,0
00012086,200,2025-08-27,0
00012087,150,2025-05-17,0
00012088,200,2023-04-05,0
00012089,50,2024-01-23,0
00012090,150,2024-06-08,0
00012091,150,2023-06-03,0
00012092,50,2023-08-21,0
00012093,500,2024-06-02,0
00012094,200,2022-07-24,0
00012095,100,2022-04-14,0
00012096,50,2025-07-17,0
00012097,500,2024-12-16,0
00012098,50,2023-11-28,0
00012099,50,2023-04-28,0
00012100,500,2023-10-17,500
00012101,150,2023-01-20,0
00012102,100,2025-12-24,0
00012103,200,2024-05-16,0
00012104,100,2023-01-17,0
00012105,500,2025-11-17,0
00012106,150,2022-09-21,0
00012107,500,2022-07-16,500
00012108,500,2025-06-14,0
00012109,200,2022-03-30,1000
00012110,100,2025-05-20,1000
00012111,150,2024-07-29,0
00012112,150,2025-04-03,0
00012113,200,2024-01-12,0
00012114,50,2023-11-15,0
00012115,200,2022-02-08,0
00012116,150,2025-06-16,0
00012117,50,2022-08-20,0
00012118,100,2023-10-11,0
00012119,500,2023-02-01,500
00012120,200,2024-09-08,0
00012121,150,2022-09-10,0
00012122,200,2022-06-07,1000
00012123,100,2022-08-11,0
00012124,500,2024-07-22,0
00012125,100,2024-07-30,0
00012126,200,2023-05-05,0
00012127,100,2022-03-31,0
00012128,50,2025-06-02,0
00012129,150,2023-05-25,0
00012130,100,2024-04-27,0
00012131,150,2024-03-26,0
00012132,100,2023-03-30,0
00012133,50,2024-04-27,0
00012134,150,2024-11-10,750
00012135,150,2024-07-18,0
00012136,150,2022-11-03,0
00012137,100,2022-04-21,0
00012138,200,2025-07-12,0
00012139,50,2022-10-22,0
00012140,150,2022-08-19,1500
00012141,200,2025-01-31,0
00012142,200,2025-03-31,20000
00012143,50,2022-05-26,0
00012144,50,2025-11-30,0
00012145,200,2024-07-18,0
00012146,500,2023-02-19,0
00012147,100,2024-01-18,0
00012148,100,2025-03-22,0
00012149,100,2022-02-04,0
00012150,150,2023-07-13,0
00012151,500,2025-12-06,0
00012152,50,2024-05-07,0
00012153,50,2024-06-24,0
00012154,100,2022-10-25,0
00012155,500,2023-04-11,5000
00012156,100,2024-03-21,0
00012157,200,2024-12-18,0
00012158,150,2022-08-15,0
00012159,100,2022-03-12,0
00012160,50,2023-10-24,0
00012161,500,2024-10-30,5000
00012162,50,2022-04-13,0
00012163,100,2023-08-06,0
00012164,150,2023-05-23,0
00012165,200,2023-02-20,0
00012166,50,2023-10-09,0
00012167,150,2025-12-04,0
00012168,200,2025-12-05,0
00012169,50,2025-03-29,0
00012170,150,2022-09-02,0
00012171,150,2023-04-23,0
00012172,200,2022-03-09,0
00012173,100,2022-07-16,0
00012174,50,2023-07-07,0
00012175,50,2023-01-12,0
00012176,500,2022-12-14,0
00012177,100,2023-03-11,0
00012178,500,2024-08-21,100000
00012179,150,2024-02-19,0
00012180,200,2024-02-15,0
00012181,150,2022-03-17,0
00012182,50,2024-10-07,0
00012183,100,2025-11-12,0
00012184,100,2022-03-04,0
00012185,50,2022-04-28,0
00012186,150,2025-04-22,15000
00012187,500,2025-01-27,0
00012188,50,2024-09-26,0
00012189,200,2023-08-12,0
00012190,50,2024-11-29,0
00012191,150,2023-09-07,1500
00012192,150,2023-12-28,0
00012193,150,2025-03-15,0
00012194,150,2024-08-14,15000
00012195,200,2024-01-26,2000
00012196,200,2023-01-04,0
00012197,200,2025-01-06,0
00012198,150,2024-05-21,0
00012199,100,2024-07-10,0
00012200,100,2024-04-21,500
00012201,200,2022-05-13,0
00012202,200,2024-11-15,0
00012203,50,2022-08-29,100000
00012204,100,2024-06-11,0
00012205,500,2025-08-22,5000
00012206,500,2022-01-08,0
00012207,50,2025-08-31,0
00012208,50,2023-02-07,0
00012209,200,2025-11-14,0
00012210,100,2024-12-16,100000
00012211,200,2024-08-10,0
00012212,200,2022-04-12,100000
00012213,200,2022-10-02,0
00012214,500,2022-09-23,0
00012215,50,2022-08-04,0
00012216,200,2025-08-19,0
00012217,500,2024-04-01,0
00012218,50,2024-10-02,0
00012219,150,2025-05-02,0
00012220,500,2025-11-05,0
00012221,500,2022-12-09,0
00012222,150,2022-09-04,0
00012223,150,2024-04-01,0
00012224,500,2025-09-19,0
00012225,150,2024-12-22,0
00012226,500,2022-12-24,0
00012227,50,2024-10-12,0
00012228,200,2024-08-14,0
00012229,500,2024-05-02,0
00012230,100,2024-01-14,0
00012231,500,2022-09-25,0
00012232,200,2024-10-14,0
00012233,200,2023-08-01,0
00012234,500,2023-05-04,0
00012235,500,2025-06-29,0
00012236,150,2025-09-02,0
00012237,100,2025-01-04,0
00012238,200,2025-05-22,0
00012239,200,2022-09-12,0
00012240,100,2022-03-15,0
00012241,500,2023-02-14,50000
00012242,150,2024-05-22,0
00012243,50,2022-11-01,0
00012244,200,2022-08-18,0
00012245,500,2024-05-10,0
00012246,500,2023-01-23,0
00012247,100,2025-10-21,100
00012248,100,2025-02-10,0
00012249,100,2022-03-23,0
00012250,200,2024-12-22,0
00012251,200,2024-02-05,0
00012252,150,2023-11-10,0
00012253,100,2022-04-20,0
00012254,150,2025-01-29,0
00012255,150,2024-09-10,0
00012256,50,2023-01-17,0
00012257,200,2025-04-25,0
00012258,500,2023-02-08,0
00012259,150,2022-09-08,0
00012260,500,2022-12-05,0
00012261,100,2025-03-31,0
00012262,200,2025-08-13,0
00012263,200,2023-11-19,0
00012264,50,2023-05-16,0
00012265,150,2025-11-05,0
00012266,200,2024-02-04,0
00012267,50,2023-10-10,0
00012268,200,2025-11-19,0
00012269,200,2025-02-26,2000
00012270,100,2022-06-01,0
00012271,150,2023-03-10,0
00012272,150,2023-02-27,0
00012273,500,2025-11-25,5000
00012274,200,2023-12-22,100000
00012275,100,2024-07-29,0
00012276,500,2023-07-11,0
00012277,100,2024-02-19,0
00012278,150,2024-07-12,0
00012279,200,2023-01-17,0
00012280,150,2023-02-08,0
00012281,50,2024-04-13,0
00012282,200,2022-01-10,0
00012283,500,2023-10-08,0
00012284,200,2025-03-18,0
00012285,100,2025-04-01,0
00012286,150,2023-06-29,0
00012287,50,2022-05-19,250
00012288,200,2025-04-29,0
00012289,500,2023-01-31,0
00012290,500,2022-11-04,0
00012291,50,2022-08-07,0
00012292,50,2024-10-31,0
00012293,500,2024-05-01,0
00012294,500,2025-08-06,0
00012295,100,2025-07-09,0
00012296,150,2024-07-07,0
00012297,150,2023-03-07,0
00012298,500,2025-07-22,500
00012299,150,2024-10-19,750
00012300,150,2024-07-27,0
00012301,50,2025-08-09,5000
00012302,150,2025-11-08,0
00012303,100,2023-09-11,0
00012304,150,2023-10-25,0
00012305,100,2022-01-07,0
00012306,50,2023-04-18,0
00012307,150,2024-03-08,0
00012308,100,2022-10-23,0
00012309,500,2023-08-06,500
00012310,200,2023-05-20,0
00012311,100,2023-07-20,0
00012312,50,2025-07-02,0
00012313,150,2024-08-25,0
00012314,50,2024-05-04,250
00012315,500,2024-12-12,0
00012316,50,2022-04-16,0
00012317,150,2022-08-10,0
00012318,150,2022-10-01,150
00012319,100,2022-01-01,0
00012320,100,2023-08-20,0
00012321,200,2023-11-24,0
00012322,200,2024-11-19,100000
00012323,150,2024-06-12,0
00012324,50,2024-12-18,0
00012325,150,2023-07-07,0
00012326,100,2025-10-12,0
00012327,200,2024-01-07,0
00012328,50,2022-10-15,0
00012329,500,2022-05-18,0
00012330,200,2025-11-27,0
00012331,150,2025-02-04,0
00012332,500,2022-07-22,0
00012333,200,2025-01-28,0
00012334,50,2025-12-12,0
00012335,150,2025-04-28,0
00012336,50,2025-04-12,0
00012337,50,2025-08-25,0
00012338,500,2025-04-08,0
00012339,150,2024-10-28,0
00012340,50,2023-08-06,50
00012341,100,2024-11-17,0
00012342,200,2025-03-28,0
00012343,500,2022-09-05,0
00012344,100,2024-04-24,0
00012345,50,2022-09-05,0
00012346,50,2022-08-10,0
00012347,50,2022-11-08,100000
00012348,150,2025-12-08,0
00012349,500,2024-10-27,0
00012350,500,2024-03-11,0
00012351,500,2023-09-01,0
00012352,500,2022-10-28,0
00012353,500,2022-09-13,0
00012354,200,2024-07-25,0
00012355,150,2025-05-27,0
00012356,200,2023-10-02,0
00012357,500,2022-09-11,0
00012358,150,2023-01-27,0
00012359,50,2025-02-20,0
00012360,50,2022-07-21,0
00012361,500,2023-10-07,0
00012362,100,2022-07-29,0
00012363,500,2022-12-16,0
00012364,100,2023-08-17,0
00012365,150,2022-01-26,0
00012366,100,2023-05-31,0
00012367,200,2024-09-03,0
00012368,100,2022-11-20,500
00012369,150,2023-05-21,0
00012370,150,2022-11-22,0
00012371,200,2024-06-22,0
00012372,200,2024-08-28,0
00012373,150,2022-10-03,0
00012374,100,2025-08-27,0
00012375,500,2025-01-01,0
00012376,200,2025-12-21,0
00012377,200,2023-09-12,100000
00012378,200,2024-09-23,0
00012379,50,2022-03-23,0
00012380,150,2023-01-01,0
00012381,50,2022-02-11,0
00012382,100,2025-12-02,1000
00012383,50,2022-02-08,0
00012384,500,2024-10-06,0
00012385,100,2023-08-04,0
00012386,100,2023-12-07,0
00012387,200,2023-12-11,0
00012388,50,2024-06-13,0
00012389,500,2025-04-28,0
00012390,500,2022-12-31,0
00012391,200,2025-12-24,0
00012392,500,2025-02-02,0
00012393,100,2023-03-26,0
00012394,50,2025-02-03,0
00012395,500,2025-03-26,0
00012396,200,2025-08-20,0
00012397,100,2024-07-29,0
00012398,200,2024-11-22,200
00012399,150,2023-01-05,0
00012400,100,2023-12-23,0
00012401,200,2025-08-25,0
00012402,500,2025-06-11,0
00012403,500,2023-04-27,500
00012404,200,2025-10-28,0
00012405,100,2025-10-13,500
00012406,150,2023-05-26,0
00012407,200,2022-04-27,0
00012408,200,2025-09-04,20000
00012409,150,2022-01-13,0
00012410,500,2023-09-02,0
00012411,500,2025-06-02,0
00012412,200,2023-02-10,0
00012413,200,2024-02-13,0
00012414,200,2022-09-14,0
00012415,100,2025-01-24,0
00012416,150,2025-03-31,0
00012417,500,2023-06-11,0
00012418,150,2023-07-24,0
00012419,100,2024-01-30,0
00012420,150,2022-07-26,0
00012421,100,2025-12-20,1000
00012422,500,2022-05-18,0
00012423,50,2025-04-06,0
00012424,150,2022-08-13,0
00012425,50,2022-02-23,0
00012426,200,2023-09-25,0
00012427,100,2024-05-28,0
00012428,150,2025-05-24,1500
00012429,50,2023-05-31,250
00012430,200,2022-10-19,0
00012431,150,2022-10-03,0
00012432,200,2024-10-25,0
00012433,200,2022-03-22,0
00012434,100,2025-10-21,0
00012435,500,2022-08-18,0
00012436,50,2024-06-22,100000
00012437,500,2025-09-01,0
00012438,100,2023-12-25,0
00012439,150,2025-10-13,0
00012440,150,2022-10-12,0
00012441,50,2022-05-25,0
00012442,200,2023-10-12,0
00012443,200,2023-05-16,0
00012444,200,2023-03-22,2000
00012445,500,2023-02-26,0
00012446,50,2022-02-03,0
00012447,500,2024-04-04,0
00012448,100,2022-04-21,0
00012449,150,2025-04-05,0
00012450,50,2022-02-24,0
00012451,500,2022-07-15,0
00012452,50,2023-05-14,0
00012453,150,2025-01-25,0
00012454,50,2025-10-19,50
00012455,100,2022-05-19,0
00012456,150,2022-06-05,0
00012457,50,2025-01-19,50
00012458,100,2024-11-26,0
00012459,200,2022-05-09,0
00012460,500,2024-08-21,0
00012461,100,2023-01-12,0
00012462,150,2025-03-09,0
00012463,200,2022-01-23,0
00012464,100,2022-02-12,0
00012465,150,2025-09-22,0
00012466,100,2023-02-24,0
00012467,100,2022-08-02,1000
00012468,50,2022-04-03,0
00012469,150,2024-03-20,150
00012470,150,2022-08-15,0
00012471,100,2023-11-20,0
00012472,200,2025-03-15,0
00012473,50,2024-08-25,0
00012474,100,2025-11-03,0
00012475,100,2025-05-07,0
00012476,200,2025-11-19,0
00012477,50,2024-09-28,0
00012478,50,2025-12-26,0
00012479,500,2025-02-19,0
00012480,500,2024-10-14,0
00012481,200,2024-10-02,0
00012482,200,2024-01-30,0
00012483,100,2024-10-21,0
00012484,50,2022-09-21,0
00012485,500,2025-01-04,100000
00012486,100,2025-06-12,0
00012487,100,2022-03-27,0
00012488,200,2023-04-06,2000
00012489,50,2025-04-17,0
00012490,150,2024-10-23,0
00012491,500,2022-06-23,0
00012492,200,2023-04-03,0
00012493,500,2025-02-11,0
00012494,50,2024-10-18,0
00012495,500,2025-09-08,0
00012496,150,2025-10-19,150
00012497,150,2024-09-19,0
00012498,500,2023-11-10,0
00012499,500,2022-08-06,0
00012500,500,2025-07-29,0
00012501,200,2022-10-15,2000
00012502,150,2025-05-15,0
00012503,100,2025-04-10,0
00012504,50,2025-10-12,0
00012505,150,2022-03-05,0
00012506,100,2024-11-23,0
00012507,200,2024-07-23,200
00012508,200,2025-07-24,2000
00012509,100,2024-07-28,0
00012510,150,2023-01-16,1500
00012511,150,2025-10-29,0
00012512,150,2023-03-25,0
00012513,150,2023-08-02,0
00012514,50,2024-07-10,0
00012515,500,2025-12-21,0
00012516,200,2024-07-22,0
00012517,500,2024-12-12,0
00012518,500,2022-12-04,0
00012519,100,2022-08-05,0
00012520,50,2022-03-21,0
00012521,100,2025-10-22,0
00012522,150,2022-02-14,0
00012523,500,2023-09-28,0
00012524,50,2022-09-13,0
00012525,150,2024-04-04,0
00012526,200,2024-01-22,0
00012527,500,2025-11-19,5000
00012528,50,2022-02-17,0
00012529,150,2025-02-04,0
00012530,200,2022-06-17,0
00012531,150,2023-07-14,0
00012532,200,2022-09-16,0
00012533,150,2024-10-16,1500
00012534,500,2025-01-28,0
00012535,50,2022-08-24,0
00012536,50,2024-10-25,0
00012537,50,2023-04-18,0
00012538,150,2024-08-06,0
00012539,150,2025-09-12,0
00012540,50,2024-08-07,0
00012541,150,2024-02-10,0
00012542,500,2025-03-05,0
00012543,200,2025-09-08,0
00012544,500,2025-10-23,2500
00012545,50,2023-06-19,0
00012546,100,2024-11-17,0
00012547,200,2024-06-24,0
00012548,500,2025-04-23,0
00012549,150,2024-04-07,0
00012550,100,2023-08-04,0
00012551,150,2024-12-16,0
00012552,100,2022-05-02,10000
00012553,150,2023-05-17,0
00012554,50,2023-06-26,0
00012555,200,2024-02-01,200
00012556,100,2024-08-07,0
00012557,50,2024-08-30,250
00012558,150,2023-05-11,0
00012559,200,2023-07-09,0
00012560,100,2023-12-27,0
00012561,200,2023-08-30,2000
00012562,100,2024-02-18,0
00012563,50,2025-08-22,0
00012564,100,2022-09-10,1000
00012565,150,2022-08-12,0
00012566,50,2025-04-27,0
00012567,50,2025-08-03,0
00012568,200,2022-01-24,0
00012569,100,2024-04-03,0
00012570,100,2022-04-19,0
00012571,150,2022-09-21,0
00012572,150,2023-06-27,0
00012573,200,2024-06-15,0
00012574,100,2024-01-19,0
00012575,500,2023-06-28,0
00012576,150,2024-05-19,0
00012577,200,2022-08-11,0
00012578,150,2025-09-30,0
00012579,500,2025-06-05,0
00012580,100,2024-04-26,0
00012581,50,2024-12-29,0
00012582,150,2023-10-07,0
00012583,150,2025-01-01,0
00012584,200,2024-12-21,0
00012585,500,2024-01-26,500
00012586,150,2025-06-07,0
00012587,150,2022-03-06,0
00012588,100,2022-10-01,0
00012589,500,2024-01-29,0
00012590,150,2024-11-12,750
00012591,150,2025-08-13,0
00012592,500,2022-03-03,0
00012593,200,2023-10-10,20000
00012594,500,2022-06-30,0
00012595,200,2023-03-10,0
00012596,150,2022-09-27,0
00012597,150,2025-12-12,0
00012598,200,2024-09-27,0
00012599,150,2023-07-15,0
00012600,150,2025-04-17,0
00012601,150,2024-05-24,0
00012602,50,2022-04-10,0
00012603,200,2025-03-09,0
00012604,500,2022-10-05,0
00012605,500,2024-06-08,0
00012606,200,2024-01-16,0
00012607,100,2024-10-14,0
00012608,100,2025-02-25,0
00012609,150,2025-08-30,0
00012610,50,2025-04-08,0
00012611,50,2022-02-15,0
00012612,150,2022-02-19,0
00012613,150,2023-06-03,0
00012614,150,2023-02-10,0
00012615,50,2022-07-09,0
00012616,50,2025-03-20,0
00012617,500,2023-04-01,0
00012618,150,2024-08-17,100000
00012619,100,2024-03-24,0
00012620,150,2025-09-30,0
00012621,50,2025-12-18,0
00012622,100,2022-09-12,0
00012623,50,2023-03-22,0
00012624,50,2025-08-22,0
00012625,500,2023-09-01,0
00012626,500,2024-11-07,0
00012627,150,2023-07-02,0
00012628,200,2025-02-14,0
00012629,100,2025-11-05,0
00012630,200,2022-07-05,0
00012631,200,2025-04-26,0
00012632,500,2024-04-28,0
00012633,150,2023-09-20,0
00012634,150,2025-12-27,0
00012635,200,2024-11-04,0
00012636,100,2024-07-07,0
00012637,50,2024-10-06,0
00012638,150,2025-10-26,0
00012639,100,2024-06-18,0
00012640,500,2023-04-14,0
00012641,100,2025-10-30,0
00012642,50,2022-11-27,0
00012643,100,2024-03-18,0
00012644,100,2024-09-01,0
00012645,200,2024-04-16,0
00012646,150,2025-12-26,1500
00012647,50,2023-07-24,0
00012648,200,2023-11-20,0
00012649,50,2022-06-15,0
00012650,200,2023-04-19,0
00012651,50,2022-02-02,0
00012652,100,2025-12-19,0
00012653,100,2024-12-25,0
00012654,100,2022-03-19,0
00012655,150,2025-10-22,0
00012656,500,2024-01-01,0
00012657,500,2022-10-04,0
00012658,200,2024-10-01,0
00012659,150,2023-01-09,0
00012660,100,2023-10-14,0
00012661,100,2023-04-15,0
00012662,200,2023-02-01,0
00012663,100,2024-06-21,0
00012664,100,2025-05-30,0
00012665,500,2023-01-19,5000
00012666,50,2022-03-26,5000
00012667,50,2024-09-29,0
00012668,100,2022-05-19,0
00012669,150,2025-11-28,0
00012670,500,2025-09-26,0
00012671,150,2023-03-20,0
00012672,50,2024-01-10,0
00012673,200,2023-05-25,0
00012674,50,2023-12-31,0
00012675,500,2025-03-08,0
00012676,50,2025-02-12,0
00012677,50,2025-09-24,0
00012678,150,2022-04-16,0
00012679,100,2023-04-23,0
00012680,100,2022-08-04,0
00012681,500,2024-09-02,0
00012682,150,2022-06-25,0
00012683,500,2023-11-28,2500
00012684,200,2025-10-03,0
00012685,150,2025-05-27,0
00012686,50,2024-12-12,0
00012687,500,2022-02-07,500
00012688,200,2022-11-05,0
00012689,500,2025-09-03,0
00012690,50,2022-11-17,0
00012691,50,2024-12-05,0
00012692,150,2023-12-13,0
00012693,500,2025-08-10,0
00012694,500,2024-04-26,0
00012695,100,2023-04-26,0
00012696,150,2025-06-25,0
00012697,500,2024-11-22,0
00012698,150,2022-08-24,0
00012699,200,2025-06-25,1000
00012700,100,2022-01-29,0
00012701,500,2024-12-12,0
00012702,200,2022-01-07,0
00012703,150,2022-05-18,0
00012704,50,2022-12-13,0
00012705,150,2022-09-07,0
00012706,50,2022-04-07,0
00012707,500,2024-05-16,0
00012708,150,2024-11-22,0
00012709,200,2023-10-27,0
00012710,500,2023-11-24,0
00012711,50,2025-04-18,0
00012712,50,2023-09-14,0
00012713,150,2025-06-20,0
00012714,200,2022-12-27,0
00012715,200,2024-04-24,0
00012716,200,2022-09-20,0
00012717,500,2024-05-29,0
00012718,50,2025-01-11,0
00012719,150,2025-11-13,0
00012720,150,2023-04-08,0
00012721,150,2025-09-18,0
00012722,50,2025-10-28,0
00012723,150,2024-04-01,0
00012724,200,2024-03-01,0
00012725,100,2023-08-29,0
00012726,100,2025-03-21,0
00012727,50,2024-05-21,0
00012728,200,2024-07-08,0
00012729,50,2024-06-23,0
00012730,500,2025-10-08,0
00012731,200,2025-02-28,0
00012732,150,2024-12-27,0
00012733,150,2025-06-24,150
00012734,50,2024-03-20,0
00012735,200,2024-07-26,0
00012736,200,2023-08-17,0
00012737,500,2024-07-05,0
00012738,500,2024-07-10,0
00012739,150,2023-03-20,0
00012740,50,2022-05-29,0
00012741,150,2025-03-23,0
00012742,50,2024-06-02,0
00012743,150,2025-10-16,0
00012744,500,2022-10-29,0
00012745,150,2023-05-21,0
00012746,200,2025-01-24,20000
00012747,50,2023-08-23,100000
00012748,100,2024-03-07,0
00012749,500,2024-07-04,0
00012750,500,2023-01-01,0
00012751,500,2022-10-13,0
00012752,100,2025-09-30,0
00012753,100,2024-08-19,0
00012754,150,2024-10-13,0
00012755,150,2024-03-08,0
00012756,100,2022-05-29,0
00012757,100,2022-01-10,1000
00012758,200,2025-09-13,0
00012759,500,2023-12-16,0
00012760,50,2024-01-23,0
00012761,150,2023-01-07,0
00012762,200,2024-02-19,100000
00012763,500,2022-01-02,0
00012764,150,2024-10-02,0
00012765,100,2024-04-14,0
00012766,50,2025-11-30,0
00012767,50,2023-02-19,0
00012768,150,2022-05-30,0
00012769,100,2025-07-28,0
00012770,100,2022-09-14,0
00012771,150,2024-06-07,0
00012772,500,2023-07-01,0
00012773,500,2024-06-27,0
00012774,200,2022-02-26,0
00012775,50,2024-05-22,5000
00012776,150,2024-02-12,1500
00012777,100,2023-05-22,0
00012778,50,2022-04-15,0
00012779,500,2022-06-12,0
00012780,200,2023-09-25,0
00012781,150,2023-02-08,0
00012782,200,2022-06-18,0
00012783,200,2023-05-04,0
00012784,200,2024-06-13,0
00012785,50,2024-01-03,0
00012786,200,2023-09-09,0
00012787,150,2023-06-07,0
00012788,500,2024-06-14,0
00012789,500,2022-11-02,0
00012790,500,2024-10-19,0
00012791,150,2022-12-15,0
00012792,150,2023-04-24,0
00012793,150,2022-08-11,0
00012794,500,2024-10-27,0
00012795,100,2024-05-06,0
00012796,150,2025-11-06,0
00012797,50,2025-07-20,0
00012798,100,2023-03-25,0
00012799,500,2024-12-09,0
00012800,100,2022-09-09,0
00012801,50,2022-01-30,0
00012802,50,2023-03-10,0
00012803,100,2025-09-17,0
00012804,150,2023-07-14,0
00012805,150,2023-12-21,0
00012806,200,2022-05-26,0
00012807,150,2022-08-15,0
00012808,200,2025-08-24,0
00012809,200,2022-01-15,0
00012810,200,2025-01-27,0
00012811,100,2025-03-27,100
00012812,200,2025-11-05,0
00012813,150,2024-01-29,0
00012814,200,2024-10-03,0
00012815,200,2024-03-29,0
00012816,200,2024-06-05,0
00012817,150,2024-09-11,0
00012818,50,2025-02-25,0
00012819,50,2024-10-21,0
00012820,150,2025-08-05,0
00012821,200,2023-09-29,0
00012822,150,2023-01-14,1500
00012823,50,2023-08-12,0
00012824,500,2024-11-29,0
00012825,100,2025-04-30,0
00012826,200,2022-10-22,0
00012827,150,2023-07-19,0
00012828,50,2024-06-01,100000
00012829,150,2025-11-18,100000
00012830,100,2025-05-03,0
00012831,200,2025-10-23,0
00012832,500,2024-06-03,0
00012833,150,2022-03-13,15000
00012834,100,2023-09-18,0
00012835,200,2023-02-19,0
00012836,100,2022-11-29,0
00012837,50,2023-06-11,0
00012838,100,2022-07-02,0
00012839,100,2025-03-06,0
00012840,100,2023-05-11,0
00012841,50,2022-08-11,0
00012842,500,2023-06-23,0
00012843,200,2023-12-26,0
00012844,500,2023-10-25,0
00012845,200,2023-10-17,0
00012846,150,2023-12-30,0
00012847,200,2022-08-02,0
00012848,150,2023-01-30,0
00012849,200,2023-06-03,0
00012850,500,2023-03-09,0
00012851,200,2025-03-17,0
00012852,100,2025-08-24,0
00012853,50,2025-09-06,0
00012854,150,2024-03-24,0
00012855,500,2024-06-03,0
00012856,100,2025-09-07,0
00012857,500,2025-12-29,0
00012858,150,2025-12-26,0
00012859,500,2024-06-14,0
00012860,50,2024-08-08,0
00012861,100,2023-11-01,0
00012862,200,2022-04-05,0
00012863,500,2025-06-12,0
00012864,50,2024-06-04,0
00012865,200,2025-05-19,0
00012866,200,2024-05-12,0
00012867,100,2025-04-27,0
00012868,500,2023-08-05,0
00012869,500,2024-01-12,0
00012870,200,2025-04-23,0
00012871,200,2024-09-12,0
00012872,500,2022-04-10,500
00012873,100,2025-09-03,0
00012874,200,2022-06-07,0
00012875,50,2025-10-23,0
00012876,500,2023-10-03,0
00012877,100,2022-01-19,0
00012878,200,2022-11-22,0
00012879,100,2022-09-12,0
00012880,150,2025-07-28,150
00012881,150,2023-12-22,0
00012882,200,2022-12-18,0
00012883,150,2024-05-04,0
00012884,100,2022-03-15,1000
00012885,200,2024-04-15,0
00012886,100,2025-05-17,0
00012887,150,2022-03-16,0
00012888,150,2023-01-22,0
00012889,200,2022-09-20,0
00012890,500,2022-07-07,0
00012891,50,2023-04-27,5000
00012892,150,2023-10-04,0
00012893,500,2024-12-15,0
00012894,50,2025-10-09,0
00012895,100,2022-05-06,0
00012896,150,2024-12-19,0
00012897,150,2022-04-11,0
00012898,150,2022-01-30,0
00012899,500,2023-03-11,0
00012900,100,2023-01-13,0
00012901,500,2025-08-03,0
00012902,500,2025-05-30,0
00012903,50,2022-10-14,0
00012904,50,2023-09-12,0
00012905,100,2022-06-26,100000
00012906,50,2024-08-16,0
00012907,500,2022-12-23,0
00012908,150,2025-12-09,0
00012909,100,2024-09-28,0
00012910,100,2024-09-29,0
00012911,150,2023-06-11,0
00012912,50,2024-06-15,0
00012913,150,2024-09-01,0
00012914,150,2023-10-19,0
00012915,50,2023-08-14,0
00012916,50,2023-01-04,0
00012917,200,2024-05-26,0
00012918,100,2025-04-03,0
00012919,500,2022-09-19,0
00012920,100,2024-08-05,0
00012921,100,2022-05-22,0
00012922,50,2023-03-02,0
00012923,100,2025-07-27,0
00012924,50,2024-06-13,0
00012925,500,2025-01-10,0
00012926,150,2024-10-29,0
00012927,150,2024-07-03,0
00012928,100,2025-12-14,0
00012929,500,2022-05-24,0
00012930,500,2025-05-21,0
00012931,100,2024-07-10,0
00012932,500,2022-08-13,0
00012933,200,2023-12-11,0
00012934,500,2025-11-28,0
00012935,150,2024-08-04,0
00012936,50,2023-08-13,0
00012937,50,2022-07-03,0
00012938,100,2022-12-30,10000
00012939,150,2025-05-09,150
00012940,150,2023-05-30,0
00012941,150,2023-03-18,0
00012942,150,2023-05-30,0
00012943,100,2025-02-27,0
00012944,200,2025-04-19,1000
00012945,100,2025-11-14,0
00012946,50,2025-07-17,250
00012947,100,2024-06-23,0
00012948,500,2023-05-05,0
00012949,200,2024-11-07,100000
00012950,200,2025-01-21,0
00012951,200,2022-08-06,1000
00012952,100,2025-01-11,0
00012953,100,2022-03-22,100000
00012954,50,2022-05-03,0
00012955,100,2025-07-22,0
00012956,150,2024-11-19,0
00012957,200,2025-08-14,0
00012958,200,2023-11-09,0
00012959,150,2025-02-03,0
00012960,200,2022-12-06,0
00012961,150,2024-08-05,0
00012962,100,2023-08-16,0
00012963,200,2025-07-30,0
00012964,100,2025-12-28,0
00012965,200,2023-12-26,0
00012966,200,2024-12-18,0
00012967,50,2023-11-16,0
00012968,200,2023-02-16,0
00012969,200,2023-10-03,0
00012970,150,2022-05-20,0
00012971,500,2024-01-21,0
00012972,200,2024-03-21,0
00012973,200,2024-01-06,0
00012974,500,2024-01-10,0
00012975,200,2023-11-02,0
00012976,50,2022-03-27,0
00012977,100,2025-12-15,0
00012978,150,2022-11-11,0
00012979,200,2023-07-12,0
00012980,100,2022-06-30,500
00012981,100,2022-09-19,0
00012982,150,2023-11-25,0
00012983,500,2025-07-22,0
00012984,100,2024-07-17,0
00012985,100,2024-09-19,0
00012986,50,2023-07-14,250
00012987,200,2023-09-21,0
00012988,100,2025-06-21,0
00012989,50,2025-01-21,5000
00012990,100,2023-01-02,0
00012991,100,2022-09-07,500
00012992,150,2025-07-31,0
00012993,150,2025-10-06,0
00012994,100,2022-12-07,0
00012995,150,2022-03-09,1500
00012996,500,2024-03-18,0
00012997,500,2023-06-18,50000
00012998,500,2023-11-04,0
00012999,50,2025-01-22,0
00013000,100,2025-09-12,0
00013001,150,2024-10-18,0
00013002,500,2022-02-19,50000
00013003,500,2022-11-16,0
00013004,200,2024-06-01,0
00013005,200,2025-05-29,0
00013006,500,2023-03-31,0
00013007,50,2025-10-24,0
00013008,150,2023-03-07,0
00013009,500,2022-11-22,0
00013010,150,2022-02-03,0
00013011,150,2025-04-01,0
00013012,200,2022-12-05,0
00013013,100,2024-02-12,0
00013014,100,2023-03-08,0
00013015,100,2023-11-02,0
00013016,100,2024-09-26,0
00013017,150,2024-04-25,0
00013018,500,2025-12-28,0
00013019,50,2025-10-28,0
00013020,100,2023-01-30,0
00013021,100,2023-06-03,0
00013022,200,2024-05-02,0
00013023,50,2023-12-25,0
00013024,150,2025-05-12,0
00013025,200,2022-06-28,0
00013026,200,2024-11-17,0
00013027,500,2025-01-29,0
00013028,500,2025-11-25,0
00013029,200,2025-06-15,0
00013030,150,2023-05-29,0
00013031,150,2022-02-08,0
00013032,500,2024-01-08,50000
00013033,500,2025-12-19,0
00013034,50,2023-04-16,0
00013035,150,2022-04-07,0
00013036,500,2023-04-12,0
00013037,100,2022-07-27,0
00013038,500,2022-02-26,0
00013039,500,2023-01-26,0
00013040,200,2025-04-14,1000
00013041,100,2024-10-08,0
00013042,500,2023-05-23,0
00013043,500,2025-02-02,0
00013044,50,2025-10-11,0
00013045,100,2022-02-26,500
00013046,50,2024-10-23,0
00013047,100,2022-03-05,500
00013048,100,2025-04-02,500
00013049,100,2022-05-30,0
00013050,100,2024-03-19,0
00013051,100,2025-10-22,100
00013052,500,2025-02-07,0
00013053,100,2024-09-20,500
00013054,50,2025-01-29,0
00013055,200,2024-09-18,0
00013056,50,2023-01-10,0
00013057,500,2022-02-07,0
00013058,100,2022-07-20,0
00013059,200,2024-09-22,0
00013060,200,2025-03-24,0
00013061,50,2022-01-16,0
00013062,50,2025-09-05,0
00013063,50,2024-08-06,0
00013064,150,2023-03-12,0
00013065,100,2023-08-26,0
00013066,500,2023-05-04,0
00013067,100,2024-11-11,0
00013068,200,2022-08-21,0
00013069,50,2023-10-03,0
00013070,200,2023-09-16,0
00013071,50,2022-08-21,0
00013072,50,2025-11-14,0
00013073,50,2022-10-01,0
00013074,500,2023-01-17,0
00013075,150,2022-04-20,750
00013076,500,2022-01-20,0
00013077,500,2023-02-18,0
00013078,500,2025-08-06,0
00013079,100,2022-12-10,0
00013080,50,2022-02-21,0
00013081,500,2025-12-25,0
00013082,150,2025-11-30,750
00013083,100,2025-10-31,0
00013084,150,2023-01-18,0
00013085,200,2022-11-25,0
00013086,50,2022-12-02,50
00013087,50,2024-06-13,0
00013088,150,2023-08-18,0
00013089,100,2022-12-09,0
00013090,200,2025-10-23,200
00013091,200,2024-07-02,0
00013092,50,2024-06-05,0
00013093,200,2025-01-04,0
00013094,100,2025-05-09,1000
00013095,50,2023-11-14,0
00013096,200,2023-06-10,0
00013097,200,2024-06-25,0
00013098,50,2022-12-16,0
00013099,500,2025-03-20,0
00013100,200,2025-11-05,0
00013101,150,2023-03-04,0
00013102,50,2023-08-03,0
00013103,50,2024-01-10,0
00013104,50,2025-05-30,0
00013105,50,2022-05-05,0
00013106,50,2024-07-05,0
00013107,150,2022-01-06,0
00013108,500,2023-10-18,0
00013109,150,2024-04-25,0
00013110,200,2022-05-08,0
00013111,200,2024-10-29,0
00013112,200,2025-06-03,0
00013113,50,2025-02-19,0
00013114,100,2022-02-18,0
00013115,200,2023-07-13,0
00013116,50,2023-11-27,0
00013117,100,2023-10-22,0
00013118,50,2022-06-22,0
00013119,100,2024-06-23,0
00013120,500,2024-06-25,0
00013121,100,2025-01-28,0
00013122,50,2022-08-30,0
00013123,500,2023-04-29,0
00013124,150,2022-08-10,750
00013125,50,2023-01-31,0
00013126,200,2023-02-05,0
00013127,500,2022-03-05,100000
00013128,500,2022-03-22,0
00013129,100,2023-09-13,1000
00013130,50,2022-05-16,0
00013131,150,2024-08-30,0
00013132,50,2024-08-01,5000
00013133,150,2025-01-12,0
00013134,200,2025-03-06,0
00013135,500,2025-02-12,0
00013136,100,2025-07-15,0
00013137,100,2023-06-06,0
00013138,200,2025-09-14,0
00013139,150,2025-07-23,0
00013140,50,2023-05-20,0
00013141,500,2022-09-04,0
00013142,50,2022-07-24,0
00013143,150,2023-11-18,0
00013144,200,2025-11-24,0
00013145,200,2024-05-02,0
00013146,500,2023-11-24,0
00013147,500,2024-03-28,0
00013148,50,2024-09-18,250
00013149,50,2024-07-10,0
00013150,150,2022-06-03,0
00013151,200,2024-08-13,0
00013152,50,2022-09-22,0
00013153,100,2025-02-10,1000
00013154,100,2023-09-18,0
00013155,100,2024-06-20,0
00013156,100,2023-10-23,0
00013157,100,2022-05-02,0
00013158,150,2025-07-26,0
00013159,100,2024-12-25,0
00013160,500,2025-02-11,0
00013161,100,2024-01-09,0
00013162,200,2022-12-24,0
00013163,100,2025-06-22,0
00013164,100,2023-03-17,0
00013165,150,2025-12-05,0
00013166,50,2022-12-01,0
00013167,150,2022-03-03,0
00013168,500,2023-05-13,0
00013169,200,2025-09-25,0
00013170,500,2024-12-18,0
00013171,200,2023-08-10,0
00013172,150,2022-10-05,0
00013173,100,2025-04-14,0
00013174,150,2024-03-15,0
00013175,150,2022-09-26,0
00013176,500,2022-06-08,0
00013177,500,2024-05-02,0
00013178,200,2022-12-07,0
00013179,100,2024-08-27,0
00013180,100,2023-04-26,0
00013181,50,2024-03-10,0
00013182,50,2022-08-02,0
00013183,100,2023-05-19,0
00013184,50,2022-08-27,0
00013185,100,2022-07-08,0
00013186,100,2023-06-08,0
00013187,150,2022-12-29,0
00013188,200,2023-03-10,0
00013189,500,2025-02-13,0
00013190,100,2023-02-04,0
00013191,50,2023-08-04,0
00013192,150,2024-01-14,0
00013193,50,2025-08-29,0
00013194,100,2023-07-09,0
00013195,100,2022-06-22,10000
00013196,150,2023-06-28,0
00013197,150,2023-08-24,0
00013198,150,2024-09-06,0
00013199,100,2022-06-15,0
00013200,500,2023-09-05,0
00013201,150,2024-02-15,0
00013202,50,2024-01-22,100000
00013203,50,2022-09-09,0
00013204,200,2023-07-14,0
00013205,500,2022-12-22,0
00013206,200,2023-08-14,0
00013207,500,2024-10-23,0
00013208,100,2023-06-03,0
00013209,100,2023-10-24,0
00013210,500,2025-06-20,0
00013211,200,2024-02-07,0
00013212,500,2022-08-31,0
00013213,50,2022-05-06,0
00013214,50,2023-06-19,0
00013215,50,2024-12-19,0
00013216,150,2024-09-10,0
00013217,100,2025-11-08,0
00013218,50,2023-11-27,0
00013219,500,2022-12-18,0
00013220,100,2022-06-06,100000
00013221,50,2022-10-15,0
00013222,150,2023-05-04,0
00013223,500,2025-08-03,0
00013224,200,2022-12-11,0
00013225,50,2025-07-25,500
00013226,200,2022-01-28,0
00013227,500,2024-03-08,0
00013228,50,2024-02-13,0
00013229,500,2025-07-07,0
00013230,200,2023-09-26,0
00013231,100,2022-05-11,0
00013232,200,2025-05-09,0
00013233,50,2024-03-01,0
00013234,200,2022-06-08,0
00013235,150,2024-06-15,100000
00013236,50,2022-07-29,0
00013237,100,2023-10-15,500
00013238,50,2024-04-30,500
00013239,50,2023-01-19,0
00013240,200,2022-12-05,0
00013241,500,2025-01-13,0
00013242,500,2023-04-10,0
00013243,50,2022-12-20,5000
00013244,50,2023-06-26,0
00013245,500,2025-01-27,0
00013246,150,2022-03-17,0
00013247,500,2024-03-20,0
00013248,500,2025-05-23,0
00013249,200,2024-10-31,0
00013250,100,2022-03-08,0
00013251,50,2023-08-09,500
00013252,100,2023-06-12,0
00013253,200,2023-04-02,0
00013254,100,2023-05-21,0
00013255,500,2024-05-16,5000
00013256,500,2024-01-25,0
00013257,150,2025-05-11,0
00013258,500,2023-07-14,0
00013259,150,2025-09-13,0
00013260,200,2023-03-13,0
00013261,200,2025-12-09,0
00013262,500,2022-12-16,0
00013263,50,2023-11-28,0
00013264,200,2025-03-23,0
00013265,500,2025-08-06,0
00013266,100,2024-03-09,0
00013267,50,2024-08-18,0
00013268,50,2022-03-24,0
00013269,100,2025-05-24,0
00013270,500,2022-07-31,0
00013271,150,2023-04-16,0
00013272,100,2023-11-30,0
00013273,200,2022-02-22,0
00013274,500,2023-12-30,0
00013275,200,2025-06-21,0
00013276,200,2024-05-21,0
00013277,500,2024-05-08,0
00013278,150,2025-10-17,0
00013279,200,2022-02-05,0
00013280,150,2022-06-17,0
00013281,50,2022-04-27,500
00013282,100,2024-03-08,0
00013283,100,2024-02-17,0
00013284,150,2022-08-01,0
00013285,100,2023-07-23,0
00013286,150,2022-05-05,0
00013287,500,2025-07-20,0
00013288,200,2024-02-04,0
00013289,100,2023-07-21,0
00013290,200,2024-07-17,0
00013291,500,2023-11-09,50000
00013292,200,2025-10-28,0
00013293,150,2024-07-28,0
00013294,200,2023-06-01,0
00013295,150,2022-11-13,0
00013296,100,2022-12-16,0
00013297,500,2023-08-18,0
00013298,500,2025-08-04,50000
00013299,150,2022-12-14,0
00013300,200,2025-04-21,0
00013301,100,2025-06-26,0
00013302,200,2023-11-03,0
00013303,100,2025-07-02,0
00013304,150,2025-10-21,0
00013305,500,2025-06-16,500
00013306,100,2025-09-23,0
00013307,150,2022-03-19,0
00013308,50,2025-02-21,0
00013309,50,2023-12-03,0
00013310,50,2022-09-21,0
00013311,200,2025-03-01,0
00013312,200,2023-10-18,0
00013313,500,2023-11-29,2500
00013314,500,2024-09-14,0
00013315,100,2023-11-15,0
00013316,150,2024-05-04,750
00013317,200,2022-12-10,200
00013318,500,2023-12-27,0
00013319,200,2023-05-19,0
00013320,200,2022-06-06,100000
00013321,200,2024-12-12,0
00013322,200,2022-10-22,0
00013323,200,2023-12-17,0
00013324,100,2025-09-11,0
00013325,500,2022-03-26,0
00013326,500,2022-05-16,0
00013327,200,2022-04-09,0
00013328,100,2025-10-19,0
00013329,500,2024-02-05,0
00013330,50,2024-12-19,0
00013331,100,2024-05-09,0
00013332,200,2022-04-22,0
00013333,50,2025-07-15,0
00013334,100,2022-06-28,0
00013335,500,2025-01-11,2500
00013336,50,2022-03-06,0
00013337,200,2024-09-21,0
00013338,200,2024-10-18,0
00013339,200,2024-07-20,0
00013340,200,2023-12-02,0
00013341,200,2024-02-13,0
00013342,150,2023-09-04,0
00013343,50,2023-03-03,0
00013344,500,2022-08-15,0
00013345,150,2023-02-18,0
00013346,50,2022-08-09,0
00013347,100,2024-02-21,0
00013348,500,2023-10-08,0
00013349,100,2022-04-11,0
00013350,100,2023-01-29,0
00013351,100,2025-08-29,0
00013352,50,2023-02-26,0
00013353,50,2023-09-30,0
00013354,500,2023-10-07,0
00013355,50,2024-08-09,5000
00013356,150,2022-02-05,0
00013357,200,2022-01-30,0
00013358,150,2022-08-06,0
00013359,50,2023-09-01,0
00013360,500,2024-09-04,0
00013361,50,2024-05-10,0
00013362,500,2023-05-17,0
00013363,150,2025-09-15,0
00013364,500,2024-07-17,0
00013365,100,2025-04-09,0
00013366,200,2025-03-06,0
00013367,200,2022-12-12,0
00013368,50,2022-11-19,0
00013369,150,2024-11-04,0
00013370,200,2024-08-04,0
00013371,100,2024-02-06,0
00013372,500,2023-06-26,0
00013373,500,2025-05-19,0
00013374,500,2025-10-03,0
00013375,500,2023-09-07,0
00013376,150,2022-06-19,0
00013377,150,2025-07-03,0
00013378,500,2023-07-20,0
00013379,200,2025-09-07,0
00013380,150,2024-06-04,0
00013381,150,2022-10-23,0
00013382,500,2022-01-13,500
00013383,150,2022-12-14,0
00013384,100,2024-12-13,0
00013385,500,2024-01-19,0
00013386,200,2022-01-20,0
00013387,500,2025-04-19,0
00013388,200,2025-05-11,0
00013389,50,2022-09-13,0
00013390,150,2024-02-09,0
00013391,50,2025-06-15,0
00013392,100,2024-05-17,0
00013393,150,2022-04-02,0
00013394,500,2025-11-29,5000
00013395,50,2024-08-03,0
00013396,50,2025-07-24,0
00013397,150,2025-12-06,0
00013398,50,2025-10-10,0
00013399,200,2022-07-20,0
00013400,150,2022-01-26,0
00013401,500,2025-06-19,0
00013402,50,2024-02-29,0
00013403,150,2024-09-12,0
00013404,100,2024-09-26,0
00013405,100,2024-10-26,0
00013406,100,2022-09-15,0
00013407,200,2024-09-30,0
00013408,500,2023-11-25,0
00013409,150,2025-10-24,15000
00013410,500,2024-11-06,5000
00013411,200,2022-08-13,0
00013412,150,2024-05-01,0
00013413,50,2024-05-12,0
00013414,500,2023-09-10,0
00013415,500,2023-05-06,0
00013416,100,2024-03-05,0
00013417,50,2023-12-01,0
00013418,150,2023-10-05,0
00013419,200,2022-08-27,0
00013420,50,2023-03-25,0
00013421,150,2024-04-30,0
00013422,100,2022-09-27,0
00013423,150,2022-06-02,0
00013424,150,2024-03-19,0
00013425,50,2025-04-30,0
00013426,100,2025-08-06,0
00013427,500,2024-07-12,0
00013428,150,2025-02-16,0
00013429,200,2025-04-02,0
00013430,150,2024-12-12,0
00013431,500,2025-07-09,0
00013432,200,2023-02-10,20000
00013433,100,2022-04-30,0
00013434,200,2025-07-08,1000
00013435,200,2025-03-14,0
00013436,100,2023-01-05,0
00013437,500,2022-06-10,0
00013438,100,2023-04-27,100
00013439,100,2024-09-15,0
00013440,500,2022-01-21,0
00013441,200,2023-02-22,0
00013442,500,2022-07-05,0
00013443,500,2024-05-20,0
00013444,50,2024-12-09,0
00013445,150,2023-04-09,0
00013446,50,2024-05-10,0
00013447,100,2023-01-30,500
00013448,150,2024-05-04,0
00013449,150,2024-10-01,0
00013450,200,2025-06-24,0
00013451,100,2025-05-30,0
00013452,50,2022-01-04,0
00013453,50,2025-12-24,250
00013454,200,2023-02-21,1000
00013455,150,2024-12-08,0
00013456,200,2023-09-16,0
00013457,200,2023-02-28,0
00013458,150,2022-09-18,0
00013459,100,2023-12-01,0
00013460,50,2022-08-26,0
00013461,100,2022-01-27,0
00013462,500,2022-01-07,0
00013463,200,2025-10-09,0
00013464,500,2023-11-06,0
00013465,200,2022-10-12,0
00013466,500,2023-11-17,0
00013467,50,2025-12-25,0
00013468,100,2024-10-26,0
00013469,200,2024-09-19,0
00013470,50,2023-03-05,0
00013471,200,2024-02-28,0
00013472,200,2025-08-26,0
00013473,500,2023-09-15,0
00013474,500,2022-05-31,0
00013475,100,2024-04-28,0
00013476,150,2025-04-05,0
00013477,150,2022-01-21,0
00013478,200,2025-06-05,1000
00013479,500,2023-07-24,0
00013480,50,2023-04-06,0
00013481,100,2023-12-08,0
00013482,100,2025-09-26,0
00013483,100,2022-11-15,0
00013484,150,2022-09-16,0
00013485,200,2025-11-11,0
00013486,200,2022-07-20,0
00013487,150,2022-04-08,0
00013488,100,2022-04-22,0
00013489,500,2024-07-20,0
00013490,200,2022-05-18,0
00013491,200,2023-11-07,0
00013492,500,2023-08-22,0
00013493,500,2022-05-28,0
00013494,100,2025-05-12,0
00013495,100,2024-11-05,0
00013496,100,2022-01-09,0
00013497,50,2023-11-03,0
00013498,500,2024-08-14,0
00013499,200,2023-07-04,0
00013500,100,2024-03-30,0
00013501,200,2023-12-22,0
00013502,150,2022-10-09,0
00013503,100,2022-10-02,0
00013504,200,2022-08-11,0
00013505,150,2025-09-06,0
00013506,500,2025-09-26,0
00013507,100,2025-02-26,0
00013508,150,2025-04-03,0
00013509,100,2025-10-06,0
00013510,150,2023-10-18,0
00013511,200,2024-03-20,1000
00013512,500,2025-01-02,0
00013513,150,2025-07-04,0
00013514,50,2025-12-19,0
00013515,50,2025-11-29,0
00013516,150,2024-03-30,0
00013517,500,2023-01-20,0
00013518,100,2025-03-01,0
00013519,150,2025-04-25,0
00013520,200,2022-02-01,0
00013521,500,2023-08-07,50000
00013522,50,2024-04-30,0
00013523,500,2023-11-02,0
00013524,200,2022-03-12,0
00013525,200,2024-12-31,20000
00013526,100,2022-01-02,0
00013527,50,2023-04-03,0
00013528,100,2025-02-01,0
00013529,50,2022-05-17,0
00013530,500,2025-06-19,0
00013531,200,2024-05-27,0
00013532,200,2022-12-02,0
00013533,100,2025-08-17,0
00013534,150,2023-05-28,0
00013535,200,2024-01-11,0
00013536,50,2024-07-31,0
00013537,500,2025-07-12,0
00013538,150,2024-04-10,0
00013539,150,2024-10-01,0
00013540,100,2025-04-21,0
00013541,200,2022-03-11,0
00013542,200,2024-07-11,0
00013543,100,2022-06-05,0
00013544,500,2022-01-12,0
00013545,150,2023-07-09,0
00013546,500,2025-08-31,0
00013547,100,2025-09-15,1000
00013548,500,2024-10-26,0
00013549,50,2022-04-30,0
00013550,150,2023-03-11,0
00013551,100,2025-04-22,0
00013552,200,2024-05-09,0
00013553,150,2024-10-11,0
00013554,50,2025-11-06,500
00013555,500,2022-04-16,0
00013556,50,2023-08-25,0
00013557,150,2025-05-30,0
00013558,50,2022-03-25,100000
00013559,50,2022-03-13,0
00013560,500,2024-11-03,0
00013561,150,2024-03-14,0
00013562,100,2025-07-15,0
00013563,200,2023-08-03,0
00013564,200,2025-03-18,0
00013565,500,2025-07-26,0
00013566,500,2025-05-22,0
00013567,100,2022-08-08,0
00013568,150,2025-03-24,0
00013569,50,2024-12-08,0
00013570,50,2023-02-16,0
00013571,150,2023-08-25,0
00013572,500,2025-07-29,0
00013573,100,2024-01-05,0
00013574,50,2022-06-27,0
00013575,500,2025-09-05,5000
00013576,500,2023-09-07,0
00013577,50,2025-03-29,0
00013578,500,2023-08-02,2500
00013579,150,2025-03-02,0
00013580,500,2025-04-22,2500
00013581,100,2023-05-21,0
00013582,200,2025-10-23,0
00013583,200,2024-03-08,0
00013584,50,2025-07-19,0
00013585,100,2024-12-08,0
00013586,150,2022-05-26,0
00013587,150,2022-02-04,0
00013588,500,2025-06-07,0
00013589,200,2025-01-31,0
00013590,200,2023-08-11,0
00013591,100,2022-02-13,0
00013592,500,2023-02-07,0
00013593,100,2025-11-15,0
00013594,100,2025-07-21,0
00013595,200,2025-12-16,20000
00013596,200,2023-05-12,0
00013597,50,2024-08-24,0
00013598,150,2025-02-19,1500
00013599,50,2023-04-01,0
00013600,50,2022-06-09,0
00013601,500,2024-04-29,50000
00013602,200,2024-04-11,0
00013603,200,2022-05-27,0
00013604,500,2025-02-05,0
00013605,50,2023-04-12,250
00013606,500,2024-06-28,0
00013607,200,2023-07-07,100000
00013608,500,2023-01-16,0
00013609,50,2023-03-05,0
00013610,200,2024-06-15,0
00013611,200,2022-08-15,0
00013612,100,2023-06-30,0
00013613,200,2025-09-18,0
00013614,200,2023-10-25,0
00013615,200,2022-05-12,0
00013616,200,2023-08-01,0
00013617,200,2024-09-03,0
00013618,150,2022-07-14,0
00013619,150,2023-10-10,0
00013620,150,2022-12-30,0
00013621,150,2023-09-01,0
00013622,500,2024-12-25,0
00013623,150,2022-10-13,0
00013624,500,2025-03-20,0
00013625,50,2024-12-02,0
00013626,50,2022-07-30,0
00013627,150,2024-06-05,0
00013628,100,2023-04-21,0
00013629,150,2022-06-02,0
00013630,200,2023-08-11,0
00013631,200,2022-03-17,0
00013632,50,2025-09-15,0
00013633,500,2022-01-19,0
00013634,500,2023-02-19,0
00013635,100,2022-05-19,0
00013636,100,2023-06-15,0
00013637,50,2022-12-30,0
00013638,150,2024-11-08,0
00013639,50,2023-05-25,0
00013640,150,2023-12-06,0
00013641,100,2023-02-28,0
00013642,500,2022-11-05,0
00013643,500,2024-01-07,0
00013644,150,2024-07-14,150
00013645,150,2023-11-22,0
00013646,500,2025-07-30,0
00013647,100,2025-01-01,0
00013648,100,2022-12-07,0
00013649,100,2024-08-08,100
00013650,500,2025-10-07,0
00013651,100,2025-11-10,0
00013652,200,2025-04-02,0
00013653,150,2024-09-12,0
00013654,100,2023-03-18,0
00013655,50,2023-03-05,0
00013656,150,2025-08-27,0
00013657,200,2025-02-21,0
00013658,100,2024-04-26,0
00013659,500,2023-01-23,0
00013660,500,2022-11-14,0
00013661,500,2023-07-29,2500
00013662,100,2022-10-13,0
00013663,50,2024-03-13,0
00013664,100,2025-11-04,0
00013665,50,2024-10-24,0
00013666,150,2024-01-24,0
00013667,500,2025-06-09,0
00013668,500,2024-12-21,0
00013669,100,2022-06-25,0
00013670,50,2022-04-15,0
00013671,150,2024-04-03,0
00013672,100,2022-11-21,0
00013673,200,2024-08-30,0
00013674,150,2025-06-08,15000
00013675,500,2025-01-24,0
00013676,150,2024-06-26,0
00013677,500,2025-04-11,0
00013678,100,2022-07-09,0
00013679,150,2022-05-03,0
00013680,100,2025-01-10,0
00013681,500,2023-10-05,0
00013682,100,2023-09-03,0
00013683,50,2025-11-04,0
00013684,500,2022-12-25,0
00013685,500,2022-12-15,0
00013686,500,2024-06-18,0
00013687,500,2025-08-26,0
00013688,200,2024-08-14,0
00013689,100,2024-03-15,0
00013690,200,2023-02-19,0
00013691,500,2023-08-25,0
00013692,50,2024-08-18,0
00013693,200,2022-11-08,0
00013694,50,2023-04-28,0
00013695,200,2023-10-01,0
00013696,500,2023-08-05,0
00013697,200,2023-07-31,0
00013698,50,2024-06-06,0
00013699,100,2023-06-05,0
00013700,100,2025-10-24,100
00013701,50,2025-12-31,0
00013702,50,2024-03-06,0
00013703,200,2024-06-02,0
00013704,100,2024-12-09,0
00013705,150,2023-09-19,150
00013706,500,2025-07-25,0
00013707,500,2024-02-14,0
00013708,500,2023-12-22,500
00013709,50,2024-11-13,0
00013710,200,2022-06-13,20000
00013711,50,2025-09-13,0
00013712,100,2024-03-08,0
00013713,150,2024-05-07,0
00013714,50,2024-06-24,0
00013715,150,2023-02-13,0
00013716,500,2022-08-05,0
00013717,200,2022-10-02,0
00013718,150,2022-05-29,0
00013719,200,2024-03-07,0
00013720,500,2025-01-19,0
00013721,200,2023-03-29,0
00013722,100,2022-06-05,0
00013723,50,2022-12-30,0
00013724,150,2022-11-10,0
00013725,500,2025-03-17,0
00013726,150,2023-06-05,0
00013727,50,2024-08-01,50
00013728,50,2025-11-08,0
00013729,100,2025-06-16,0
00013730,50,2022-12-12,0
00013731,50,2023-12-10,0
00013732,50,2024-05-21,0
00013733,50,2023-06-02,0
00013734,100,2023-04-01,0
00013735,50,2024-10-20,0
00013736,150,2024-07-21,0
00013737,150,2024-01-01,0
00013738,50,2022-12-16,0
00013739,500,2025-11-24,0
00013740,500,2022-12-31,0
00013741,100,2024-11-05,0
00013742,500,2022-05-28,0
00013743,100,2022-04-08,0
00013744,150,2022-10-12,0
00013745,200,2024-03-14,0
00013746,50,2022-11-20,0
00013747,200,2022-12-07,0
00013748,50,2023-11-02,0
00013749,200,2023-04-12,0
00013750,100,2023-07-25,0
00013751,500,2022-05-10,0
00013752,500,2023-08-28,0
00013753,100,2025-11-10,0
00013754,150,2022-04-04,0
00013755,100,2024-09-23,0
00013756,200,2022-11-08,0
00013757,100,2025-02-23,0
00013758,150,2023-08-29,750
00013759,200,2025-08-08,0
00013760,150,2023-03-08,0
00013761,500,2023-06-29,0
00013762,500,2023-12-31,0
00013763,50,2023-01-27,0
00013764,50,2024-12-06,0
00013765,150,2022-07-16,0
00013766,200,2025-09-04,0
00013767,100,2025-04-24,0
00013768,500,2023-10-16,0
00013769,150,2022-04-28,0
00013770,150,2025-10-06,0
00013771,200,2025-09-15,0
00013772,500,2022-02-26,0
00013773,50,2025-02-14,0
00013774,100,2024-08-13,0
00013775,50,2022-05-02,0
00013776,200,2023-06-03,0
00013777,200,2025-03-18,0
00013778,500,2022-08-08,0
00013779,200,2022-09-13,0
00013780,150,2022-01-21,1500
00013781,150,2024-03-18,0
00013782,500,2025-11-09,0
00013783,500,2024-03-22,0
00013784,200,2023-03-03,0
00013785,150,2025-05-11,0
00013786,200,2022-01-11,0
00013787,100,2024-03-17,0
00013788,50,2023-08-22,0
00013789,200,2023-06-24,0
00013790,50,2025-02-17,0
00013791,50,2023-01-31,0
00013792,500,2023-03-08,0
00013793,100,2023-12-30,0
00013794,100,2024-12-28,0
00013795,500,2025-07-04,0
00013796,150,2023-03-19,0
00013797,150,2022-08-28,0
00013798,100,2024-03-21,0
00013799,150,2024-09-16,0
00013800,150,2022-09-29,0
00013801,200,2024-05-07,0
00013802,500,2022-04-16,0
00013803,50,2024-05-25,0
00013804,200,2024-12-07,2000
00013805,100,2023-06-20,0
00013806,500,2022-05-18,0
00013807,100,2024-09-25,0
00013808,150,2022-11-17,0
00013809,500,2023-04-17,0
00013810,100,2022-01-24,0
00013811,500,2024-01-03,0
00013812,150,2022-10-05,0
00013813,200,2022-03-27,0
00013814,500,2023-12-10,0
00013815,500,2025-02-18,0
00013816,100,2023-08-18,0
00013817,50,2022-07-10,100000
00013818,500,2024-09-28,0
00013819,150,2024-07-21,0
00013820,150,2024-09-29,0
00013821,200,2024-08-06,100000
00013822,500,2022-03-23,0
00013823,200,2024-07-28,0
00013824,500,2023-09-27,0
00013825,200,2023-11-20,0
00013826,200,2023-04-23,0
00013827,50,2022-03-06,0
00013828,150,2022-02-13,0
00013829,100,2024-04-02,0
00013830,500,2022-07-17,0
00013831,500,2022-02-11,0
00013832,50,2025-12-16,0
00013833,150,2024-05-29,0
00013834,150,2023-03-16,750
00013835,50,2025-11-03,0
00013836,500,2024-07-23,0
00013837,50,2025-10-19,0
00013838,500,2025-04-19,0
00013839,150,2024-11-02,0
00013840,100,2024-04-20,0
00013841,50,2022-09-01,100000
00013842,150,2024-06-19,0
00013843,200,2024-07-09,0
00013844,50,2022-10-25,0
00013845,200,2025-11-22,0
00013846,50,2025-02-07,0
00013847,500,2022-08-29,0
00013848,200,2025-02-25,0
00013849,500,2024-11-08,0
00013850,100,2023-06-13,0
00013851,500,2022-05-12,0
00013852,200,2022-02-22,0
00013853,150,2022-07-24,0
00013854,150,2025-10-19,0
00013855,150,2024-01-24,0
00013856,100,2022-05-07,0
00013857,150,2023-03-16,0
00013858,200,2023-02-21,0
00013859,150,2024-01-25,0
00013860,200,2022-02-14,0
00013861,50,2024-06-10,0
00013862,150,2023-06-07,0
00013863,50,2023-07-09,0
00013864,50,2022-01-10,500
00013865,50,2024-06-29,0
00013866,50,2022-11-02,0
00013867,50,2022-04-15,0
00013868,150,2022-03-24,0
00013869,500,2024-09-22,0
00013870,200,2024-12-09,0
00013871,100,2025-02-24,0
00013872,150,2023-09-18,0
00013873,100,2023-07-02,0
00013874,500,2025-12-27,0
00013875,500,2022-11-02,0
00013876,150,2022-08-24,0
00013877,500,2024-09-10,0
00013878,200,2024-04-15,0
00013879,150,2023-07-19,0
00013880,150,2024-11-07,0
00013881,200,2025-02-21,0
00013882,100,2025-09-27,0
00013883,50,2022-05-03,0
00013884,150,2023-01-20,0
00013885,100,2023-12-28,0
00013886,500,2022-04-23,0
00013887,200,2024-07-30,0
00013888,150,2023-02-04,0
00013889,50,2025-07-24,0
00013890,150,2023-04-05,0
00013891,150,2022-05-06,0
00013892,100,2023-12-19,0
00013893,50,2022-04-06,0
00013894,100,2022-07-23,0
00013895,200,2024-10-09,0
00013896,100,2024-09-10,0
00013897,50,2024-06-15,0
00013898,100,2024-07-06,0
00013899,200,2022-07-30,0
00013900,100,2023-10-30,1000
00013901,100,2025-11-27,0
00013902,500,2025-05-29,0
00013903,150,2023-03-08,0
00013904,50,2024-09-24,0
00013905,200,2024-08-03,0
00013906,100,2024-06-16,1000
00013907,150,2023-05-20,0
00013908,200,2025-08-04,0
00013909,100,2025-03-22,100000
00013910,150,2024-05-12,0
00013911,200,2022-09-16,0
00013912,50,2023-08-03,0
00013913,200,2024-11-15,0
00013914,50,2025-10-28,0
00013915,500,2022-02-13,0
00013916,50,2023-10-18,0
00013917,150,2022-03-09,0
00013918,100,2024-03-15,0
00013919,100,2023-06-12,100000
00013920,200,2023-04-09,1000
00013921,100,2025-10-08,10000
00013922,200,2024-06-18,0
00013923,150,2023-08-10,0
00013924,150,2023-04-25,0
00013925,100,2023-07-23,0
00013926,50,2025-11-17,0
00013927,500,2023-07-23,0
00013928,100,2025-12-07,0
00013929,500,2024-06-08,0
00013930,200,2025-01-31,0
00013931,150,2025-02-08,0
00013932,100,2024-11-29,1000
00013933,200,2023-04-05,0
00013934,100,2024-02-14,0
00013935,200,2025-02-16,0
00013936,500,2024-02-28,0
00013937,150,2024-02-02,0
00013938,50,2023-10-08,0
00013939,200,2022-01-23,0
00013940,150,2025-09-25,0
00013941,200,2022-01-18,0
00013942,100,2025-06-29,0
00013943,50,2025-02-25,0
00013944,200,2023-07-01,0
00013945,100,2023-01-27,0
00013946,500,2025-04-08,0
00013947,500,2025-04-21,0
00013948,100,2023-10-14,0
00013949,500,2022-11-05,0
00013950,100,2023-10-05,0
00013951,50,2024-02-24,0
00013952,150,2025-09-24,0
00013953,150,2022-06-28,0
00013954,500,2024-07-03,0
00013955,150,2022-06-04,0
00013956,100,2024-08-30,0
00013957,150,2025-04-19,0
00013958,50,2022-12-20,0
00013959,100,2023-07-02,0
00013960,150,2023-11-16,0
00013961,50,2025-10-02,5000
00013962,200,2025-11-09,0
00013963,100,2023-07-05,0
00013964,50,2024-03-23,0
00013965,200,2022-06-07,0
00013966,200,2023-11-18,0
00013967,100,2022-09-19,0
00013968,150,2024-07-09,100000
00013969,50,2022-01-05,0
00013970,500,2025-11-16,0
00013971,500,2024-06-25,100000
00013972,500,2023-07-13,100000
00013973,500,2025-09-10,0
00013974,200,2023-09-11,0
00013975,50,2022-10-06,0
00013976,500,2022-08-14,0
00013977,500,2023-05-27,500
00013978,500,2022-02-07,0
00013979,500,2025-04-28,0
00013980,50,2023-11-07,0
00013981,500,2022-03-27,0
00013982,150,2022-02-02,0
00013983,150,2025-12-29,0
00013984,150,2022-03-10,0
00013985,50,2025-11-24,0
00013986,50,2023-11-26,0
00013987,100,2023-11-30,0
00013988,500,2025-09-08,0
00013989,500,2025-04-23,2500
00013990,50,2023-04-29,0
00013991,50,2024-04-21,0
00013992,500,2023-09-14,0
00013993,100,2025-07-27,1000
00013994,200,2024-07-06,0
00013995,150,2022-10-23,0
00013996,100,2025-12-16,0
00013997,150,2025-03-05,0
00013998,100,2024-03-23,0
00013999,50,2024-07-25,0
00014000,150,2025-06-27,0
00014001,500,2023-06-24,0
00014002,150,2025-05-11,750
00014003,200,2022-01-10,0
00014004,100,2022-01-01,0
00014005,50,2023-06-16,0
00014006,150,2024-05-04,0
00014007,150,2024-10-11,0
00014008,50,2024-05-09,0
00014009,200,2024-11-15,0
00014010,100,2022-02-16,0
00014011,500,2025-07-01,0
00014012,50,2023-09-13,0
00014013,500,2025-03-12,0
00014014,200,2023-08-19,0
00014015,200,2023-07-09,0
00014016,500,2024-02-29,0
00014017,500,2023-10-24,0
00014018,100,2022-09-18,0
00014019,50,2024-08-24,0
00014020,150,2025-02-05,0
00014021,200,2023-06-06,1000
00014022,200,2022-07-22,0
00014023,500,2024-01-16,0
00014024,150,2024-09-30,0
00014025,500,2024-03-23,0
00014026,50,2025-11-09,0
00014027,500,2023-02-14,0
00014028,150,2022-03-16,0
00014029,150,2023-07-10,0
00014030,150,2022-10-16,0
00014031,200,2024-11-20,0
00014032,500,2025-01-22,0
00014033,50,2025-04-22,0
00014034,200,2025-06-07,0
00014035,200,2025-06-09,0
00014036,150,2025-09-22,0
00014037,200,2022-10-18,0
00014038,200,2025-11-10,0
00014039,100,2024-04-28,0
00014040,50,2022-12-23,0
00014041,100,2023-06-05,0
00014042,100,2025-06-09,0
00014043,150,2023-11-26,0
00014044,200,2025-02-22,0
00014045,50,2022-11-26,0
00014046,100,2024-11-18,10000
00014047,200,2022-06-15,0
00014048,50,2024-05-11,0
00014049,150,2024-01-14,0
00014050,50,2022-10-01,0
00014051,500,2023-08-10,0
00014052,100,2024-01-18,0
00014053,150,2022-07-15,0
00014054,150,2025-11-27,0
00014055,50,2022-03-04,0
00014056,100,2023-05-04,0
00014057,50,2024-12-18,0
00014058,200,2024-08-17,0
00014059,50,2024-05-19,0
00014060,200,2023-06-11,0
00014061,100,2022-04-16,0
00014062,50,2022-06-12,0
00014063,50,2023-08-28,250
00014064,500,2023-05-28,0
00014065,200,2025-02-16,0
00014066,50,2022-06-23,0
00014067,200,2024-08-18,0
00014068,500,2023-12-10,0
00014069,100,2023-08-02,0
00014070,150,2023-03-10,0
00014071,500,2022-09-23,0
00014072,100,2024-01-08,0
00014073,200,2024-09-03,0
00014074,100,2024-07-22,0
00014075,150,2024-07-02,0
00014076,50,2022-12-04,0
00014077,500,2024-12-12,0
00014078,100,2022-07-10,1000
00014079,500,2023-09-25,0
00014080,50,2023-04-11,0
00014081,100,2024-12-23,0
00014082,200,2025-12-28,0
00014083,200,2025-01-15,0
00014084,150,2022-12-28,0
00014085,50,2025-09-28,0
00014086,150,2025-11-10,0
00014087,500,2025-02-21,0
00014088,500,2025-05-01,0
00014089,200,2022-04-25,0
00014090,500,2025-12-07,0
00014091,100,2025-10-29,0
00014092,500,2023-11-29,0
00014093,50,2022-11-04,0
00014094,150,2023-09-28,0
00014095,200,2025-12-30,0
00014096,200,2025-04-27,0
00014097,200,2024-06-30,0
00014098,500,2025-09-22,0
00014099,500,2025-03-12,0
00014100,200,2023-03-17,0
00014101,50,2023-04-06,0
00014102,150,2025-06-20,0
00014103,150,2025-04-14,0
00014104,50,2022-08-24,0
00014105,150,2024-06-16,0
00014106,150,2025-07-14,100000
00014107,150,2024-08-01,0
00014108,200,2025-03-15,0
00014109,200,2025-10-13,0
00014110,500,2024-02-16,0
00014111,150,2023-08-22,0
00014112,500,2025-06-28,0
00014113,200,2025-03-13,20000
00014114,500,2025-07-08,0
00014115,100,2022-02-11,100
00014116,50,2022-03-03,500
00014117,100,2024-10-30,0
00014118,200,2025-05-05,1000
00014119,150,2022-06-25,0
00014120,150,2025-04-15,0
00014121,150,2025-04-08,0
00014122,50,2025-03-03,0
00014123,200,2022-07-21,0
00014124,50,2025-09-21,0
00014125,50,2025-12-31,0
00014126,150,2024-11-20,0
00014127,100,2023-07-13,0
00014128,100,2024-09-17,0
00014129,150,2025-11-18,0
00014130,200,2024-05-17,0
00014131,100,2025-06-22,0
00014132,500,2023-02-11,0
00014133,150,2022-08-24,0
00014134,500,2024-08-09,0
00014135,150,2022-05-11,0
00014136,100,2023-06-09,0
00014137,100,2023-11-02,0
00014138,200,2024-08-06,0
00014139,200,2025-10-24,0
00014140,200,2023-03-12,0
00014141,100,2024-03-05,0
00014142,150,2024-12-25,0
00014143,150,2022-04-09,0
00014144,50,2022-01-19,0
00014145,500,2024-06-15,0
00014146,150,2022-01-03,0
00014147,200,2022-06-03,0
00014148,100,2024-11-10,10000
00014149,50,2025-09-14,0
00014150,500,2022-03-14,0
00014151,150,2024-03-18,0
00014152,200,2025-05-22,0
00014153,150,2024-08-29,0
00014154,50,2024-07-29,0
00014155,100,2023-08-17,0
00014156,150,2024-03-09,0
00014157,100,2022-04-14,0
00014158,150,2023-02-08,0
00014159,500,2024-02-01,0
00014160,150,2023-10-30,0
00014161,200,2024-09-29,0
00014162,50,2024-08-29,0
00014163,50,2022-04-24,0
00014164,100,2024-12-06,0
00014165,500,2023-09-02,0
00014166,200,2023-07-03,0
00014167,200,2025-10-21,0
00014168,50,2023-01-11,0
00014169,50,2023-06-18,0
00014170,500,2023-02-24,0
00014171,100,2022-08-08,0
00014172,200,2022-12-27,0
00014173,200,2023-11-15,0
00014174,150,2023-06-08,0
00014175,50,2025-04-09,0
00014176,500,2023-11-21,0
00014177,200,2023-03-22,0
00014178,50,2025-08-28,0
00014179,200,2022-10-25,0
00014180,50,2022-04-21,0
00014181,50,2024-03-07,0
00014182,200,2024-11-11,0
00014183,50,2023-09-08,0
00014184,500,2022-08-10,5000
00014185,100,2025-11-09,0
00014186,100,2025-05-22,0
00014187,100,2024-09-15,0
00014188,100,2025-05-04,0
00014189,500,2024-03-14,0
00014190,200,2025-11-28,2000
00014191,150,2024-11-24,0
00014192,50,2024-08-29,250
00014193,500,2025-05-24,0
00014194,500,2022-07-16,0
00014195,500,2023-01-10,0
00014196,200,2022-01-20,1000
00014197,500,2023-05-22,0
00014198,50,2023-03-11,0
00014199,200,2024-11-09,0
00014200,200,2023-06-21,0
00014201,100,2022-05-12,0
00014202,500,2025-01-02,0
00014203,150,2024-10-20,0
00014204,100,2025-05-29,0
00014205,500,2023-06-29,0
00014206,150,2022-05-10,0
00014207,150,2024-04-27,0
00014208,200,2024-06-11,0
00014209,150,2023-11-20,0
00014210,100,2022-11-14,0
00014211,150,2024-01-11,0
00014212,500,2023-10-24,0
00014213,50,2024-06-14,0
00014214,100,2022-10-30,0
00014215,100,2025-05-30,0
00014216,100,2024-01-01,0
00014217,500,2024-06-17,0
00014218,200,2022-08-01,0
00014219,100,2023-12-20,0
00014220,500,2025-08-21,0
00014221,200,2022-11-17,0
00014222,150,2024-10-18,0
00014223,150,2025-10-16,0
00014224,50,2024-07-20,0
00014225,500,2023-05-18,0
00014226,50,2022-09-09,0
00014227,150,2025-11-02,100000
00014228,50,2025-01-10,0
00014229,200,2023-09-28,0
00014230,150,2022-02-22,0
00014231,150,2025-01-16,0
00014232,50,2023-10-18,0
00014233,50,2022-01-04,0
00014234,500,2025-10-25,0
00014235,200,2025-05-02,0
00014236,150,2023-06-04,0
00014237,50,2025-04-19,0
00014238,500,2025-01-27,0
00014239,200,2023-02-02,0
00014240,150,2024-03-06,0
00014241,100,2023-03-26,0
00014242,200,2024-06-25,0
00014243,500,2024-04-16,0
00014244,100,2024-09-09,0
00014245,100,2022-11-16,0
00014246,200,2022-12-15,0
00014247,500,2022-06-02,0
00014248,100,2023-03-24,0
00014249,100,2025-01-30,0
00014250,200,2023-05-17,0
00014251,150,2022-04-13,0
00014252,100,2022-08-25,0
00014253,50,2023-10-17,0
00014254,50,2023-06-02,0
00014255,200,2022-02-24,0
00014256,500,2024-05-24,0
00014257,50,2023-07-07,0
00014258,500,2024-09-23,0
00014259,200,2024-02-13,100000
00014260,150,2025-04-04,0
00014261,500,2022-07-10,0
00014262,150,2024-09-19,0
00014263,100,2024-03-07,0
00014264,100,2025-06-11,0
00014265,500,2024-12-15,0
00014266,200,2023-09-06,0
00014267,500,2025-10-30,0
00014268,150,2024-07-16,0
00014269,50,2025-07-17,0
00014270,150,2023-06-22,0
00014271,500,2024-03-10,50000
00014272,100,2025-03-02,0
00014273,150,2024-09-07,0
00014274,200,2024-09-16,0
00014275,200,2025-08-04,0
00014276,100,2023-04-01,0
00014277,500,2024-07-21,0
00014278,200,2022-05-29,0
00014279,500,2022-06-16,0
00014280,500,2024-11-29,0
00014281,150,2024-10-06,0
00014282,500,2023-03-29,0
00014283,100,2025-05-02,100
00014284,50,2023-10-25,0
00014285,150,2023-08-11,0
00014286,50,2024-06-16,0
00014287,150,2025-02-01,0
00014288,50,2023-10-23,0
00014289,50,2025-03-16,0
00014290,150,2023-01-14,0
00014291,100,2025-09-08,0
00014292,200,2022-07-31,0
00014293,100,2025-06-03,0
00014294,50,2024-04-12,0
00014295,100,2024-02-01,0
00014296,100,2024-01-25,0
00014297,200,2023-10-05,0
00014298,500,2025-10-05,0
00014299,500,2024-03-21,0
00014300,100,2024-10-28,0
00014301,50,2025-05-02,0
00014302,50,2024-12-11,0
00014303,200,2025-07-12,0
00014304,200,2024-10-29,0
00014305,500,2022-10-27,0
00014306,200,2023-01-25,0
00014307,200,2023-05-22,20000
00014308,200,2023-03-26,0
00014309,500,2023-05-22,0
00014310,200,2024-04-23,20000
00014311,500,2024-10-18,0
00014312,150,2023-11-18,0
00014313,50,2025-11-06,0
00014314,150,2024-01-16,0
00014315,200,2025-12-13,0
00014316,200,2022-11-18,0
00014317,50,2025-11-06,5000
00014318,500,2023-04-19,0
00014319,100,2024-04-08,0
00014320,200,2024-11-24,0
00014321,150,2024-03-01,0
00014322,150,2025-06-26,0
00014323,50,2023-12-21,0
00014324,50,2022-05-19,0
00014325,150,2023-02-21,0
00014326,200,2022-12-04,0
00014327,150,2025-02-07,100000
00014328,500,2024-07-31,0
00014329,500,2025-10-06,0
00014330,50,2024-10-10,0
00014331,150,2023-02-15,0
00014332,50,2024-01-17,0
00014333,200,2023-11-25,0
00014334,200,2022-10-18,0
00014335,100,2025-06-22,0
00014336,50,2024-07-17,0
00014337,50,2023-12-17,250
00014338,50,2024-04-17,0
00014339,200,2023-01-08,1000
00014340,500,2022-08-07,0
00014341,500,2023-05-12,0
00014342,50,2023-01-11,0
00014343,500,2023-11-15,0
00014344,500,2025-02-14,0
00014345,50,2023-08-15,0
00014346,500,2022-12-16,0
00014347,100,2024-08-26,0
00014348,100,2022-01-06,0
00014349,200,2025-11-11,0
00014350,50,2024-12-19,0
00014351,100,2022-03-10,0
00014352,150,2025-10-31,0
00014353,100,2024-05-20,0
00014354,500,2022-09-11,0
00014355,100,2023-02-12,0
00014356,200,2023-11-20,0
00014357,50,2024-03-28,0
00014358,150,2023-12-18,0
00014359,200,2023-05-14,0
00014360,150,2023-08-19,0
00014361,50,2023-10-15,0
00014362,200,2024-09-12,0
00014363,100,2023-12-26,0
00014364,150,2022-03-22,0
00014365,500,2025-08-26,0
00014366,500,2025-01-27,100000
00014367,150,2023-10-29,0
00014368,100,2023-03-09,0
00014369,500,2023-08-21,0
00014370,200,2025-07-12,0
00014371,500,2022-02-13,0
00014372,50,2022-02-03,0
00014373,50,2024-01-28,5000
00014374,150,2025-04-02,0
00014375,200,2024-02-16,200
00014376,200,2025-10-25,0
00014377,50,2023-12-05,0
00014378,200,2024-06-13,2000
00014379,50,2025-12-14,0
00014380,150,2022-04-03,1500
00014381,150,2025-02-04,0
00014382,500,2025-04-17,0
00014383,200,2022-02-17,0
00014384,500,2025-06-29,0
00014385,200,2023-09-28,0
00014386,150,2025-07-01,0
00014387,200,2025-08-22,0
00014388,500,2022-03-25,0
00014389,100,2025-09-04,0
00014390,500,2023-03-22,0
00014391,200,2022-10-14,0
00014392,150,2024-01-14,0
00014393,500,2022-07-19,0
00014394,500,2023-03-29,0
00014395,50,2023-08-31,0
00014396,100,2023-06-18,0
00014397,500,2025-07-15,0
00014398,200,2024-04-02,0
00014399,500,2022-03-14,0
00014400,50,2023-06-17,0
00014401,500,2025-12-25,0
00014402,150,2025-12-07,0
00014403,500,2025-01-18,0
00014404,200,2024-10-12,0
00014405,150,2022-08-02,0
00014406,500,2024-02-11,0
00014407,200,2022-04-15,0
00014408,500,2024-07-06,0
00014409,200,2022-01-29,0
00014410,500,2022-08-25,0
00014411,200,2024-12-28,0
00014412,50,2023-04-02,0
00014413,100,2025-07-07,0
00014414,200,2025-05-19,0
00014415,100,2025-01-30,100
00014416,50,2024-02-20,0
00014417,150,2024-04-17,0
00014418,100,2024-01-28,0
00014419,50,2022-11-14,0
00014420,100,2024-05-13,0
00014421,200,2024-04-04,0
00014422,200,2024-03-19,0
00014423,100,2025-04-11,0
00014424,200,2025-08-01,0
00014425,150,2024-09-27,0
00014426,50,2025-02-11,100000
00014427,500,2025-06-17,0
00014428,50,2024-08-12,0
00014429,100,2022-07-03,0
00014430,200,2022-07-12,0
00014431,50,2023-07-23,0
00014432,50,2023-06-27,0
00014433,150,2024-07-06,15000
00014434,150,2022-03-17,0
00014435,150,2022-08-03,0
00014436,200,2023-06-20,0
00014437,150,2025-10-29,0
00014438,100,2025-05-12,0
00014439,200,2025-05-05,0
00014440,150,2023-06-11,100000
00014441,50,2023-03-25,0
00014442,200,2025-02-16,100000
00014443,500,2024-09-20,0
00014444,100,2022-02-12,0
00014445,500,2023-01-29,0
00014446,500,2024-03-14,0
00014447,100,2023-10-02,0
00014448,200,2025-10-04,0
00014449,200,2023-07-31,0
00014450,50,2023-09-29,0
00014451,150,2022-01-07,0
00014452,200,2025-11-21,0
00014453,150,2023-01-27,0
00014454,150,2023-12-25,0
00014455,50,2025-02-14,0
00014456,200,2022-11-09,0
00014457,100,2024-12-28,0
00014458,50,2025-11-09,0
00014459,50,2022-01-19,0
00014460,150,2023-07-14,0
00014461,150,2022-10-17,0
00014462,150,2022-01-14,0
00014463,500,2024-10-27,0
00014464,500,2023-07-15,0
00014465,500,2022-12-19,0
00014466,200,2022-11-17,0
00014467,100,2024-03-12,0
00014468,150,2022-03-08,0
00014469,100,2025-09-06,0
00014470,200,2024-12-20,0
00014471,100,2022-11-07,0
00014472,100,2024-07-13,0
00014473,100,2024-04-18,0
00014474,200,2024-05-29,0
00014475,200,2025-06-12,0
00014476,500,2024-11-07,0
00014477,500,2025-07-23,0
00014478,200,2025-01-05,0
00014479,200,2023-08-26,0
00014480,100,2025-03-23,0
00014481,500,2025-06-04,0
00014482,50,2023-02-17,0
00014483,150,2025-07-28,0
00014484,100,2024-04-05,0
00014485,150,2025-12-23,0
00014486,50,2025-11-07,0
00014487,200,2025-08-22,0
00014488,200,2025-08-16,0
00014489,100,2022-03-07,0
00014490,200,2022-09-10,0
00014491,100,2022-08-08,0
00014492,500,2022-01-31,0
00014493,150,2022-03-26,0
00014494,500,2025-10-25,0
00014495,100,2023-02-13,0
00014496,150,2025-09-23,0
00014497,50,2024-11-14,5000
00014498,200,2023-07-27,0
00014499,50,2022-11-19,0
00014500,100,2025-01-06,100
00014501,500,2023-03-31,0
00014502,500,2025-08-12,0
00014503,100,2022-05-28,0
00014504,150,2025-09-30,0
00014505,500,2024-09-18,0
00014506,50,2024-01-07,0
00014507,150,2022-06-27,0
00014508,500,2022-06-22,50000
00014509,200,2022-01-26,0
00014510,100,2023-04-28,0
00014511,150,2022-05-03,0
00014512,50,2022-10-17,0
00014513,100,2022-10-21,0
00014514,200,2025-02-04,0
00014515,100,2022-10-24,0
00014516,150,2022-08-03,0
00014517,500,2025-11-27,0
00014518,200,2025-08-06,1000
00014519,150,2022-03-30,0
00014520,100,2022-05-14,1000
00014521,50,2022-06-08,0
00014522,200,2025-06-10,0
00014523,200,2025-08-27,1000
00014524,500,2024-12-08,100000
00014525,500,2024-09-05,0
00014526,100,2024-05-15,0
00014527,200,2024-02-06,100000
00014528,100,2024-05-07,0
00014529,200,2025-02-15,0
00014530,100,2022-08-21,0
00014531,200,2023-04-08,0
00014532,100,2022-04-21,0
00014533,200,2022-06-19,0
00014534,100,2025-03-30,100000
00014535,50,2025-05-19,0
00014536,100,2022-02-23,0
00014537,150,2025-09-23,0
00014538,200,2022-03-23,0
00014539,100,2025-08-28,0
00014540,200,2023-08-08,0
00014541,150,2025-08-30,0
00014542,500,2024-12-30,0
00014543,500,2022-12-18,2500
00014544,200,2023-04-13,0
00014545,150,2022-12-23,0
00014546,100,2022-12-21,0
00014547,200,2025-10-05,0
00014548,150,2023-06-09,1500
00014549,500,2025-10-05,0
00014550,100,2025-02-01,0
00014551,150,2024-09-29,0
00014552,150,2023-08-21,0
00014553,50,2024-11-02,0
00014554,150,2024-01-10,0
00014555,200,2025-01-23,20000
00014556,500,2022-12-22,0
00014557,150,2024-05-27,0
00014558,200,2025-05-11,0
00014559,100,2024-09-06,0
00014560,150,2025-07-31,0
00014561,50,2023-07-28,0
00014562,150,2025-01-19,0
00014563,200,2024-01-10,20000
00014564,200,2022-03-06,0
00014565,50,2023-01-21,0
00014566,100,2022-07-14,0
00014567,50,2023-04-10,0
00014568,500,2025-12-18,0
00014569,150,2023-01-31,0
00014570,50,2024-02-07,0
00014571,500,2024-05-11,0
00014572,50,2022-04-10,5000
00014573,50,2022-07-05,0
00014574,100,2023-03-04,0
00014575,50,2024-06-09,0
00014576,100,2024-02-24,100000
00014577,100,2022-06-08,0
00014578,150,2022-09-25,0
00014579,200,2023-04-10,0
00014580,200,2022-07-13,0
00014581,500,2022-11-16,0
00014582,50,2022-05-11,0
00014583,200,2022-09-05,0
00014584,500,2023-08-28,0
00014585,150,2022-04-05,0
00014586,50,2025-05-21,0
00014587,500,2024-01-12,500
00014588,500,2025-12-24,5000
00014589,200,2024-06-22,0
00014590,100,2025-07-29,0
00014591,200,2023-04-08,0
00014592,150,2022-06-28,0
00014593,200,2023-05-04,0
00014594,150,2022-08-13,0
00014595,50,2022-11-04,0
00014596,500,2024-02-10,0
00014597,50,2022-04-22,0
00014598,150,2024-05-17,1500
00014599,500,2022-12-10,0
00014600,150,2024-07-01,0
00014601,150,2022-06-16,0
00014602,500,2022-03-31,0
00014603,50,2024-10-17,0
00014604,100,2022-09-21,0
00014605,500,2025-06-19,0
00014606,200,2025-11-22,0
00014607,150,2022-12-01,0
00014608,50,2023-10-09,0
00014609,500,2025-07-02,0
00014610,500,2025-05-03,0
00014611,50,2024-04-01,0
00014612,500,2023-05-26,500
00014613,150,2022-08-21,1500
00014614,100,2023-06-23,0
00014615,150,2025-12-08,0
00014616,150,2024-01-17,0
00014617,200,2024-06-19,0
00014618,100,2024-06-27,10000
00014619,150,2022-07-09,0
00014620,50,2025-10-29,0
00014621,500,2023-10-20,0
00014622,150,2025-09-02,1500
00014623,200,2022-01-11,0
00014624,50,2022-09-08,0
00014625,50,2024-10-06,0
00014626,50,2024-08-03,50
00014627,100,2025-08-24,0
00014628,50,2022-08-01,0
00014629,200,2023-03-13,0
00014630,50,2025-09-23,0
00014631,50,2024-07-20,0
00014632,100,2023-10-14,0
00014633,200,2024-01-03,0
00014634,200,2023-06-16,200
00014635,500,2022-05-11,0
00014636,150,2023-08-19,0
00014637,200,2022-04-28,0
00014638,200,2025-02-06,0
00014639,100,2023-08-19,10000
00014640,150,2023-02-26,0
00014641,100,2023-09-13,0
00014642,50,2022-09-08,0
00014643,200,2023-10-12,0
00014644,200,2024-06-12,0
00014645,500,2022-10-26,0
00014646,50,2025-08-12,0
00014647,150,2022-09-16,0
00014648,50,2024-05-15,0
00014649,150,2024-03-30,100000
00014650,500,2023-12-14,5000
00014651,500,2022-11-01,0
00014652,200,2024-03-11,0
00014653,50,2024-10-11,0
00014654,150,2023-10-28,0
00014655,100,2022-07-21,0
00014656,150,2025-04-03,0
00014657,50,2024-05-30,500
00014658,150,2022-07-31,750
00014659,200,2025-08-30,0
00014660,100,2025-08-07,0
00014661,200,2023-05-11,0
00014662,50,2024-10-13,0
00014663,50,2025-08-01,0
00014664,200,2025-03-26,0
00014665,150,2024-07-16,0
00014666,50,2022-08-17,0
00014667,500,2023-04-11,0
00014668,150,2022-08-07,0
00014669,150,2025-07-22,0
00014670,150,2025-08-01,0
00014671,150,2024-10-17,0
00014672,150,2025-12-08,0
00014673,500,2024-08-18,0
00014674,500,2024-09-05,50000
00014675,500,2024-01-08,0
00014676,150,2023-05-10,15000
00014677,150,2022-04-10,0
00014678,50,2025-02-28,0
00014679,50,2022-06-19,0
00014680,50,2024-11-27,0
00014681,200,2025-02-14,0
00014682,200,2023-07-05,0
00014683,500,2024-01-05,0
00014684,50,2023-11-02,0
00014685,150,2022-03-08,0
00014686,200,2025-03-14,0
00014687,50,2024-12-22,0
00014688,100,2024-03-10,0
00014689,50,2024-03-23,0
00014690,500,2025-05-25,0
00014691,100,2023-08-13,100
00014692,50,2025-05-07,0
00014693,150,2022-03-14,0
00014694,200,2022-12-30,0
00014695,500,2025-08-16,0
00014696,500,2022-02-23,0
00014697,500,2025-09-05,100000
00014698,100,2022-07-02,0
00014699,100,2025-09-29,0
00014700,200,2025-04-08,0
00014701,100,2025-02-09,0
00014702,100,2023-03-06,0
00014703,50,2023-01-15,0
00014704,200,2024-10-17,0
00014705,50,2025-11-14,0
00014706,100,2024-11-29,0
00014707,200,2022-09-10,0
00014708,200,2025-12-03,0
00014709,150,2022-07-08,0
00014710,100,2024-10-14,0
00014711,200,2023-01-22,0
00014712,150,2025-08-25,0
00014713,200,2023-06-05,0
00014714,50,2025-10-16,0
00014715,100,2022-01-25,0
00014716,100,2022-03-13,0
00014717,100,2024-09-12,0
00014718,150,2025-08-23,0
00014719,50,2025-06-18,0
00014720,150,2022-10-21,0
00014721,150,2025-03-06,0
00014722,150,2023-04-09,0
00014723,50,2025-03-22,0
00014724,500,2024-10-03,0
00014725,500,2023-04-04,0
00014726,100,2024-09-27,0
00014727,500,2023-12-15,0
00014728,100,2024-12-02,0
00014729,50,2024-05-14,0
00014730,50,2022-09-19,0
00014731,50,2023-05-06,0
00014732,50,2025-09-13,0
00014733,50,2023-05-06,0
00014734,50,2022-08-07,500
00014735,100,2024-02-03,0
00014736,50,2022-12-31,0
00014737,200,2025-03-27,0
00014738,500,2023-08-14,0
00014739,50,2022-12-16,0
00014740,100,2023-01-07,0
00014741,100,2022-03-10,0
00014742,100,2024-12-08,0
00014743,200,2022-05-02,0
00014744,500,2023-09-16,0
00014745,50,2023-05-25,0
00014746,500,2023-12-25,0
00014747,200,2024-11-29,0
00014748,500,2022-12-14,0
00014749,50,2024-05-18,0
00014750,500,2023-01-16,0
00014751,50,2024-11-22,100000
00014752,100,2024-07-03,100
00014753,500,2023-04-20,50000
00014754,500,2023-09-10,0
00014755,500,2025-01-20,0
00014756,100,2025-01-11,10000
00014757,150,2025-08-24,0
00014758,100,2025-01-18,0
00014759,100,2023-03-04,0
00014760,150,2025-03-23,0
00014761,100,2023-09-20,0
00014762,150,2023-09-24,15000
00014763,50,2022-02-01,0
00014764,100,2023-12-31,0
00014765,500,2024-11-28,0
00014766,100,2023-06-25,0
00014767,50,2025-09-28,0
00014768,500,2022-02-26,0
00014769,100,2025-03-02,0
00014770,100,2024-11-25,0
00014771,50,2022-10-07,0
00014772,500,2023-07-29,0
00014773,500,2025-02-07,0
00014774,150,2024-11-21,0
00014775,150,2023-03-25,0
00014776,150,2024-05-22,0
00014777,50,2023-10-20,0
00014778,100,2023-03-20,0
00014779,200,2022-02-03,0
00014780,200,2025-10-26,0
00014781,50,2025-08-13,0
00014782,200,2023-03-13,0
00014783,100,2022-07-05,100
00014784,200,2025-11-28,200
00014785,500,2023-11-12,0
00014786,100,2022-02-22,0
00014787,200,2023-02-25,0
00014788,100,2023-06-08,0
00014789,100,2024-09-25,0
00014790,50,2024-08-13,250
00014791,200,2025-03-17,0
00014792,100,2022-02-26,0
00014793,500,2025-04-04,0
00014794,50,2022-01-30,0
00014795,150,2024-11-25,0
00014796,200,2022-10-22,0
00014797,200,2023-01-09,0
00014798,200,2025-11-19,0
00014799,150,2024-06-02,0
00014800,200,2023-05-15,0
00014801,150,2022-05-05,0
00014802,150,2022-10-03,0
00014803,500,2022-02-19,0
00014804,100,2024-02-27,0
00014805,200,2025-07-02,0
00014806,100,2022-02-19,0
00014807,100,2022-03-12,0
00014808,200,2025-01-28,0
00014809,500,2022-02-16,0
00014810,150,2025-11-25,0
00014811,150,2022-01-23,0
00014812,500,2022-07-22,0
00014813,200,2025-01-10,0
00014814,150,2023-07-23,0
00014815,150,2025-12-12,0
00014816,500,2022-06-12,0
00014817,200,2023-06-24,0
00014818,100,2022-03-10,0
00014819,150,2022-04-24,0
00014820,150,2022-06-23,0
00014821,150,2025-11-15,0
00014822,200,2024-09-18,0
00014823,150,2022-01-20,0
00014824,100,2022-04-10,0
00014825,200,2025-08-15,0
00014826,150,2025-05-16,0
00014827,100,2022-03-14,0
00014828,50,2022-05-27,0
00014829,150,2025-07-09,150
00014830,150,2025-07-12,0
00014831,200,2025-07-14,0
00014832,500,2022-05-28,0
00014833,150,2024-06-06,0
00014834,500,2023-06-12,500
00014835,50,2022-03-24,0
00014836,50,2022-02-16,0
00014837,200,2023-06-06,0
00014838,150,2025-06-30,0
00014839,500,2023-03-09,0
00014840,500,2024-06-21,0
00014841,150,2024-04-12,100000
00014842,500,2025-05-24,0
00014843,150,2024-03-22,0
00014844,150,2024-06-27,0
00014845,50,2023-01-30,0
00014846,200,2025-05-18,0
00014847,50,2022-07-02,0
00014848,50,2022-12-16,0
00014849,50,2024-02-26,0
00014850,150,2022-05-03,0
00014851,50,2024-01-24,0
00014852,500,2022-02-16,0
00014853,50,2023-11-24,0
00014854,200,2022-05-25,0
00014855,150,2022-05-26,0
00014856,150,2024-09-12,0
00014857,200,2025-09-16,0
00014858,100,2022-07-27,0
00014859,100,2022-11-17,0
00014860,50,2025-04-10,0
00014861,200,2022-04-29,0
00014862,150,2024-02-09,100000
00014863,150,2023-08-23,0
00014864,500,2024-05-08,0
00014865,500,2025-05-28,0
00014866,100,2023-05-30,0
00014867,50,2025-09-22,0
00014868,100,2024-11-07,0
00014869,50,2022-06-30,0
00014870,100,2024-06-28,0
00014871,150,2025-10-30,0
00014872,200,2025-12-29,0
00014873,100,2025-03-30,0
00014874,150,2025-03-22,1500
00014875,150,2024-12-21,0
00014876,500,2023-09-19,500
00014877,500,2025-09-14,0
00014878,150,2025-01-19,0
00014879,200,2023-04-26,0
00014880,500,2022-11-13,0
00014881,150,2025-02-21,0
00014882,500,2024-10-09,0
00014883,200,2023-05-15,0
00014884,200,2024-05-06,0
00014885,500,2024-08-20,0
00014886,200,2024-12-23,1000
00014887,150,2022-10-31,0
00014888,500,2022-07-24,0
00014889,200,2022-09-09,0
00014890,500,2025-03-16,0
00014891,200,2024-06-10,0
00014892,200,2024-05-20,0
00014893,200,2022-04-28,0
00014894,50,2025-04-19,0
00014895,100,2024-01-18,0
00014896,150,2022-09-16,0
00014897,500,2023-03-08,0
00014898,200,2025-04-01,0
00014899,50,2024-12-23,0
00014900,200,2024-07-05,0
00014901,50,2022-02-23,0
00014902,200,2023-03-12,0
00014903,500,2025-08-28,0
00014904,200,2024-09-20,2000
00014905,150,2024-07-01,0
00014906,200,2022-08-16,0
00014907,150,2024-07-11,0
00014908,200,2022-04-24,0
00014909,150,2022-02-07,0
00014910,150,2024-01-25,0
00014911,150,2025-06-19,0
00014912,500,2025-11-18,0
00014913,500,2023-10-19,0
00014914,150,2022-09-28,0
00014915,100,2024-10-01,0
00014916,150,2025-01-30,0
00014917,150,2023-11-21,0
00014918,200,2024-03-10,0
00014919,200,2023-03-08,0
00014920,150,2025-11-13,0
00014921,100,2022-01-07,0
00014922,150,2022-02-24,0
00014923,150,2023-03-18,0
00014924,200,2022-11-25,0
00014925,200,2022-09-25,0
00014926,100,2024-08-30,0
00014927,150,2025-10-08,0
00014928,500,2024-10-16,100000
00014929,500,2023-07-13,0
00014930,100,2025-08-14,0
00014931,200,2022-02-16,0
00014932,200,2025-06-03,0
00014933,100,2024-08-09,0
00014934,150,2023-06-26,0
00014935,500,2023-08-08,0
00014936,150,2022-04-05,15000
00014937,500,2024-03-26,0
00014938,200,2023-12-28,0
00014939,200,2024-08-14,0
00014940,150,2022-10-13,0
00014941,50,2024-05-10,0
00014942,500,2022-05-13,0
00014943,200,2023-01-31,0
00014944,200,2025-04-06,0
00014945,200,2022-12-22,0
00014946,100,2023-12-07,10000
00014947,500,2022-06-01,0
00014948,500,2024-09-02,0
00014949,200,2025-07-03,0
00014950,100,2022-04-20,0
00014951,50,2022-02-13,0
00014952,100,2023-03-18,0
00014953,150,2025-04-01,750
00014954,200,2023-09-06,0
00014955,200,2025-03-21,0
00014956,100,2023-07-25,0
00014957,50,2025-02-04,5000
00014958,500,2025-08-01,0
00014959,500,2025-06-09,0
00014960,100,2025-03-18,0
00014961,200,2023-06-23,200
00014962,50,2025-01-15,0
00014963,200,2025-05-12,0
00014964,150,2024-06-09,0
00014965,500,2023-12-16,500
00014966,100,2022-02-26,0
00014967,100,2025-02-26,0
00014968,50,2024-01-23,0
00014969,200,2024-06-04,0
00014970,500,2023-06-04,0
00014971,500,2023-08-18,0
00014972,500,2025-10-15,0
00014973,200,2024-01-02,0
00014974,150,2022-11-22,0
00014975,150,2024-02-28,0
00014976,200,2023-05-10,0
00014977,500,2025-07-14,0
00014978,50,2023-05-14,250
00014979,200,2024-08-30,0
00014980,50,2024-07-18,0
00014981,50,2024-04-01,0
00014982,50,2023-11-07,0
00014983,100,2024-05-19,0
00014984,500,2022-10-26,0
00014985,150,2025-10-15,0
00014986,500,2023-05-19,0
00014987,100,2024-03-19,0
00014988,200,2025-12-19,0
00014989,100,2024-11-10,0
00014990,500,2025-03-12,0
00014991,500,2022-06-12,0
00014992,500,2024-06-12,0
00014993,500,2024-09-25,0
00014994,200,2025-01-07,0
00014995,500,2022-06-20,500
00014996,200,2024-02-17,0
00014997,100,2025-05-07,0
00014998,500,2024-02-20,0
00014999,150,2022-07-25,0
00015000,200,2023-03-28,100000
00015001,50,2022-10-16,50
00015002,150,2022-06-08,0
00015003,50,2024-07-31,0
00015004,500,2022-05-22,0
00015005,150,2023-05-26,0
00015006,100,2024-07-23,500
00015007,200,2024-01-17,0
00015008,50,2023-08-20,0
00015009,100,2024-01-03,0
00015010,50,2025-04-07,0
00015011,100,2022-05-10,0
00015012,50,2022-08-22,0
00015013,500,2023-09-11,0
00015014,200,2023-04-07,0
00015015,50,2023-03-25,0
00015016,50,2025-11-29,0
00015017,200,2023-07-18,0
00015018,50,2024-07-12,0
00015019,50,2024-10-20,0
00015020,50,2023-01-14,0
00015021,200,2023-03-13,0
00015022,100,2025-05-04,0
00015023,50,2022-06-20,0
00015024,50,2022-07-20,0
00015025,150,2025-03-04,0
00015026,100,2022-06-07,0
00015027,500,2025-06-16,0
00015028,100,2025-10-19,0
00015029,50,2022-01-01,0
00015030,100,2024-12-09,0
00015031,150,2025-11-19,0
00015032,200,2022-04-19,0
00015033,150,2022-06-24,0
00015034,150,2023-05-27,0
00015035,50,2023-07-21,0
00015036,50,2022-05-12,0
00015037,50,2022-03-08,0
00015038,150,2022-04-18,1500
00015039,100,2022-05-24,0
00015040,500,2023-11-03,0
00015041,200,2022-04-30,0
00015042,100,2024-09-13,0
00015043,100,2025-12-10,0
00015044,200,2024-09-19,0
00015045,200,2022-04-12,0
00015046,150,2024-10-25,0
00015047,150,2024-02-10,0
00015048,200,2023-12-18,2000
00015049,100,2023-01-03,0
00015050,150,2022-04-27,0
00015051,150,2025-09-19,0
00015052,500,2024-04-29,0
00015053,200,2023-11-23,0
00015054,50,2024-11-27,0
00015055,200,2022-08-12,0
00015056,150,2025-02-24,0
00015057,50,2024-02-23,100000
00015058,50,2022-06-04,0
00015059,150,2023-12-27,0
00015060,50,2025-02-14,0
00015061,200,2025-01-28,0
00015062,150,2022-04-06,0
00015063,150,2022-07-07,0
00015064,150,2022-10-09,0
00015065,150,2022-10-24,0
00015066,200,2025-07-12,100000
00015067,50,2025-12-04,0
00015068,50,2022-05-13,0
00015069,50,2023-04-11,0
00015070,500,2025-09-09,0
00015071,100,2024-04-21,0
00015072,500,2024-06-28,2500
00015073,150,2022-05-09,0
00015074,500,2025-09-24,0
00015075,150,2022-11-03,0
00015076,50,2024-06-30,0
00015077,500,2022-06-10,0
00015078,50,2022-04-01,0
00015079,50,2023-06-27,0
00015080,150,2025-03-27,0
00015081,100,2025-05-05,0
00015082,200,2024-03-12,0
00015083,50,2025-10-31,500
00015084,50,2024-07-29,0
00015085,150,2022-03-19,15000
00015086,200,2022-01-29,20000
00015087,150,2022-08-16,0
00015088,500,2022-01-13,50000
00015089,200,2025-02-07,0
00015090,500,2023-08-05,0
00015091,150,2024-07-24,0
00015092,500,2025-07-04,0
00015093,200,2024-09-14,0
00015094,200,2024-05-26,0
00015095,50,2025-05-22,0
00015096,100,2025-02-07,0
00015097,150,2025-04-15,0
00015098,150,2023-02-25,100000
00015099,100,2022-08-15,0
00015100,200,2022-12-28,0
00015101,500,2024-09-20,0
00015102,100,2024-05-15,0
00015103,200,2023-07-29,0
00015104,50,2024-12-08,0
00015105,50,2022-12-16,0
00015106,50,2023-12-09,0
00015107,150,2023-08-10,0
00015108,200,2025-04-25,0
00015109,500,2025-01-09,2500
00015110,100,2023-12-02,0
00015111,100,2022-05-05,0
00015112,200,2022-07-16,0
00015113,500,2025-01-10,5000
00015114,200,2025-09-09,200
00015115,200,2025-08-22,0
00015116,50,2025-08-31,0
00015117,100,2024-07-26,1000
00015118,150,2025-06-21,0
00015119,500,2022-08-05,0
00015120,200,2024-06-16,0
00015121,50,2024-06-11,0
00015122,100,2025-03-18,0
00015123,150,2025-01-14,0
00015124,100,2024-03-01,0
00015125,50,2022-09-29,0
00015126,100,2024-02-09,0
00015127,100,2022-10-23,0
00015128,500,2022-10-31,0
00015129,150,2024-01-07,100000
00015130,50,2024-03-04,0
00015131,50,2025-06-08,0
00015132,200,2023-02-23,0
00015133,500,2024-10-16,0
00015134,500,2023-02-14,0
00015135,150,2022-08-29,0
00015136,50,2025-08-03,5000
00015137,150,2025-01-10,0
00015138,150,2023-05-09,0
00015139,500,2023-04-19,0
00015140,50,2023-07-21,0
00015141,100,2025-12-07,0
00015142,200,2022-01-03,0
00015143,500,2025-11-27,0
00015144,200,2022-03-20,0
00015145,500,2025-10-31,0
00015146,150,2025-07-01,0
00015147,150,2023-08-02,0
00015148,500,2022-04-15,0
00015149,150,2025-02-09,0
00015150,50,2023-06-23,0
00015151,100,2024-09-27,0
00015152,500,2022-02-18,0
00015153,200,2024-05-21,0
00015154,50,2023-01-21,50
00015155,150,2025-07-15,0
00015156,50,2025-06-30,0
00015157,150,2024-10-02,0
00015158,200,2023-03-06,0
00015159,500,2022-01-01,0
00015160,100,2024-09-19,0
00015161,200,2022-11-24,0
00015162,500,2023-10-29,0
00015163,200,2022-12-02,0
00015164,100,2023-01-12,500
00015165,500,2024-01-09,5000
00015166,50,2022-08-28,0
00015167,100,2023-06-02,0
00015168,50,2024-06-15,0
00015169,200,2025-10-09,0
00015170,150,2022-01-28,0
00015171,50,2023-03-03,0
00015172,500,2025-11-17,0
00015173,500,2025-07-24,0
00015174,500,2022-02-20,0
00015175,50,2023-08-16,0
00015176,50,2025-12-31,0
00015177,50,2024-10-05,0
00015178,50,2023-07-17,0
00015179,150,2022-05-19,0
00015180,500,2025-05-21,0
00015181,100,2023-03-19,0
00015182,100,2024-08-26,0
00015183,500,2022-10-25,0
00015184,200,2025-02-24,0
00015185,500,2023-06-28,0
00015186,500,2024-08-11,0
00015187,100,2022-03-28,0
00015188,100,2025-10-13,0
00015189,100,2025-05-19,100
00015190,150,2024-04-25,0
00015191,50,2024-06-17,500
00015192,50,2023-02-21,0
00015193,500,2023-09-01,0
00015194,100,2025-08-14,0
00015195,50,2025-03-08,0
00015196,200,2024-03-08,0
00015197,100,2024-06-01,0
00015198,200,2023-12-18,0
00015199,100,2022-06-22,0
00015200,150,2025-11-20,0
00015201,150,2024-02-03,0
00015202,500,2022-08-29,0
00015203,500,2025-04-10,0
00015204,50,2023-08-25,0
00015205,100,2025-08-30,0
00015206,50,2024-12-29,0
00015207,500,2025-03-31,0
00015208,200,2023-04-13,0
00015209,50,2022-09-21,0
00015210,150,2022-11-15,0
00015211,100,2023-05-08,0
00015212,500,2024-12-11,0
00015213,100,2022-08-01,0
00015214,200,2022-01-09,0
00015215,150,2022-02-25,0
00015216,100,2024-10-12,100
00015217,50,2023-09-28,0
00015218,500,2024-06-10,0
00015219,200,2024-11-20,0
00015220,50,2024-10-20,0
00015221,200,2022-03-29,0
00015222,200,2023-10-07,0
00015223,500,2025-05-26,0
00015224,200,2023-02-19,0
00015225,50,2024-01-01,0
00015226,200,2023-02-01,0
00015227,500,2024-12-12,0
00015228,100,2023-02-17,0
00015229,50,2025-03-01,0
00015230,50,2025-05-31,0
00015231,500,2025-01-15,0
00015232,200,2024-10-20,20000
00015233,150,2022-07-23,0
00015234,200,2022-10-11,0
00015235,500,2024-11-04,0
00015236,200,2023-01-21,0
00015237,500,2025-11-05,0
00015238,50,2024-05-17,0
00015239,500,2024-03-04,50000
00015240,200,2024-10-29,0
00015241,500,2022-05-10,0
00015242,100,2024-09-23,0
00015243,150,2022-12-01,0
00015244,500,2025-10-08,0
00015245,150,2024-10-28,0
00015246,200,2025-01-23,0
00015247,200,2025-05-07,0
00015248,150,2022-07-26,0
00015249,500,2024-07-23,0
00015250,200,2022-01-18,0
00015251,50,2025-02-15,250
00015252,150,2025-02-18,0
00015253,500,2025-01-23,0
00015254,150,2023-06-14,0
00015255,500,2024-07-22,0
00015256,50,2023-07-11,0
00015257,500,2023-05-21,0
00015258,200,2023-10-14,0
00015259,200,2025-07-23,0
00015260,50,2023-01-10,50
00015261,500,2025-11-09,50000
00015262,200,2023-09-02,100000
00015263,500,2024-09-02,0
00015264,150,2023-04-01,0
00015265,500,2024-10-18,0
00015266,50,2025-12-10,0
00015267,500,2022-12-21,0
00015268,150,2025-12-16,0
00015269,100,2024-06-17,0
00015270,200,2024-12-13,0
00015271,50,2023-08-12,0
00015272,50,2023-11-15,0
00015273,150,2024-09-23,0
00015274,50,2023-04-27,0
00015275,200,2023-02-15,0
00015276,150,2022-12-09,0
00015277,50,2024-09-05,0
00015278,200,2022-10-09,0
00015279,500,2025-05-18,0
00015280,150,2023-05-20,0
00015281,50,2024-10-14,0
00015282,100,2024-07-09,0
00015283,50,2023-12-22,0
00015284,500,2024-09-05,0
00015285,100,2022-03-07,0
00015286,50,2024-06-21,0
00015287,200,2023-06-03,0
00015288,50,2023-11-12,0
00015289,150,2024-04-12,0
00015290,100,2022-08-28,0
00015291,200,2024-11-12,0
00015292,200,2023-12-04,0
00015293,150,2023-12-05,0
00015294,150,2022-11-03,0
00015295,500,2024-05-14,0
00015296,100,2025-06-03,0
00015297,500,2022-04-23,0
00015298,100,2022-10-05,0
00015299,200,2024-08-25,0
00015300,50,2024-06-06,0
00015301,50,2023-10-06,0
00015302,150,2022-08-02,0
00015303,100,2024-06-16,0
00015304,100,2025-02-14,0
00015305,500,2024-12-12,0
00015306,100,2025-06-15,0
00015307,100,2025-01-03,0
00015308,500,2024-12-10,0
00015309,100,2024-01-04,0
00015310,150,2024-05-16,0
00015311,200,2023-01-18,0
00015312,200,2022-06-27,2000
00015313,200,2024-02-03,0
00015314,500,2022-04-17,0
00015315,150,2023-02-16,0
00015316,50,2025-12-16,0
00015317,500,2022-11-26,0
00015318,200,2023-04-20,0
00015319,50,2025-08-19,0
00015320,50,2022-06-08,0
00015321,200,2024-04-24,0
00015322,200,2025-07-27,0
00015323,500,2024-06-07,100000
00015324,50,2025-03-06,0
00015325,50,2022-01-14,50
00015326,200,2024-03-14,0
00015327,500,2023-10-24,0
00015328,150,2023-05-25,150
00015329,200,2024-11-28,0
00015330,200,2022-09-24,0
00015331,200,2023-09-03,0
00015332,100,2022-01-09,0
00015333,150,2023-01-06,0
00015334,100,2023-11-28,0
00015335,500,2025-03-14,0
00015336,200,2025-11-06,0
00015337,100,2022-04-26,0
00015338,100,2022-11-20,0
00015339,200,2024-02-04,0
00015340,200,2025-03-12,0
00015341,50,2024-07-05,100000
00015342,200,2022-05-15,0
00015343,200,2022-07-10,0
00015344,150,2022-01-02,0
00015345,150,2022-03-10,0
00015346,200,2023-07-07,0
00015347,200,2024-05-11,0
00015348,150,2023-05-18,0
00015349,500,2025-08-16,0
00015350,200,2023-11-25,0
00015351,200,2025-10-11,0
00015352,150,2022-05-05,0
00015353,100,2023-08-06,0
00015354,200,2025-10-08,0
00015355,50,2022-06-17,0
00015356,50,2022-11-18,0
00015357,500,2023-12-23,0
00015358,500,2025-01-05,0
00015359,150,2024-01-06,0
00015360,500,2024-10-07,0
00015361,500,2023-01-19,500
00015362,150,2023-10-24,0
00015363,500,2022-12-04,0
00015364,50,2022-07-22,0
00015365,150,2023-04-19,750
00015366,100,2025-05-20,0
00015367,200,2025-12-14,0
00015368,150,2023-04-11,0
00015369,100,2025-04-29,0
00015370,150,2025-10-22,0
00015371,200,2024-10-18,0
00015372,150,2025-12-19,15000
00015373,200,2022-09-23,0
00015374,200,2023-07-16,0
00015375,200,2022-11-04,0
00015376,500,2023-03-09,0
00015377,150,2022-07-30,0
00015378,50,2024-04-19,0
00015379,50,2022-02-14,100000
00015380,200,2025-02-18,0
00015381,100,2025-06-10,0
00015382,500,2025-03-13,0
00015383,200,2025-07-26,0
00015384,50,2022-09-21,0
00015385,200,2023-12-30,0
00015386,500,2024-08-20,0
00015387,50,2023-01-04,0
00015388,500,2022-05-27,5000
00015389,200,2025-02-28,0
00015390,50,2024-01-11,0
00015391,500,2023-06-19,0
00015392,150,2024-02-15,0
00015393,50,2025-08-25,0
00015394,100,2023-08-11,0
00015395,150,2023-07-18,15000
00015396,50,2024-11-18,0
00015397,200,2025-08-28,0
00015398,100,2025-04-25,0
00015399,150,2023-05-04,0
00015400,200,2025-01-10,0
00015401,150,2023-10-30,0
00015402,200,2023-03-05,0
00015403,50,2022-11-16,0
00015404,50,2025-07-28,0
00015405,50,2023-01-09,0
00015406,100,2022-07-13,0
00015407,500,2022-06-11,0
00015408,150,2024-10-12,0
00015409,500,2025-04-10,0
00015410,200,2025-07-25,0
00015411,50,2024-09-25,50
00015412,200,2022-02-21,0
00015413,50,2025-07-31,0
00015414,100,2024-02-28,0
00015415,100,2024-06-27,0
00015416,150,2025-09-07,0
00015417,100,2022-09-24,0
00015418,200,2022-11-10,20000
00015419,500,2024-12-11,50000
00015420,50,2024-09-12,0
00015421,100,2024-06-22,0
00015422,500,2024-10-18,0
00015423,150,2022-11-30,0
00015424,100,2025-06-24,0
00015425,200,2023-02-04,0
00015426,50,2024-11-29,0
00015427,150,2023-07-03,0
00015428,500,2025-01-21,0
00015429,500,2024-01-13,0
00015430,500,2022-11-11,0
00015431,200,2022-10-28,0
00015432,50,2022-07-26,0
00015433,150,2022-08-03,0
00015434,500,2023-10-05,0
00015435,150,2024-07-03,0
00015436,500,2024-10-08,0
00015437,150,2025-08-09,0
00015438,100,2023-01-31,0
00015439,50,2025-08-19,0
00015440,100,2022-05-26,0
00015441,100,2025-08-06,0
00015442,200,2023-11-06,0
00015443,50,2025-06-16,0
00015444,50,2024-08-09,0
00015445,50,2022-10-19,0
00015446,50,2022-02-11,0
00015447,100,2024-10-18,0
00015448,150,2025-09-19,0
00015449,500,2024-01-01,0
00015450,500,2025-10-04,0
00015451,200,2022-04-26,0
00015452,150,2022-09-05,0
00015453,150,2023-04-11,0
00015454,50,2025-08-23,0
00015455,100,2022-07-15,0
00015456,50,2023-11-09,0
00015457,200,2024-02-24,0
00015458,100,2022-12-16,0
00015459,200,2025-07-21,0
00015460,100,2025-12-22,0
00015461,200,2023-08-11,0
00015462,200,2023-01-19,0
00015463,500,2025-10-17,0
00015464,150,2023-02-03,1500
00015465,100,2025-09-30,0
00015466,100,2025-01-08,0
00015467,50,2024-06-29,0
00015468,500,2023-01-30,0
00015469,150,2025-08-26,0
00015470,500,2023-07-03,0
00015471,50,2025-04-30,0
00015472,200,2025-09-13,0
00015473,500,2025-08-27,0
00015474,150,2025-10-02,0
00015475,150,2022-01-13,0
00015476,100,2024-10-06,0
00015477,50,2023-12-28,0
00015478,100,2025-09-25,0
00015479,500,2023-11-10,50000
00015480,50,2023-10-19,0
00015481,500,2022-11-16,0
00015482,50,2022-03-04,0
00015483,50,2025-08-30,0
00015484,200,2022-09-25,0
00015485,200,2023-12-29,0
00015486,150,2023-07-23,0
00015487,150,2024-04-28,0
00015488,50,2025-06-22,0
00015489,200,2024-07-29,0
00015490,50,2022-07-08,0
00015491,50,2023-07-08,0
00015492,50,2022-06-16,250
00015493,200,2025-09-01,0
00015494,200,2024-02-15,0
00015495,200,2024-01-29,0
00015496,200,2024-01-13,0
00015497,100,2022-10-13,0
00015498,200,2024-09-09,0
00015499,50,2022-05-01,0
00015500,200,2024-11-30,0
00015501,50,2022-11-08,0
00015502,50,2025-06-07,0
00015503,200,2025-12-10,0
00015504,150,2025-12-10,0
00015505,50,2024-05-06,0
00015506,200,2023-11-16,0
00015507,200,2023-03-27,0
00015508,50,2023-10-22,0
00015509,150,2022-12-04,0
00015510,50,2024-10-02,0
00015511,50,2025-07-24,0
00015512,200,2022-11-02,0
00015513,50,2025-03-24,0
00015514,200,2022-08-17,0
00015515,50,2024-09-07,0
00015516,50,2024-06-03,0
00015517,200,2025-05-21,20000
00015518,200,2022-04-29,0
00015519,50,2023-07-06,0
00015520,200,2025-09-07,0
00015521,200,2024-06-26,0
00015522,100,2022-08-01,0
00015523,150,2024-04-24,0
00015524,500,2025-06-27,0
00015525,50,2025-01-30,0
00015526,500,2024-05-10,0
00015527,100,2022-11-03,0
00015528,500,2023-03-25,50000
00015529,500,2024-11-24,0
00015530,200,2024-07-15,0
00015531,500,2024-11-07,0
00015532,100,2023-06-09,0
00015533,200,2023-12-15,0
00015534,500,2024-03-13,0
00015535,200,2022-12-29,0
00015536,150,2024-10-25,0
00015537,100,2022-01-26,0
00015538,50,2025-03-13,0
00015539,50,2023-10-27,0
00015540,150,2025-04-24,0
00015541,50,2022-08-25,0
00015542,100,2023-03-19,0
00015543,100,2025-09-09,1000
00015544,200,2024-07-02,0
00015545,500,2022-05-16,0
00015546,500,2022-11-23,0
00015547,100,2023-08-25,0
00015548,200,2023-09-24,0
00015549,50,2025-08-05,0
00015550,50,2024-05-10,0
00015551,50,2025-03-09,0
00015552,100,2025-09-21,0
00015553,100,2025-09-15,0
00015554,500,2024-04-16,0
00015555,200,2025-01-08,1000
00015556,50,2025-08-31,0
00015557,50,2024-01-17,0
00015558,50,2025-12-23,0
00015559,500,2022-02-17,50000
00015560,500,2022-04-09,0
00015561,150,2023-07-31,0
00015562,50,2023-12-12,0
00015563,500,2022-05-13,0
00015564,500,2023-04-02,0
00015565,100,2024-10-09,0
00015566,50,2025-12-11,0
00015567,50,2025-06-28,0
00015568,100,2024-06-07,0
00015569,500,2025-05-06,100000
00015570,500,2024-05-22,0
00015571,50,2025-08-04,0
00015572,500,2022-05-29,0
00015573,150,2023-09-24,0
00015574,200,2025-08-01,0
00015575,200,2022-07-16,0
00015576,200,2025-11-03,0
00015577,500,2023-07-24,0
00015578,50,2024-04-18,0
00015579,200,2022-04-13,0
00015580,50,2023-12-03,0
00015581,150,2025-02-09,0
00015582,50,2023-06-07,0
00015583,200,2024-09-19,0
00015584,500,2025-12-09,0
00015585,200,2022-12-28,0
00015586,50,2022-03-10,0
00015587,100,2022-06-21,0
00015588,500,2024-04-27,5000
00015589,500,2025-02-17,0
00015590,100,2022-11-08,0
00015591,500,2023-09-15,0
00015592,200,2024-05-08,0
00015593,50,2025-06-03,0
00015594,150,2024-11-02,0
00015595,100,2024-01-14,100000
00015596,50,2022-06-19,5000
00015597,100,2023-03-11,0
00015598,500,2022-10-02,0
00015599,200,2024-09-22,0
00015600,200,2022-04-23,0
00015601,500,2023-09-19,0
00015602,100,2024-05-15,0
00015603,100,2025-06-17,0
00015604,150,2024-01-30,0
00015605,150,2023-06-09,0
00015606,100,2022-07-07,0
00015607,50,2022-08-29,0
00015608,150,2024-09-04,0
00015609,150,2022-07-24,0
00015610,150,2022-07-30,0
00015611,500,2024-01-13,0
00015612,100,2022-11-18,0
00015613,100,2024-08-21,0
00015614,500,2023-03-18,0
00015615,100,2022-08-29,0
00015616,100,2023-10-17,0
00015617,100,2022-10-29,0
00015618,150,2025-12-01,0
00015619,100,2025-03-11,0
00015620,200,2025-03-25,0
00015621,150,2024-06-14,0
00015622,50,2024-10-02,0
00015623,100,2024-02-05,10000
00015624,150,2025-11-15,0
00015625,150,2024-12-07,1500
00015626,500,2022-12-16,0
00015627,150,2022-03-27,0
00015628,500,2022-11-23,0
00015629,100,2024-01-19,0
00015630,500,2024-06-21,0
00015631,500,2023-01-23,0
00015632,200,2022-02-17,0
00015633,100,2025-07-14,0
00015634,500,2024-08-06,0
00015635,200,2022-02-09,0
00015636,150,2023-12-23,0
00015637,100,2024-05-06,0
00015638,100,2025-12-18,0
00015639,200,2024-07-31,0
00015640,50,2022-05-11,250
00015641,100,2025-07-26,0
00015642,50,2023-03-17,0
00015643,50,2023-08-08,0
00015644,200,2024-09-03,0
00015645,200,2025-11-30,0
00015646,200,2023-03-10,0
00015647,50,2023-04-30,0
00015648,500,2025-04-18,0
00015649,50,2024-12-11,500
00015650,100,2024-11-02,0
00015651,500,2025-02-01,0
00015652,50,2022-12-27,0
00015653,100,2025-09-11,0
00015654,200,2023-11-08,0
00015655,150,2023-02-04,0
00015656,200,2024-03-07,0
00015657,150,2023-11-12,0
00015658,150,2024-02-25,0
00015659,100,2022-11-10,500
00015660,150,2024-04-15,0
00015661,150,2022-09-27,0
00015662,200,2022-09-07,0
00015663,50,2024-07-05,5000
00015664,50,2024-06-04,0
00015665,100,2025-05-24,0
00015666,150,2022-06-02,15000
00015667,500,2023-02-13,0
00015668,100,2025-06-16,0
00015669,200,2022-10-26,0
00015670,500,2024-02-13,2500
00015671,200,2024-11-04,0
00015672,200,2022-08-05,0
00015673,100,2024-05-13,0
00015674,50,2024-01-08,0
00015675,150,2025-08-26,0
00015676,200,2022-12-27,0
00015677,50,2025-11-07,0
00015678,500,2023-09-07,2500
00015679,150,2022-12-11,0
00015680,500,2025-06-12,0
00015681,50,2025-10-19,0
00015682,500,2024-11-19,0
00015683,500,2024-02-25,0
00015684,500,2022-05-21,500
00015685,200,2022-07-23,0
00015686,100,2023-02-23,0
00015687,50,2023-05-16,0
00015688,200,2024-11-13,2000
00015689,500,2025-09-18,0
00015690,150,2023-07-12,0
00015691,200,2022-10-03,0
00015692,100,2022-12-22,0
00015693,200,2024-10-12,0
00015694,100,2025-02-18,0
00015695,100,2022-05-29,0
00015696,50,2025-11-01,0
00015697,50,2023-09-16,0
00015698,150,2025-12-01,0
00015699,500,2024-08-18,0
00015700,200,2023-11-06,0
00015701,200,2024-11-15,0
00015702,150,2022-12-28,0
00015703,50,2025-02-12,0
00015704,50,2022-05-15,0
00015705,200,2023-07-26,0
00015706,500,2022-07-07,0
00015707,100,2022-08-03,0
00015708,200,2024-01-01,0
00015709,200,2023-09-26,0
00015710,100,2022-04-28,0
00015711,100,2022-08-07,0
00015712,200,2024-12-16,0
00015713,50,2023-09-24,0
00015714,100,2022-10-15,0
00015715,150,2024-12-13,0
00015716,50,2022-06-12,0
00015717,500,2022-12-08,2500
00015718,50,2023-06-20,0
00015719,150,2022-09-24,0
00015720,100,2024-03-22,100000
00015721,50,2022-01-20,0
00015722,100,2022-07-18,0
00015723,50,2022-05-23,0
00015724,100,2023-10-26,10000
00015725,100,2022-11-16,0
00015726,50,2022-06-03,0
00015727,200,2022-03-07,0
00015728,500,2025-08-29,0
00015729,50,2025-05-07,0
00015730,50,2023-07-22,0
00015731,200,2022-06-18,0
00015732,100,2024-04-05,10000
00015733,200,2022-10-20,0
00015734,100,2022-03-16,0
00015735,150,2024-01-17,100000
00015736,500,2022-01-15,0
00015737,100,2025-11-13,0
00015738,150,2023-04-14,0
00015739,100,2024-01-13,10000
00015740,100,2024-05-12,0
00015741,50,2022-03-15,0
00015742,500,2023-07-12,0
00015743,50,2024-09-20,0
00015744,150,2025-09-25,1500
00015745,50,2023-02-28,0
00015746,100,2022-03-02,0
00015747,200,2023-02-20,100000
00015748,100,2023-08-24,0
00015749,200,2023-09-26,1000
00015750,150,2025-03-07,0
00015751,200,2024-04-29,0
00015752,100,2025-02-27,10000
00015753,100,2025-09-15,0
00015754,150,2024-09-11,0
00015755,100,2025-05-24,0
00015756,150,2024-10-29,150
00015757,50,2025-02-05,0
00015758,200,2022-10-18,0
00015759,200,2024-01-09,2000
00015760,200,2024-11-29,0
00015761,50,2023-07-03,0
00015762,50,2022-02-06,0
00015763,150,2025-07-20,0
00015764,150,2024-01-09,0
00015765,150,2024-03-06,0
00015766,150,2025-08-09,0
00015767,50,2024-10-25,0
00015768,500,2022-02-13,0
00015769,100,2022-01-05,1000
00015770,50,2025-05-13,0
00015771,500,2022-01-15,0
00015772,50,2025-05-01,0
00015773,200,2023-12-16,2000
00015774,50,2025-03-30,0
00015775,200,2024-08-03,0
00015776,150,2022-02-12,0
00015777,50,2024-03-12,0
00015778,100,2025-10-11,0
00015779,500,2025-07-08,0
00015780,100,2025-05-22,0
00015781,150,2024-05-20,0
00015782,500,2025-08-01,0
00015783,100,2022-01-21,0
00015784,50,2023-06-11,0
00015785,500,2024-09-22,500
00015786,100,2024-02-25,0
00015787,150,2023-04-11,0
00015788,200,2023-08-28,2000
00015789,100,2025-12-26,0
00015790,200,2022-08-24,0
00015791,500,2024-06-15,0
00015792,150,2023-03-23,1500
00015793,150,2025-04-03,0
00015794,50,2025-02-20,0
00015795,50,2022-10-25,0
00015796,50,2024-05-23,0
00015797,150,2023-09-17,0
00015798,150,2024-05-19,0
00015799,150,2022-10-04,0
00015800,100,2025-04-30,0
00015801,200,2025-07-12,100000
00015802,50,2025-03-04,0
00015803,100,2023-06-19,0
00015804,500,2022-08-27,0
00015805,200,2025-09-23,0
00015806,50,2022-11-05,0
00015807,200,2022-01-13,0
00015808,50,2024-10-04,5000
00015809,50,2022-12-09,0
00015810,100,2023-11-19,0
00015811,100,2025-09-15,0
00015812,100,2023-06-06,0
00015813,200,2024-05-12,0
00015814,100,2025-01-23,100000
00015815,150,2023-09-05,0
00015816,200,2024-01-28,0
00015817,50,2022-07-17,0
00015818,200,2025-06-11,100000
00015819,150,2025-02-09,0
00015820,50,2024-07-01,0
00015821,100,2023-03-09,0
00015822,500,2024-04-11,0
00015823,50,2022-02-23,0
00015824,500,2022-12-02,0
00015825,200,2025-08-27,0
00015826,150,2024-06-07,0
00015827,100,2022-05-05,0
00015828,200,2023-08-07,0
00015829,200,2024-09-09,0
00015830,200,2025-02-10,0
00015831,200,2022-12-14,0
00015832,50,2025-02-10,0
00015833,150,2022-04-29,0
00015834,50,2025-08-21,0
00015835,150,2023-05-23,0
00015836,500,2025-04-03,0
00015837,150,2024-08-17,0
00015838,500,2025-03-31,0
00015839,500,2024-06-03,0
00015840,100,2024-12-02,0
00015841,150,2022-08-08,0
00015842,500,2025-10-16,0
00015843,150,2025-10-31,0
00015844,50,2023-05-20,0
00015845,500,2024-04-18,0
00015846,500,2022-08-30,0
00015847,50,2025-02-26,0
00015848,500,2022-03-14,0
00015849,100,2024-12-21,0
00015850,500,2022-03-29,0
00015851,150,2023-02-03,15000
00015852,200,2023-03-26,0
00015853,500,2023-04-06,0
00015854,100,2025-02-25,0
00015855,150,2022-02-08,0
00015856,200,2025-07-29,0
00015857,200,2025-04-28,0
00015858,50,2025-04-06,0
00015859,50,2022-02-05,0
00015860,200,2022-07-27,0
00015861,50,2025-05-17,0
00015862,200,2023-08-24,0
00015863,150,2023-12-15,0
00015864,150,2022-02-20,0
00015865,500,2022-08-27,0
00015866,100,2024-11-10,0
00015867,200,2024-08-22,0
00015868,150,2023-05-19,0
00015869,150,2024-02-03,0
00015870,200,2025-05-30,0
00015871,200,2025-07-03,0
00015872,200,2023-01-04,0
00015873,100,2022-12-03,0
00015874,100,2022-12-09,0
00015875,100,2024-09-28,0
00015876,100,2025-10-17,0
00015877,500,2022-06-11,0
00015878,50,2023-10-31,0
00015879,150,2025-10-31,0
00015880,50,2023-06-28,250
00015881,150,2023-01-27,15000
00015882,200,2024-11-27,0
00015883,100,2022-11-04,0
00015884,500,2024-06-28,0
00015885,500,2022-06-25,0
00015886,200,2022-03-10,0
00015887,50,2025-04-09,0
00015888,50,2022-11-24,0
00015889,100,2023-05-02,0
00015890,100,2024-06-23,0
00015891,100,2024-08-05,0
00015892,50,2022-05-18,0
00015893,50,2024-12-12,0
00015894,100,2023-08-12,1000
00015895,200,2022-09-02,0
00015896,500,2022-10-20,0
00015897,50,2022-08-11,0
00015898,150,2024-08-02,0
00015899,100,2022-02-21,0
00015900,150,2024-08-02,0
00015901,100,2023-12-06,0
00015902,150,2023-10-25,0
00015903,200,2023-09-18,0
00015904,100,2022-05-12,0
00015905,200,2024-11-14,0
00015906,500,2022-12-27,0
00015907,100,2024-08-27,0
00015908,50,2022-01-29,0
00015909,500,2025-05-22,0
00015910,500,2023-02-03,5000
00015911,500,2025-09-29,0
00015912,500,2022-08-02,0
00015913,200,2022-01-21,0
00015914,50,2025-10-20,0
00015915,150,2022-05-21,0
00015916,500,2022-03-19,0
00015917,100,2023-07-31,0
00015918,200,2023-01-14,0
00015919,100,2024-06-04,500
00015920,150,2025-11-19,0
00015921,500,2024-07-25,0
00015922,200,2023-02-17,100000
00015923,100,2025-11-13,100
00015924,100,2024-07-13,0
00015925,100,2025-04-22,0
00015926,500,2022-01-15,0
00015927,50,2025-08-24,0
00015928,500,2023-04-16,0
00015929,50,2025-09-02,500
00015930,200,2024-04-24,0
00015931,100,2024-09-04,0
00015932,200,2025-02-10,0
00015933,100,2023-04-24,0
00015934,200,2025-08-22,0
00015935,100,2025-07-25,0
00015936,500,2022-07-31,0
00015937,150,2023-12-09,0
00015938,500,2023-01-15,0
00015939,500,2024-12-31,0
00015940,100,2022-06-30,0
00015941,200,2022-05-10,0
00015942,100,2023-05-16,0
00015943,50,2024-08-27,0
00015944,200,2024-04-06,100000
00015945,200,2023-09-27,0
00015946,50,2024-08-24,0
00015947,150,2024-12-22,0
00015948,50,2023-11-25,0
00015949,100,2025-04-18,10000
00015950,500,2022-06-02,0
00015951,500,2025-10-02,0
00015952,500,2025-07-21,0
00015953,500,2023-11-05,0
00015954,500,2023-04-03,0
00015955,50,2025-02-13,0
00015956,100,2024-07-06,0
00015957,500,2022-07-17,0
00015958,500,2023-12-15,0
00015959,150,2023-05-17,0
00015960,200,2025-04-23,0
00015961,100,2023-05-13,0
00015962,100,2022-03-29,0
00015963,150,2024-11-13,0
00015964,50,2023-11-29,0
00015965,100,2023-04-19,0
00015966,200,2024-10-17,0
00015967,50,2025-10-22,0
00015968,200,2024-10-03,200
00015969,150,2025-12-12,0
00015970,100,2025-02-23,0
00015971,50,2023-06-07,0
00015972,50,2022-11-21,100000
00015973,100,2024-05-09,0
00015974,500,2024-07-03,0
00015975,150,2024-04-04,0
00015976,200,2025-01-20,0
00015977,500,2024-05-21,0
00015978,200,2023-03-30,0
00015979,100,2024-07-14,0
00015980,200,2022-02-21,0
00015981,100,2025-06-05,0
00015982,150,2025-08-04,750
00015983,200,2025-02-15,0
00015984,500,2022-04-11,0
00015985,200,2023-08-21,20000
00015986,500,2025-01-28,0
00015987,100,2024-04-30,0
00015988,100,2025-10-15,0
00015989,150,2024-05-02,0
00015990,500,2023-07-12,0
00015991,150,2024-09-13,0
00015992,200,2024-12-10,0
00015993,100,2025-11-10,0
00015994,150,2024-10-31,0
00015995,50,2025-01-02,0
00015996,500,2025-11-30,0
00015997,150,2023-10-02,0
00015998,500,2022-12-07,0
00015999,500,2024-02-12,2500
00016000,150,2023-07-01,0
00016001,100,2023-12-21,0
00016002,200,2024-10-13,0
00016003,100,2022-09-04,0
00016004,500,2022-12-21,0
00016005,500,2025-02-11,0
00016006,50,2024-03-26,0
00016007,50,2023-04-25,0
00016008,200,2023-03-03,0
00016009,500,2023-08-21,100000
00016010,50,2023-09-15,0
00016011,150,2022-07-04,0
00016012,200,2025-06-05,0
00016013,500,2022-01-20,0
00016014,200,2023-10-15,0
00016015,50,2022-02-01,0
00016016,50,2025-06-12,0
00016017,200,2022-01-07,0
00016018,500,2023-02-28,0
00016019,100,2025-10-21,500
00016020,500,2023-09-15,50000
00016021,150,2025-04-19,0
00016022,150,2022-03-29,15000
00016023,150,2024-07-07,0
00016024,150,2024-08-30,0
00016025,200,2023-03-11,0
00016026,500,2022-05-26,0
00016027,200,2025-10-03,0
00016028,50,2023-11-30,0
00016029,150,2023-10-07,0
00016030,500,2025-07-05,0
00016031,150,2022-08-26,15000
00016032,50,2022-02-28,0
00016033,200,2022-08-27,0
00016034,50,2025-09-13,0
00016035,50,2024-06-21,0
00016036,50,2025-11-20,0
00016037,150,2025-11-21,0
00016038,500,2024-08-06,0
00016039,50,2024-11-11,250
00016040,100,2025-11-15,0
00016041,200,2025-06-23,0
00016042,150,2024-07-27,0
00016043,150,2023-06-23,0
00016044,50,2024-02-27,0
00016045,150,2023-01-05,0
00016046,150,2023-02-03,0
00016047,500,2025-01-24,0
00016048,150,2025-05-30,0
00016049,200,2025-04-20,0
00016050,50,2025-01-24,0
00016051,50,2024-11-18,0
00016052,150,2024-11-25,0
00016053,150,2022-08-10,0
00016054,50,2023-01-31,0
00016055,100,2023-09-19,0
00016056,150,2023-11-15,0
00016057,200,2022-09-05,0
00016058,100,2024-07-10,0
00016059,100,2022-11-20,0
00016060,500,2023-03-03,0
00016061,500,2025-08-17,0
00016062,150,2023-03-18,0
00016063,50,2025-11-06,0
00016064,100,2023-07-17,0
00016065,150,2023-11-08,0
00016066,500,2025-06-04,0
00016067,50,2024-08-31,0
00016068,200,2024-03-04,0
00016069,500,2024-09-20,0
00016070,100,2022-04-28,0
00016071,100,2024-05-08,0
00016072,500,2023-02-10,0
00016073,50,2025-08-18,0
00016074,50,2022-04-18,0
00016075,100,2024-03-28,0
00016076,200,2024-02-17,0
00016077,500,2024-01-10,0
00016078,100,2022-09-21,0
00016079,100,2023-07-10,0
00016080,200,2024-09-08,0
00016081,50,2025-04-21,0
00016082,150,2023-11-04,0
00016083,500,2022-08-31,0
00016084,50,2025-05-23,0
00016085,150,2025-10-04,750
00016086,500,2025-12-14,0
00016087,150,2023-09-03,0
00016088,500,2022-10-11,0
00016089,500,2024-07-04,0
00016090,150,2022-09-05,0
00016091,200,2024-03-03,0
00016092,500,2024-12-02,0
00016093,500,2025-05-22,0
00016094,200,2025-05-18,0
00016095,500,2024-09-07,0
00016096,100,2025-03-02,0
00016097,150,2022-09-08,0
00016098,100,2023-10-25,0
00016099,500,2023-08-08,0
00016100,150,2023-08-20,0
00016101,150,2023-01-17,0
00016102,200,2022-10-10,0
00016103,150,2023-12-05,0
00016104,200,2025-02-22,0
00016105,50,2025-05-17,0
00016106,200,2025-08-22,0
00016107,200,2023-07-22,0
00016108,200,2023-10-13,0
00016109,500,2023-05-19,0
00016110,150,2024-02-21,0
00016111,100,2024-07-08,0
00016112,500,2022-03-05,0
00016113,200,2024-12-07,0
00016114,500,2025-11-12,0
00016115,50,2025-02-20,0
00016116,150,2024-12-31,0
00016117,200,2022-01-01,0
00016118,200,2024-01-04,1000
00016119,500,2025-09-01,0
00016120,100,2025-05-15,0
00016121,150,2024-03-17,0
00016122,200,2025-06-07,0
00016123,200,2025-11-17,0
00016124,200,2023-05-17,20000
00016125,200,2022-05-18,0
00016126,100,2024-04-12,0
00016127,200,2024-12-16,0
00016128,200,2023-04-22,0
00016129,500,2024-03-14,0
00016130,500,2022-09-02,0
00016131,100,2022-10-19,0
00016132,200,2022-09-23,0
00016133,500,2024-11-22,0
00016134,50,2025-06-03,0
00016135,200,2024-01-21,0
00016136,150,2025-03-07,0
00016137,50,2023-10-03,0
00016138,150,2023-07-05,0
00016139,100,2023-06-10,0
00016140,150,2023-08-12,0
00016141,50,2025-08-29,0
00016142,100,2022-04-10,0
00016143,50,2022-06-06,0
00016144,500,2025-06-15,0
00016145,150,2024-11-05,0
00016146,50,2022-02-18,0
00016147,500,2022-11-30,0
00016148,150,2023-05-20,0
00016149,150,2022-02-23,0
00016150,150,2024-03-28,0
00016151,500,2024-05-07,0
00016152,50,2022-06-13,0
00016153,100,2023-01-21,1000
00016154,100,2023-09-08,1000
00016155,50,2023-10-04,0
00016156,150,2024-11-18,0
00016157,100,2024-08-04,0
00016158,200,2022-07-10,0
00016159,100,2024-09-10,0
00016160,500,2023-02-09,0
00016161,100,2023-05-05,0
00016162,200,2025-06-14,0
00016163,100,2022-02-10,1000
00016164,150,2023-10-19,0
00016165,200,2022-06-21,0
00016166,100,2025-03-24,0
00016167,150,2022-04-19,0
00016168,150,2022-05-14,150
00016169,500,2023-09-21,50000
00016170,100,2025-09-30,0
00016171,200,2024-01-25,0
00016172,100,2023-06-08,0
00016173,200,2024-01-27,0
00016174,150,2023-07-31,0
00016175,50,2022-09-19,0
00016176,50,2023-03-28,0
00016177,500,2023-07-29,0
00016178,200,2024-07-20,0
00016179,200,2023-06-18,0
00016180,50,2022-06-05,0
00016181,500,2025-06-18,0
00016182,500,2025-05-17,0
00016183,150,2025-10-23,0
00016184,150,2023-03-11,0
00016185,150,2023-01-04,0
00016186,200,2022-09-14,0
00016187,500,2025-09-30,0
00016188,50,2024-10-13,0
00016189,500,2022-06-23,0
00016190,100,2024-11-03,0
00016191,200,2023-11-14,0
00016192,100,2023-06-11,0
00016193,200,2025-10-09,0
00016194,50,2024-10-27,0
00016195,150,2022-02-07,0
00016196,500,2022-10-11,0
00016197,50,2023-12-10,0
00016198,150,2023-07-06,0
00016199,150,2022-06-09,0
00016200,200,2025-06-17,20000
00016201,50,2022-07-16,0
00016202,150,2025-04-27,0
00016203,200,2022-11-15,0
00016204,50,2023-04-21,0
00016205,500,2023-07-13,0
00016206,100,2025-05-05,0
00016207,150,2022-09-19,0
00016208,150,2023-06-05,0
00016209,50,2025-04-11,0
00016210,100,2022-08-09,0
00016211,50,2024-08-25,0
00016212,100,2022-01-31,0
00016213,150,2025-11-02,0
00016214,50,2022-03-19,0
00016215,150,2025-07-22,0
00016216,100,2023-01-17,0
00016217,100,2024-03-06,0
00016218,150,2025-10-27,0
00016219,150,2025-12-18,0
00016220,200,2022-10-30,0
00016221,150,2025-05-28,0
00016222,200,2023-12-08,0
00016223,200,2025-01-23,0
00016224,100,2025-05-02,0
00016225,500,2023-08-16,0
00016226,50,2025-03-30,0
00016227,50,2025-01-09,0
00016228,150,2024-06-30,0
00016229,500,2023-01-18,0
00016230,500,2022-01-31,0
00016231,500,2023-11-28,0
00016232,500,2023-05-12,0
00016233,500,2023-02-11,500
00016234,500,2025-05-18,0
00016235,150,2025-07-16,0
00016236,500,2023-08-22,0
00016237,50,2024-07-12,0
00016238,150,2024-05-09,0
00016239,150,2025-10-22,0
00016240,200,2022-01-08,0
00016241,100,2024-07-05,100000
00016242,500,2024-07-04,0
00016243,200,2023-11-04,100000
00016244,500,2022-03-07,0
00016245,50,2024-09-21,0
00016246,100,2022-04-04,0
00016247,500,2022-04-07,0
00016248,150,2023-03-03,0
00016249,200,2023-06-16,0
00016250,150,2024-09-10,0
00016251,100,2025-06-11,0
00016252,100,2023-09-03,0
00016253,150,2023-07-05,15000
00016254,100,2025-07-25,0
00016255,200,2022-06-15,0
00016256,500,2025-10-09,500
00016257,100,2022-04-29,0
00016258,200,2024-09-27,0
00016259,500,2025-10-26,0
00016260,50,2024-03-19,0
00016261,150,2022-09-14,0
00016262,50,2025-07-31,0
00016263,200,2024-04-30,0
00016264,150,2024-09-17,150
00016265,200,2025-11-23,0
00016266,150,2023-01-10,0
00016267,200,2024-01-21,0
00016268,50,2025-01-18,0
00016269,100,2022-01-24,0
00016270,50,2024-03-02,100000
00016271,100,2023-01-01,500
00016272,500,2022-04-06,50000
00016273,150,2022-05-23,0
00016274,200,2024-02-13,0
00016275,150,2023-03-08,0
00016276,500,2024-02-13,5000
00016277,100,2025-02-13,0
00016278,100,2022-07-17,0
00016279,100,2023-03-11,0
00016280,150,2024-02-22,0
00016281,150,2023-07-30,0
00016282,50,2024-02-19,5000
00016283,50,2024-05-30,0
00016284,100,2024-10-03,0
00016285,500,2024-12-24,0
00016286,100,2022-05-29,0
00016287,500,2022-08-30,50000
00016288,100,2025-05-30,1000
00016289,200,2025-06-25,0
00016290,500,2022-04-06,0
00016291,50,2024-07-23,500
00016292,200,2023-07-10,0
00016293,200,2023-11-09,0
00016294,150,2024-07-19,0
00016295,200,2025-04-28,1000
00016296,100,2024-03-27,0
00016297,150,2025-07-20,0
00016298,150,2024-09-28,0
00016299,50,2022-02-12,0
00016300,500,2025-06-21,0
00016301,100,2024-09-16,0
00016302,500,2024-04-03,0
00016303,100,2022-03-30,0
00016304,150,2023-10-09,0
00016305,100,2023-06-26,0
00016306,50,2023-06-25,0
00016307,500,2022-12-23,50000
00016308,50,2022-01-05,5000
00016309,200,2023-12-17,0
00016310,200,2023-12-13,0
00016311,500,2024-06-08,0
00016312,50,2024-05-19,0
00016313,100,2023-12-01,10000
00016314,100,2025-07-23,0
00016315,100,2023-12-16,0
00016316,50,2024-08-30,0
00016317,100,2024-03-06,0
00016318,100,2022-03-01,0
00016319,50,2023-06-13,0
00016320,50,2025-01-01,0
00016321,500,2024-05-29,0
00016322,50,2022-08-08,0
00016323,150,2024-10-25,1500
00016324,100,2022-05-04,0
00016325,150,2025-10-27,0
00016326,200,2024-09-17,0
00016327,50,2022-10-01,0
00016328,200,2024-11-23,0
00016329,500,2024-12-23,0
00016330,200,2024-05-01,0
00016331,100,2024-01-23,0
00016332,150,2022-11-08,0
00016333,200,2023-02-18,0
00016334,200,2022-08-23,20000
00016335,50,2024-03-19,0
00016336,500,2025-08-13,0
00016337,200,2023-09-22,0
00016338,200,2023-04-27,0
00016339,500,2023-09-29,0
00016340,500,2023-11-19,0
00016341,200,2023-08-21,0
00016342,150,2022-12-20,0
00016343,200,2024-02-17,0
00016344,500,2025-08-03,0
00016345,200,2023-03-29,0
00016346,500,2024-02-05,50000
00016347,50,2023-04-05,0
00016348,100,2025-09-06,0
00016349,50,2022-07-24,0
00016350,50,2025-06-13,0
00016351,50,2025-10-22,0
00016352,50,2023-12-21,0
00016353,50,2025-06-25,0
00016354,200,2025-09-28,0
00016355,100,2022-10-16,0
00016356,150,2024-09-25,0
00016357,100,2023-11-21,0
00016358,200,2022-06-04,0
00016359,150,2025-07-31,0
00016360,500,2025-12-15,0
00016361,100,2023-04-17,0
00016362,500,2023-08-20,2500
00016363,500,2025-10-31,0
00016364,50,2024-06-08,0
00016365,500,2022-06-28,0
00016366,200,2024-03-25,1000
00016367,50,2025-03-25,0
00016368,150,2022-06-21,0
00016369,100,2023-06-23,0
00016370,150,2025-03-08,0
00016371,100,2023-10-21,0
00016372,50,2025-11-19,0
00016373,500,2024-10-18,0
00016374,100,2023-08-06,0
00016375,150,2025-12-07,0
00016376,200,2024-08-07,0
00016377,50,2025-01-04,0
00016378,150,2023-05-10,15000
00016379,150,2024-10-20,0
00016380,500,2025-08-04,0
00016381,200,2024-12-17,0
00016382,150,2024-12-06,0
00016383,500,2025-07-31,0
00016384,150,2022-08-02,0
00016385,100,2025-02-21,0
00016386,50,2025-02-13,0
00016387,150,2024-12-13,0
00016388,200,2022-10-14,0
00016389,100,2023-04-03,0
00016390,100,2023-11-23,0
00016391,100,2025-10-04,0
00016392,500,2024-08-10,0
00016393,200,2023-04-02,0
00016394,150,2022-08-02,0
00016395,150,2023-06-20,0
00016396,200,2024-05-21,0
00016397,100,2022-09-22,0
00016398,500,2024-04-01,0
00016399,150,2022-08-24,0
00016400,100,2022-05-17,0
00016401,50,2024-08-02,0
00016402,150,2025-11-09,0
00016403,500,2023-09-01,0
00016404,200,2022-03-01,0
00016405,150,2022-01-15,0
00016406,150,2024-06-19,0
00016407,150,2025-12-23,0
00016408,50,2024-09-19,0
00016409,150,2024-12-31,0
00016410,150,2022-08-24,0
00016411,100,2022-09-01,0
00016412,200,2022-04-06,0
00016413,100,2023-02-07,0
00016414,150,2025-01-12,0
00016415,100,2023-06-09,0
00016416,150,2025-01-13,0
00016417,200,2022-02-01,0
00016418,150,2023-05-24,0
00016419,200,2024-05-18,0
00016420,150,2023-09-30,0
00016421,150,2022-07-22,0
00016422,500,2025-09-05,0
00016423,50,2023-08-23,0
00016424,200,2023-04-01,0
00016425,50,2025-07-12,0
00016426,500,2024-11-03,0
00016427,100,2023-10-04,0
00016428,150,2025-02-20,0
00016429,50,2025-10-12,5000
00016430,200,2022-05-31,0
00016431,200,2024-09-30,0
00016432,150,2024-02-28,0
00016433,150,2023-02-03,0
00016434,500,2022-01-10,0
00016435,50,2025-10-26,0
00016436,150,2024-09-25,0
00016437,150,2022-01-29,0
00016438,50,2025-09-07,0
00016439,500,2025-05-03,0
00016440,100,2025-03-05,0
00016441,200,2023-06-20,0
00016442,500,2025-06-19,0
00016443,150,2025-02-12,0
00016444,50,2022-11-13,0
00016445,100,2024-08-09,0
00016446,150,2022-09-17,0
00016447,150,2025-02-10,0
00016448,100,2024-12-10,500
00016449,100,2025-01-31,0
00016450,150,2024-05-09,0
00016451,200,2022-03-31,0
00016452,500,2022-01-17,0
00016453,500,2022-02-22,0
00016454,50,2024-12-12,0
00016455,500,2022-01-28,2500
00016456,50,2022-01-01,0
00016457,100,2024-07-23,0
00016458,500,2024-03-24,0
00016459,200,2025-07-13,0
00016460,100,2022-04-15,0
00016461,100,2022-01-21,0
00016462,50,2025-01-15,5000
00016463,500,2022-12-15,0
00016464,100,2025-12-20,0
00016465,200,2025-08-19,0
00016466,50,2024-01-21,0
00016467,150,2025-11-28,100000
00016468,500,2022-05-02,0
00016469,100,2024-07-19,0
00016470,500,2025-09-20,0
00016471,500,2023-09-24,0
00016472,100,2025-09-18,0
00016473,100,2023-11-12,0
00016474,100,2023-09-20,0
00016475,200,2023-02-15,0
00016476,500,2024-09-25,0
00016477,150,2025-06-15,0
00016478,500,2022-07-01,2500
00016479,100,2023-05-07,0
00016480,500,2024-10-29,0
00016481,100,2024-11-21,0
00016482,150,2024-03-30,0
00016483,500,2025-06-01,50000
00016484,50,2025-09-19,0
00016485,150,2023-10-20,0
00016486,500,2024-09-26,0
00016487,50,2025-11-30,0
00016488,500,2024-04-18,100000
00016489,500,2025-10-02,0
00016490,500,2023-09-02,50000
00016491,500,2023-11-03,0
00016492,100,2025-08-28,10000
00016493,500,2024-11-06,0
00016494,50,2023-07-17,0
00016495,150,2025-01-13,150
00016496,500,2025-06-15,0
00016497,200,2025-07-06,0
00016498,150,2023-11-22,0
00016499,150,2025-01-02,0
00016500,150,2025-04-16,0
00016501,50,2025-03-26,0
00016502,200,2023-01-12,0
00016503,500,2024-03-25,0
00016504,500,2022-02-15,0
00016505,200,2025-09-07,0
00016506,50,2022-04-25,0
00016507,50,2023-12-30,0
00016508,50,2022-06-14,0
00016509,200,2023-08-08,0
00016510,150,2024-07-03,0
00016511,100,2025-09-08,0
00016512,100,2023-11-08,0
00016513,150,2025-07-27,0
00016514,50,2025-12-09,0
00016515,150,2024-05-19,0
00016516,50,2022-01-03,0
00016517,500,2022-08-16,0
00016518,100,2024-02-18,0
00016519,150,2025-12-12,0
00016520,500,2025-08-15,0
00016521,150,2024-09-17,0
00016522,50,2022-10-05,0
00016523,150,2022-08-26,0
00016524,50,2024-03-16,0
00016525,200,2022-10-12,0
00016526,150,2024-05-20,1500
00016527,200,2025-11-12,0
00016528,100,2023-08-12,0
00016529,200,2023-08-15,0
00016530,100,2022-04-22,0
00016531,500,2023-03-12,0
00016532,100,2025-10-02,0
00016533,50,2025-06-19,50
00016534,50,2025-11-15,0
00016535,100,2023-07-01,0
00016536,150,2025-07-09,0
00016537,50,2024-10-31,500
00016538,100,2022-04-04,0
00016539,100,2023-02-03,100000
00016540,200,2023-12-07,0
00016541,100,2024-06-05,0
00016542,100,2024-10-23,0
00016543,200,2023-12-06,0
00016544,150,2024-01-02,0
00016545,150,2024-11-08,0
00016546,150,2024-02-26,0
00016547,150,2022-02-20,0
00016548,200,2024-02-27,0
00016549,500,2024-09-03,0
00016550,200,2023-09-27,0
00016551,500,2024-08-26,0
00016552,50,2022-04-16,500
00016553,150,2023-06-19,0
00016554,150,2023-11-29,0
00016555,100,2023-08-09,0
00016556,500,2023-12-17,0
00016557,150,2025-07-25,0
00016558,500,2023-08-10,0
00016559,50,2023-08-11,0
00016560,150,2024-02-01,15000
00016561,100,2023-02-06,0
00016562,200,2025-05-20,0
00016563,50,2022-05-15,0
00016564,500,2024-03-17,0
00016565,100,2024-12-31,0
00016566,150,2025-09-03,0
00016567,150,2025-02-28,0
00016568,100,2025-03-23,0
00016569,50,2025-09-24,0
00016570,100,2023-08-15,100000
00016571,200,2024-08-04,0
00016572,50,2024-11-30,50
00016573,200,2024-06-23,0
00016574,200,2023-08-27,0
00016575,100,2024-02-16,1000
00016576,500,2025-07-01,0
00016577,500,2024-11-30,0
00016578,100,2024-06-17,1000
00016579,100,2025-11-02,0
00016580,150,2024-08-21,0
00016581,500,2023-02-25,0
00016582,150,2024-09-09,0
00016583,500,2024-12-28,0
00016584,500,2024-05-05,500
00016585,500,2025-09-24,0
00016586,200,2024-02-24,0
00016587,150,2024-12-08,0
00016588,500,2023-08-23,0
00016589,500,2024-04-28,0
00016590,100,2022-05-18,0
00016591,200,2025-03-01,0
00016592,50,2023-10-20,0
00016593,50,2022-10-02,0
00016594,50,2024-01-29,0
00016595,200,2023-09-05,100000
00016596,150,2023-11-20,0
00016597,500,2024-06-23,0
00016598,150,2024-02-06,0
00016599,50,2025-08-04,0
00016600,500,2022-07-05,0
00016601,200,2024-11-27,0
00016602,100,2022-08-12,0
00016603,100,2023-12-15,0
00016604,150,2022-08-12,0
00016605,100,2023-06-20,0
00016606,100,2023-02-18,0
00016607,150,2025-11-20,0
00016608,100,2023-08-15,0
00016609,200,2022-06-08,0
00016610,200,2023-01-02,0
00016611,200,2023-07-07,0
00016612,150,2022-07-30,0
00016613,150,2025-05-07,0
00016614,200,2023-02-16,0
00016615,50,2022-11-12,0
00016616,200,2023-06-10,0
00016617,50,2022-09-23,0
00016618,50,2022-04-02,0
00016619,50,2025-07-16,0
00016620,200,2023-04-21,0
00016621,150,2023-03-02,0
00016622,200,2022-01-05,0
00016623,200,2023-03-03,0
00016624,150,2024-03-26,0
00016625,200,2025-07-31,0
00016626,500,2025-09-21,0
00016627,50,2022-12-17,0
00016628,50,2024-01-08,0
00016629,50,2023-07-05,0
00016630,100,2023-12-20,0
00016631,50,2024-08-30,0
00016632,100,2025-10-01,0
00016633,500,2024-01-20,5000
00016634,500,2024-01-15,0
00016635,50,2025-07-21,0
00016636,100,2023-05-19,0
00016637,200,2022-11-11,0
00016638,150,2022-03-14,0
00016639,150,2023-05-01,15000
00016640,50,2022-08-26,0
00016641,500,2022-02-04,5000
00016642,500,2025-05-22,0
00016643,150,2025-07-23,0
00016644,150,2022-04-16,0
00016645,50,2024-02-06,0
00016646,100,2023-03-25,0
00016647,150,2024-04-02,0
00016648,150,2025-04-23,0
00016649,500,2022-11-12,0
00016650,100,2025-06-08,0
00016651,200,2023-09-01,0
00016652,200,2025-04-02,0
00016653,50,2023-12-09,0
00016654,200,2025-12-28,0
00016655,100,2024-12-10,100000
00016656,100,2024-04-11,0
00016657,50,2025-03-29,0
00016658,50,2023-09-15,0
00016659,150,2022-02-23,0
00016660,150,2022-02-01,0
00016661,200,2023-12-12,0
00016662,500,2025-05-04,0
00016663,50,2025-08-15,0
00016664,500,2024-03-23,0
00016665,200,2025-12-28,0
00016666,100,2023-02-18,0
00016667,100,2022-03-28,0
00016668,50,2022-05-06,0
00016669,50,2025-03-21,0
00016670,50,2024-05-29,0
00016671,200,2022-07-26,0
00016672,100,2024-02-21,0
00016673,150,2025-04-26,150
00016674,150,2022-10-29,0
00016675,100,2025-01-26,0
00016676,100,2022-10-23,0
00016677,500,2024-04-22,0
00016678,50,2023-07-07,250
00016679,150,2023-11-07,0
00016680,100,2023-06-20,0
00016681,100,2022-12-16,0
00016682,50,2022-11-01,0
00016683,100,2025-12-09,100
00016684,50,2023-01-26,0
00016685,500,2025-05-21,0
00016686,100,2023-06-27,0
00016687,150,2022-05-06,0
00016688,200,2025-03-07,1000
00016689,150,2023-04-17,0
00016690,500,2023-10-23,0
00016691,50,2025-07-26,0
00016692,200,2023-01-12,0
00016693,500,2023-07-17,0
00016694,200,2024-02-09,0
00016695,500,2025-05-05,0
00016696,200,2025-04-02,0
00016697,100,2024-02-09,1000
00016698,50,2025-02-04,0
00016699,200,2022-03-23,0
00016700,200,2023-05-19,0
00016701,100,2024-02-11,10000
00016702,100,2022-09-07,0
00016703,150,2024-05-16,0
00016704,100,2024-05-13,500
00016705,200,2023-01-19,0
00016706,150,2023-10-20,0
00016707,500,2025-03-17,0
00016708,200,2024-07-20,0
00016709,100,2025-11-16,0
00016710,500,2022-11-16,50000
00016711,100,2025-05-01,0
00016712,100,2022-11-25,0
00016713,100,2023-02-08,0
00016714,50,2023-02-08,0
00016715,150,2022-12-28,0
00016716,100,2023-11-23,0
00016717,50,2024-02-28,0
00016718,50,2025-04-04,0
00016719,150,2022-03-28,0
00016720,50,2023-07-24,0
00016721,100,2023-09-30,0
00016722,100,2023-01-15,0
00016723,100,2023-05-31,0
00016724,200,2024-06-25,0
00016725,500,2025-09-24,0
00016726,500,2023-03-28,0
00016727,100,2025-11-29,0
00016728,50,2023-07-27,0
00016729,100,2025-11-22,0
00016730,100,2023-02-07,0
00016731,200,2023-07-25,0
00016732,100,2023-12-02,0
00016733,100,2023-03-01,0
00016734,200,2024-11-07,0
00016735,500,2024-01-18,0
00016736,50,2025-06-02,250
00016737,50,2025-04-01,0
00016738,150,2023-11-28,0
00016739,150,2025-03-14,0
00016740,500,2025-12-03,0
00016741,150,2024-09-03,0
00016742,100,2025-11-30,0
00016743,50,2022-01-12,0
00016744,500,2024-05-12,0
00016745,50,2025-02-15,0
00016746,150,2024-10-27,0
00016747,200,2025-10-27,0
00016748,200,2025-07-14,0
00016749,100,2025-06-23,100000
00016750,100,2024-01-22,0
00016751,200,2024-01-14,20000
00016752,500,2022-10-07,0
00016753,100,2024-07-27,0
00016754,50,2022-12-20,0
00016755,100,2025-10-19,0
00016756,150,2025-07-05,0
00016757,50,2025-09-29,500
00016758,150,2024-04-20,0
00016759,150,2022-05-27,0
00016760,200,2024-07-01,0
00016761,500,2022-02-23,0
00016762,500,2023-06-28,0
00016763,150,2025-03-10,0
00016764,200,2022-03-14,0
00016765,200,2023-07-01,0
00016766,150,2023-10-28,0
00016767,100,2022-02-18,0
00016768,150,2023-04-06,0
00016769,200,2025-07-22,1000
00016770,150,2022-05-01,0
00016771,100,2024-09-06,500
00016772,150,2023-01-25,0
00016773,50,2025-05-31,5000
00016774,500,2023-05-22,0
00016775,50,2025-06-21,0
00016776,150,2023-05-09,0
00016777,50,2023-01-17,0
00016778,150,2022-12-01,0
00016779,200,2023-07-19,0
00016780,150,2024-06-16,0
00016781,50,2024-06-09,0
00016782,200,2023-08-18,0
00016783,500,2024-04-27,0
00016784,100,2022-03-17,0
00016785,50,2024-07-31,0
00016786,50,2022-05-22,0
00016787,50,2022-10-04,0
00016788,150,2024-12-08,0
00016789,150,2024-03-13,0
00016790,150,2022-09-21,0
00016791,500,2024-09-14,0
00016792,500,2025-08-30,5000
00016793,150,2025-04-11,150
00016794,50,2024-06-18,0
00016795,100,2025-11-09,1000
00016796,500,2022-12-21,0
00016797,150,2025-03-10,0
00016798,50,2025-12-31,0
00016799,150,2022-04-26,0
00016800,50,2022-09-24,5000
00016801,50,2025-10-06,0
00016802,100,2022-06-03,1000
00016803,150,2022-01-20,0
00016804,150,2024-12-05,0
00016805,500,2023-10-11,50000
00016806,50,2024-05-31,0
00016807,150,2025-08-19,0
00016808,50,2023-06-27,0
00016809,150,2022-05-28,0
00016810,50,2025-03-06,0
00016811,150,2022-09-27,0
00016812,200,2022-04-16,0
00016813,50,2023-12-03,0
00016814,500,2024-03-06,0
00016815,150,2022-09-08,0
00016816,200,2022-12-23,0
00016817,200,2022-07-17,0
00016818,150,2025-06-16,0
00016819,50,2022-03-15,0
00016820,200,2023-10-29,2000
00016821,200,2023-01-18,0
00016822,150,2023-03-18,0
00016823,50,2024-10-14,0
00016824,50,2023-01-18,0
00016825,200,2022-10-25,0
00016826,50,2025-01-22,0
00016827,150,2023-10-20,0
00016828,100,2023-09-08,0
00016829,500,2024-11-25,0
00016830,50,2025-06-02,0
00016831,500,2022-09-20,0
00016832,100,2023-04-26,0
00016833,50,2025-10-08,100000
00016834,500,2025-03-23,0
00016835,50,2025-04-24,0
00016836,150,2022-05-01,100000
00016837,500,2025-10-30,0
00016838,100,2025-07-02,0
00016839,50,2025-04-17,0
00016840,100,2024-11-23,0
00016841,150,2022-06-07,0
00016842,500,2023-06-11,0
00016843,150,2023-06-27,0
00016844,150,2025-12-20,0
00016845,50,2022-11-01,0
00016846,150,2025-08-13,0
00016847,100,2024-12-26,0
00016848,200,2025-07-04,0
00016849,200,2024-06-14,0
00016850,500,2022-05-09,0
00016851,50,2023-11-16,250
00016852,500,2025-08-04,0
00016853,200,2022-10-31,0
00016854,100,2022-02-09,0
00016855,200,2024-08-22,0
00016856,500,2023-04-24,0
00016857,200,2024-07-28,0
00016858,50,2024-10-07,250
00016859,150,2022-04-21,0
00016860,100,2025-07-20,0
00016861,100,2023-01-27,0
00016862,50,2023-12-29,0
00016863,100,2022-04-23,0
00016864,100,2024-06-04,0
00016865,200,2025-08-09,0
00016866,50,2024-07-02,0
00016867,100,2025-04-22,0
00016868,150,2022-08-28,0
00016869,200,2025-08-12,0
00016870,200,2022-04-29,0
00016871,500,2024-05-07,0
00016872,200,2022-08-15,0
00016873,50,2025-02-09,0
00016874,100,2025-07-03,100000
00016875,100,2025-09-10,0
00016876,200,2024-03-11,0
00016877,100,2024-04-23,100000
00016878,200,2023-04-14,0
00016879,100,2023-03-24,0
00016880,500,2025-08-20,0
00016881,50,2024-03-12,0
00016882,200,2025-08-09,0
00016883,200,2022-01-18,0
00016884,150,2023-12-27,150
00016885,50,2023-11-27,0
00016886,50,2025-10-22,0
00016887,500,2023-03-23,100000
00016888,100,2024-01-09,100000
00016889,500,2022-03-15,0
00016890,150,2024-06-01,0
00016891,150,2022-06-09,0
00016892,150,2022-05-19,0
00016893,150,2023-03-09,0
00016894,200,2022-04-09,0
00016895,100,2025-05-06,0
00016896,500,2025-06-03,0
00016897,200,2024-03-28,200
00016898,500,2022-08-13,0
00016899,150,2025-06-05,0
00016900,100,2024-04-25,0
00016901,150,2025-06-03,750
00016902,50,2024-07-10,0
00016903,500,2025-11-25,500
00016904,200,2024-06-10,0
00016905,150,2022-02-17,0
00016906,50,2023-07-26,0
00016907,200,2023-11-26,0
00016908,100,2022-08-04,0
00016909,200,2023-12-27,0
00016910,100,2022-12-30,0
00016911,50,2025-01-07,0
00016912,500,2024-03-17,2500
00016913,500,2022-05-01,0
00016914,200,2023-08-20,0
00016915,200,2024-01-08,0
00016916,200,2024-01-23,0
00016917,150,2022-06-03,0
00016918,100,2023-06-14,0
00016919,200,2023-08-06,0
00016920,100,2024-10-13,100
00016921,100,2022-04-27,0
00016922,50,2022-02-22,0
00016923,500,2022-07-02,0
00016924,50,2022-01-07,0
00016925,100,2022-01-12,0
00016926,100,2023-06-11,0
00016927,200,2022-01-20,0
00016928,500,2022-02-20,0
00016929,150,2024-09-28,0
00016930,500,2023-12-26,0
00016931,200,2024-03-27,200
00016932,200,2024-03-22,0
00016933,150,2025-05-12,750
00016934,500,2023-08-15,0
00016935,200,2022-06-03,0
00016936,100,2022-09-14,0
00016937,200,2025-11-13,0
00016938,200,2022-09-28,0
00016939,50,2023-11-29,0
00016940,50,2022-12-13,0
00016941,50,2023-01-04,0
00016942,150,2024-04-24,0
00016943,150,2025-04-12,0
00016944,50,2025-12-19,0
00016945,150,2024-02-24,0
00016946,200,2023-05-28,0
00016947,500,2025-03-25,0
00016948,100,2025-10-01,0
00016949,150,2023-12-23,0
00016950,500,2022-05-10,0
00016951,100,2023-04-23,0
00016952,500,2024-06-21,0
00016953,150,2023-09-14,0
00016954,100,2025-10-03,0
00016955,200,2023-04-20,0
00016956,50,2025-06-24,0
00016957,50,2024-11-14,0
00016958,150,2023-04-02,0
00016959,200,2025-05-19,0
00016960,200,2023-03-19,0
00016961,100,2025-09-01,0
00016962,500,2022-02-02,5000
00016963,500,2022-12-06,0
00016964,500,2023-12-02,0
00016965,100,2023-08-28,0
00016966,50,2023-10-12,250
00016967,50,2024-05-23,0
00016968,50,2024-12-07,0
00016969,200,2022-04-01,20000
00016970,200,2023-10-12,0
00016971,500,2024-07-01,0
00016972,100,2025-12-16,0
00016973,150,2024-05-13,0
00016974,100,2025-03-26,0
00016975,150,2023-05-29,0
00016976,50,2025-07-10,0
00016977,150,2025-07-06,0
00016978,100,2025-03-22,0
00016979,100,2024-12-15,0
00016980,100,2023-06-04,0
00016981,200,2025-05-19,0
00016982,500,2022-09-03,0
00016983,150,2025-05-28,0
00016984,50,2022-10-09,0
00016985,200,2023-11-09,0
00016986,100,2025-11-08,0
00016987,100,2022-06-07,0
00016988,100,2022-02-15,0
00016989,200,2025-05-15,0
00016990,50,2025-06-19,500
00016991,500,2025-11-26,0
00016992,200,2022-02-16,200
00016993,500,2025-12-26,0
00016994,100,2023-05-04,0
00016995,150,2023-10-15,100000
00016996,500,2022-11-02,0
00016997,150,2023-12-12,0
00016998,50,2024-11-06,0
00016999,200,2025-02-21,0
00017000,150,2025-08-25,0
00017001,150,2022-10-24,0
00017002,50,2024-07-26,0
00017003,150,2023-04-01,0
00017004,100,2022-04-04,0
00017005,500,2023-12-30,0
00017006,50,2025-08-24,0
00017007,50,2024-06-26,0
00017008,200,2024-07-03,0
00017009,150,2022-01-02,1500
00017010,100,2023-10-15,0
00017011,200,2025-12-31,1000
00017012,200,2024-07-15,0
00017013,200,2022-05-20,0
00017014,150,2024-08-24,0
00017015,150,2022-07-10,0
00017016,100,2022-11-03,0
00017017,200,2024-05-01,0
00017018,150,2024-11-07,0
00017019,100,2025-12-03,0
00017020,100,2024-05-03,0
00017021,150,2022-06-03,0
00017022,100,2025-11-25,0
00017023,150,2024-10-11,0
00017024,50,2024-03-03,5000
00017025,50,2022-06-13,0
00017026,150,2022-06-26,0
00017027,150,2022-02-22,0
00017028,50,2022-05-06,0
00017029,500,2022-11-14,0
00017030,500,2023-02-19,0
00017031,150,2025-05-14,0
00017032,200,2022-09-16,0
00017033,100,2025-07-05,0
00017034,500,2024-08-28,0
00017035,200,2023-11-04,0
00017036,100,2023-04-05,0
00017037,200,2022-09-06,0
00017038,50,2023-01-31,0
00017039,50,2022-09-19,0
00017040,100,2024-05-06,0
00017041,200,2023-12-02,0
00017042,100,2025-09-29,0
00017043,150,2024-03-06,0
00017044,150,2023-05-31,0
00017045,150,2022-01-29,0
00017046,150,2025-04-11,0
00017047,500,2025-03-18,0
00017048,200,2024-01-10,0
00017049,150,2023-05-01,0
00017050,150,2025-07-10,0
00017051,100,2025-11-05,100000
00017052,150,2024-06-16,1500
00017053,150,2024-10-10,0
00017054,150,2024-10-29,0
00017055,100,2025-06-03,0
00017056,50,2022-05-20,0
00017057,200,2024-02-28,0
00017058,500,2022-12-03,0
00017059,50,2023-07-13,0
00017060,500,2025-01-11,0
00017061,100,2024-11-29,0
00017062,150,2025-11-13,0
00017063,150,2025-08-27,0
00017064,150,2023-04-06,100000
00017065,500,2025-11-12,0
00017066,100,2025-01-29,0
00017067,150,2022-12-28,0
00017068,50,2022-11-16,0
00017069,150,2025-01-01,0
00017070,150,2025-12-02,0
00017071,500,2024-02-28,0
00017072,500,2025-12-27,0
00017073,500,2022-04-06,0
00017074,200,2024-03-31,0
00017075,150,2025-09-07,0
00017076,100,2023-09-22,0
00017077,200,2022-08-01,0
00017078,200,2025-01-31,0
00017079,200,2025-01-04,20000
00017080,50,2024-04-06,0
00017081,200,2023-03-10,0
00017082,200,2022-06-25,0
00017083,500,2024-10-11,0
00017084,150,2022-02-11,0
00017085,100,2022-06-04,0
00017086,50,2024-03-25,0
00017087,50,2024-05-18,0
00017088,200,2025-06-18,0
00017089,500,2025-03-28,0
00017090,200,2024-09-09,0
00017091,200,2022-12-19,0
00017092,50,2024-10-25,0
00017093,150,2024-08-09,0
00017094,100,2022-09-15,0
00017095,200,2025-08-28,0
00017096,500,2024-05-17,0
00017097,200,2022-07-29,0
00017098,200,2022-07-08,0
00017099,500,2025-09-25,0
00017100,200,2025-06-02,0
00017101,200,2025-01-04,0
00017102,100,2023-01-29,0
00017103,100,2025-05-08,0
00017104,50,2025-06-24,0
00017105,50,2023-04-02,0
00017106,100,2023-05-30,0
00017107,100,2023-08-09,0
00017108,50,2022-05-15,0
00017109,150,2024-11-26,0
00017110,100,2022-05-16,0
00017111,500,2023-11-14,500
00017112,500,2022-01-04,0
00017113,50,2024-06-09,0
00017114,200,2025-09-28,0
00017115,50,2023-03-06,5000
00017116,150,2023-10-03,0
00017117,100,2023-01-31,0
00017118,150,2022-11-27,0
00017119,50,2023-04-02,0
00017120,100,2023-05-13,0
00017121,100,2022-07-01,500
00017122,150,2023-09-07,0
00017123,200,2023-11-02,0
00017124,500,2022-05-22,0
00017125,500,2025-10-01,0
00017126,500,2024-07-08,0
00017127,100,2022-07-15,0
00017128,200,2022-01-04,0
00017129,500,2025-09-09,0
00017130,150,2025-02-04,0
00017131,50,2022-05-18,0
00017132,100,2023-11-07,0
00017133,200,2023-01-31,0
00017134,200,2025-06-15,0
00017135,100,2024-06-13,0
00017136,100,2024-05-08,0
00017137,150,2025-10-02,0
00017138,150,2025-04-01,0
00017139,50,2022-03-04,0
00017140,100,2022-09-28,0
00017141,200,2023-01-31,0
00017142,50,2024-02-12,0
00017143,50,2023-07-17,0
00017144,500,2023-08-27,0
00017145,500,2022-10-15,0
00017146,50,2025-06-11,0
00017147,150,2024-07-04,0
00017148,100,2025-08-08,0
00017149,150,2022-04-13,0
00017150,200,2025-01-13,0
00017151,50,2025-03-25,0
00017152,100,2024-10-26,0
00017153,50,2022-07-13,0
00017154,50,2023-03-18,0
00017155,500,2025-06-13,0
00017156,500,2025-05-05,0
00017157,50,2022-08-03,0
00017158,50,2025-09-26,0
00017159,150,2025-06-27,0
00017160,150,2024-09-30,0
00017161,50,2024-06-09,0
00017162,50,2025-07-10,0
00017163,500,2022-03-12,0
00017164,50,2023-09-28,0
00017165,50,2022-01-13,0
00017166,150,2025-10-29,0
00017167,150,2024-05-10,0
00017168,50,2025-12-06,0
00017169,50,2023-07-16,0
00017170,100,2024-05-02,1000
00017171,200,2023-06-21,0
00017172,50,2022-08-09,0
00017173,150,2023-06-29,0
00017174,500,2025-07-17,0
00017175,500,2022-09-24,0
00017176,200,2025-05-04,0
00017177,50,2025-05-06,0
00017178,500,2025-09-09,500
00017179,100,2024-02-16,0
00017180,200,2025-08-10,0
00017181,500,2022-09-21,5000
00017182,500,2023-09-12,0
00017183,100,2024-03-25,100000
00017184,50,2022-06-02,0
00017185,500,2022-01-28,0
00017186,50,2023-11-28,0
00017187,100,2024-05-02,10000
00017188,150,2023-03-07,0
00017189,150,2025-07-17,0
00017190,100,2025-09-03,0
00017191,500,2024-10-06,0
00017192,50,2022-01-07,0
00017193,200,2022-03-10,0
00017194,150,2023-02-07,0
00017195,50,2024-01-05,0
00017196,150,2024-06-03,0
00017197,150,2025-10-18,0
00017198,500,2025-01-24,0
00017199,500,2025-08-17,0
00017200,500,2022-02-05,0
00017201,150,2025-05-05,0
00017202,150,2024-04-23,0
00017203,150,2023-10-23,0
00017204,50,2025-10-31,0
00017205,100,2022-11-30,0
00017206,50,2023-11-13,0
00017207,200,2025-10-08,0
00017208,150,2022-07-24,100000
00017209,100,2024-01-27,0
00017210,50,2025-07-07,100000
00017211,500,2022-05-31,0
00017212,200,2024-10-16,0
00017213,50,2025-07-02,0
00017214,150,2022-11-14,100000
00017215,150,2025-10-17,0
00017216,200,2024-12-22,0
00017217,50,2023-06-19,0
00017218,100,2025-05-26,0
00017219,500,2022-01-29,100000
00017220,500,2025-04-17,0
00017221,150,2025-01-10,0
00017222,150,2024-09-18,0
00017223,100,2025-05-31,0
00017224,500,2022-04-03,0
00017225,50,2023-03-15,0
00017226,100,2022-06-19,0
00017227,150,2025-02-04,0
00017228,200,2025-03-06,0
00017229,150,2024-11-29,0
00017230,50,2024-07-24,0
00017231,200,2025-02-02,1000
00017232,150,2022-02-15,0
00017233,150,2025-11-16,0
00017234,150,2022-01-30,0
00017235,50,2025-02-07,0
00017236,200,2022-06-03,0
00017237,50,2022-01-05,500
00017238,500,2024-01-03,0
00017239,50,2022-10-04,0
00017240,150,2024-11-02,0
00017241,50,2025-04-08,0
00017242,150,2022-12-05,0
00017243,100,2025-12-04,0
00017244,100,2023-10-24,0
00017245,200,2022-06-10,0
00017246,50,2022-11-15,0
00017247,500,2025-01-15,0
00017248,50,2022-04-30,0
00017249,100,2022-09-06,0
00017250,500,2023-06-08,0
00017251,200,2022-08-13,0
00017252,150,2024-11-20,0
00017253,100,2023-05-29,0
00017254,50,2025-05-11,0
00017255,150,2022-10-05,0
00017256,200,2022-06-06,0
00017257,200,2024-04-25,0
00017258,500,2023-09-04,0
00017259,50,2022-01-04,250
00017260,100,2023-03-26,0
00017261,50,2022-09-09,0
00017262,500,2024-02-21,0
00017263,150,2025-07-05,0
00017264,200,2023-05-19,0
00017265,500,2025-08-18,0
00017266,100,2024-03-06,0
00017267,50,2023-08-24,0
00017268,150,2024-03-16,0
00017269,100,2024-10-31,10000
00017270,150,2025-09-18,0
00017271,50,2023-10-05,0
00017272,500,2025-10-12,0
00017273,500,2025-08-05,100000
00017274,150,2022-01-16,0
00017275,150,2022-11-28,0
00017276,50,2024-06-11,0
00017277,200,2022-11-09,0
00017278,200,2024-10-04,0
00017279,50,2025-12-04,0
00017280,100,2024-08-14,0
00017281,50,2022-04-14,0
00017282,150,2025-04-08,1500
00017283,200,2025-03-18,0
00017284,50,2024-02-04,0
00017285,50,2025-02-04,0
00017286,150,2024-01-24,0
00017287,200,2023-06-09,0
00017288,150,2022-10-15,0
00017289,200,2023-02-11,0
00017290,150,2022-10-17,0
00017291,500,2024-09-09,0
00017292,100,2025-03-06,0
00017293,100,2022-02-16,0
00017294,500,2022-06-05,0
00017295,200,2022-12-19,0
00017296,50,2025-08-31,0
00017297,150,2022-10-26,1500
00017298,200,2024-11-22,0
00017299,100,2022-08-07,0
00017300,200,2022-10-08,0
00017301,100,2022-05-05,0
00017302,100,2023-07-29,0
00017303,100,2022-02-02,100
00017304,100,2022-05-15,0
00017305,150,2023-09-22,0
00017306,150,2023-05-24,0
00017307,200,2024-10-25,0
00017308,50,2024-01-31,0
00017309,500,2022-10-10,0
00017310,200,2024-08-29,1000
00017311,200,2022-04-19,0
00017312,500,2024-08-13,0
00017313,200,2025-06-08,0
00017314,500,2024-07-10,0
00017315,150,2024-04-05,0
00017316,200,2025-08-20,0
00017317,50,2022-05-11,0
00017318,50,2024-07-06,0
00017319,150,2025-06-19,0
00017320,200,2022-12-10,0
00017321,200,2023-01-25,0
00017322,200,2024-11-02,200
00017323,200,2022-08-20,0
00017324,500,2023-08-02,0
00017325,50,2025-09-09,0
00017326,150,2025-07-24,0
00017327,50,2022-07-14,5000
00017328,50,2023-08-01,0
00017329,150,2025-03-13,0
00017330,100,2025-08-22,0
00017331,100,2023-03-07,0
00017332,50,2023-09-16,0
00017333,50,2024-04-12,0
00017334,50,2024-06-02,0
00017335,500,2025-09-22,0
00017336,150,2024-04-26,0
00017337,50,2024-09-25,0
00017338,500,2024-12-15,0
00017339,500,2023-11-08,0
00017340,50,2022-08-30,0
00017341,500,2024-07-18,0
00017342,500,2022-05-03,0
00017343,200,2022-08-29,0
00017344,150,2024-11-22,0
00017345,100,2024-04-03,0
00017346,100,2024-04-05,0
00017347,150,2023-11-26,0
00017348,500,2023-08-08,0
00017349,500,2023-02-27,0
00017350,150,2024-08-03,0
00017351,200,2023-12-11,0
00017352,500,2025-10-04,50000
00017353,50,2022-05-19,0
00017354,200,2024-12-18,0
00017355,150,2023-07-26,750
00017356,200,2023-06-18,0
00017357,500,2023-06-08,0
00017358,150,2023-04-19,0
00017359,100,2024-04-11,0
00017360,50,2023-08-10,0
00017361,200,2024-07-28,0
00017362,500,2024-12-09,500
00017363,500,2022-12-12,0
00017364,200,2025-08-13,0
00017365,200,2024-08-07,0
00017366,200,2024-06-16,0
00017367,150,2024-02-07,0
00017368,200,2023-04-27,0
00017369,100,2025-08-08,0
00017370,50,2025-08-04,0
00017371,500,2022-08-03,0
00017372,200,2023-11-01,0
00017373,50,2023-03-14,0
00017374,150,2025-07-09,0
00017375,150,2023-12-05,0
00017376,500,2024-07-24,0
00017377,50,2024-07-31,0
00017378,50,2024-09-02,0
00017379,50,2023-09-25,0
00017380,150,2023-11-22,0
00017381,50,2022-02-10,250
00017382,50,2023-06-21,0
00017383,200,2022-12-19,0
00017384,500,2022-12-26,0
00017385,100,2025-03-22,0
00017386,150,2024-02-22,0
00017387,100,2023-06-14,1000
00017388,150,2025-08-15,0
00017389,100,2023-10-31,0
00017390,50,2024-10-17,0
00017391,500,2023-12-29,0
00017392,100,2025-08-24,0
00017393,100,2023-07-07,0
00017394,150,2022-11-13,0
00017395,100,2022-11-12,500
00017396,50,2023-07-18,5000
00017397,150,2025-03-15,0
00017398,200,2022-11-28,0
00017399,100,2022-05-07,0
00017400,50,2023-07-25,0
00017401,200,2022-04-07,0
00017402,200,2023-04-20,0
00017403,150,2022-03-10,750
00017404,100,2022-08-29,0
00017405,150,2024-03-09,0
00017406,500,2023-02-04,0
00017407,50,2024-02-06,0
00017408,200,2023-12-13,100000
00017409,200,2025-07-10,0
00017410,150,2025-01-12,0
00017411,150,2025-10-03,0
00017412,100,2024-03-23,0
00017413,150,2022-05-28,0
00017414,50,2022-03-10,0
00017415,100,2022-03-09,0
00017416,200,2024-10-03,0
00017417,50,2023-09-02,5000
00017418,100,2023-05-17,0
00017419,50,2024-01-13,0
00017420,200,2023-10-08,0
00017421,200,2024-08-26,0
00017422,100,2025-03-26,0
00017423,150,2024-12-07,0
00017424,100,2022-06-15,0
00017425,100,2023-07-08,0
00017426,100,2022-03-09,0
00017427,50,2023-08-11,0
00017428,50,2024-07-21,0
00017429,100,2022-10-21,0
00017430,150,2025-06-19,0
00017431,500,2023-11-12,0
00017432,500,2023-01-30,0
00017433,200,2023-08-24,0
00017434,200,2022-03-09,20000
00017435,200,2025-09-29,0
00017436,200,2023-03-14,0
00017437,500,2022-04-28,0
00017438,50,2023-02-28,500
00017439,100,2025-11-08,0
00017440,100,2023-03-02,0
00017441,150,2022-12-03,0
00017442,200,2024-10-08,0
00017443,150,2023-08-10,0
00017444,50,2024-03-25,0
00017445,100,2023-06-25,0
00017446,500,2024-03-28,0
00017447,200,2022-03-12,0
00017448,50,2025-12-31,0
00017449,50,2024-03-22,0
00017450,150,2023-10-28,0
00017451,100,2024-08-14,0
00017452,100,2025-09-10,0
00017453,200,2022-04-25,0
00017454,150,2025-10-04,0
00017455,200,2025-06-08,0
00017456,50,2023-10-01,0
00017457,200,2022-05-30,100000
00017458,200,2025-09-17,0
00017459,150,2023-06-24,0
00017460,500,2022-04-02,0
00017461,150,2023-02-11,0
00017462,50,2022-12-08,0
00017463,200,2024-07-27,0
00017464,50,2023-11-08,500
00017465,200,2022-12-11,0
00017466,200,2023-01-18,0
00017467,150,2024-03-24,0
00017468,150,2024-03-24,100000
00017469,150,2022-06-26,100000
00017470,50,2024-04-08,0
00017471,200,2023-04-27,0
00017472,100,2025-10-10,0
00017473,500,2022-05-26,0
00017474,50,2024-10-03,0
00017475,50,2023-01-04,0
00017476,100,2025-10-27,0
00017477,500,2022-06-08,0
00017478,150,2022-10-13,0
00017479,100,2025-05-27,0
00017480,150,2023-05-21,0
00017481,50,2025-02-04,0
00017482,200,2024-03-10,20000
00017483,150,2025-10-23,0
00017484,100,2025-10-03,0
00017485,150,2024-12-02,0
00017486,500,2023-04-28,0
00017487,50,2024-10-20,0
00017488,100,2023-04-27,0
00017489,150,2022-04-08,0
00017490,100,2024-08-24,0
00017491,200,2025-07-25,0
00017492,500,2023-01-09,0
00017493,200,2024-12-05,0
00017494,500,2022-02-18,0
00017495,50,2024-09-12,0
00017496,200,2023-11-19,0
00017497,50,2022-04-12,0
00017498,100,2024-09-19,0
00017499,50,2025-06-15,0
00017500,200,2025-09-11,0
00017501,150,2024-08-21,0
00017502,500,2022-11-15,0
00017503,100,2023-03-31,0
00017504,50,2023-06-27,0
00017505,50,2023-03-19,0
00017506,150,2024-07-09,0
00017507,200,2025-03-10,0
00017508,100,2025-07-16,0
00017509,200,2025-12-11,0
00017510,150,2025-03-14,0
00017511,100,2024-10-18,0
00017512,100,2025-06-04,0
00017513,100,2024-03-20,0
00017514,500,2023-03-15,0
00017515,150,2022-03-02,0
00017516,100,2024-11-20,100000
00017517,150,2025-06-06,0
00017518,200,2022-06-04,0
00017519,50,2025-04-22,0
00017520,50,2025-05-13,0
00017521,50,2023-06-23,250
00017522,100,2024-03-17,0
00017523,200,2022-10-28,0
00017524,150,2023-11-06,0
00017525,100,2024-09-18,0
00017526,150,2022-10-06,0
00017527,100,2022-10-02,0
00017528,200,2023-01-03,0
00017529,100,2022-07-28,0
00017530,150,2023-05-03,0
00017531,50,2022-07-17,0
00017532,500,2023-01-20,0
00017533,100,2025-03-06,0
00017534,200,2023-06-04,0
00017535,50,2025-12-14,0
00017536,150,2025-12-09,0
00017537,50,2024-05-14,5000
00017538,100,2023-08-30,0
00017539,150,2022-08-06,0
00017540,500,2024-05-20,0
00017541,50,2023-11-30,0
00017542,150,2022-11-02,0
00017543,200,2024-03-20,0
00017544,200,2022-05-15,0
00017545,50,2024-11-14,250
00017546,50,2024-07-17,0
00017547,500,2022-09-01,0
00017548,50,2025-01-05,0
00017549,200,2023-11-07,0
00017550,50,2024-04-21,0
00017551,200,2025-04-03,0
00017552,500,2023-11-28,0
00017553,50,2024-02-14,0
00017554,200,2025-08-21,0
00017555,150,2025-06-23,0
00017556,500,2022-06-04,0
00017557,500,2024-02-16,0
00017558,200,2025-04-13,0
00017559,50,2023-01-12,0
00017560,200,2023-07-17,0
00017561,500,2025-12-23,0
00017562,150,2025-11-06,0
00017563,150,2023-04-26,0
00017564,50,2023-07-05,0
00017565,150,2022-11-14,0
00017566,50,2024-05-06,0
00017567,100,2022-09-03,0
00017568,200,2023-07-11,0
00017569,150,2022-10-30,0
00017570,50,2023-01-16,0
00017571,100,2025-08-15,0
00017572,500,2024-09-09,0
00017573,500,2022-07-09,0
00017574,500,2022-02-27,0
00017575,150,2024-06-27,0
00017576,200,2023-11-01,0
00017577,100,2025-04-25,0
00017578,500,2023-04-30,0
00017579,150,2022-01-31,0
00017580,100,2023-04-27,0
00017581,50,2022-02-19,0
00017582,100,2023-10-23,500
00017583,150,2025-08-24,0
00017584,100,2025-10-08,0
00017585,100,2022-05-15,0
00017586,50,2025-05-24,0
00017587,50,2024-02-19,0
00017588,100,2023-12-15,0
00017589,50,2025-12-07,0
00017590,150,2023-03-09,0
00017591,500,2022-12-07,0
00017592,50,2024-09-19,0
00017593,500,2025-03-16,0
00017594,100,2022-03-08,0
00017595,500,2022-09-30,0
00017596,500,2023-06-06,0
00017597,500,2025-11-09,100000
00017598,150,2023-12-11,0
00017599,500,2024-05-05,0
00017600,50,2025-03-01,0
00017601,500,2022-06-24,0
00017602,100,2024-01-27,0
00017603,500,2025-05-24,0
00017604,150,2023-10-22,0
00017605,200,2023-11-25,1000
00017606,500,2024-06-07,0
00017607,100,2024-04-28,0
00017608,150,2024-03-01,150
00017609,200,2022-01-23,0
00017610,100,2023-04-09,0
00017611,50,2024-09-18,0
00017612,100,2024-02-23,0
00017613,100,2024-10-17,0
00017614,200,2022-01-09,0
00017615,150,2023-05-06,0
00017616,100,2022-08-10,0
00017617,500,2025-05-03,0
00017618,50,2025-09-19,0
00017619,500,2024-07-12,0
00017620,500,2024-05-22,0
00017621,100,2022-04-18,0
00017622,500,2024-05-30,0
00017623,100,2022-05-14,0
00017624,50,2025-08-13,0
00017625,200,2025-02-04,0
00017626,200,2023-10-05,0
00017627,500,2024-02-28,0
00017628,200,2023-06-14,200
00017629,500,2022-10-22,0
00017630,150,2023-05-21,0
00017631,200,2023-11-17,0
00017632,50,2023-06-18,0
00017633,50,2024-06-08,0
00017634,100,2025-01-13,0
00017635,150,2022-04-11,0
00017636,200,2022-09-15,0
00017637,200,2023-11-20,0
00017638,200,2024-05-06,0
00017639,50,2025-04-06,0
00017640,150,2022-09-23,0
00017641,50,2025-06-16,0
00017642,100,2024-04-16,0
00017643,50,2023-03-23,0
00017644,150,2022-11-25,0
00017645,500,2023-01-17,0
00017646,100,2022-11-01,0
00017647,200,2024-09-22,0
00017648,150,2023-02-20,0
00017649,500,2025-12-03,0
00017650,150,2025-06-18,0
00017651,500,2024-08-06,0
00017652,200,2024-04-18,0
00017653,150,2024-11-14,0
00017654,500,2022-10-31,0
00017655,150,2023-04-10,0
00017656,200,2023-02-06,0
00017657,100,2024-10-26,0
00017658,50,2024-08-03,0
00017659,200,2024-01-30,0
00017660,150,2025-05-07,0
00017661,150,2023-02-04,0
00017662,150,2022-04-08,0
00017663,500,2024-12-03,0
00017664,500,2025-09-08,0
00017665,150,2025-01-07,0
00017666,50,2025-05-27,0
00017667,200,2025-12-12,0
00017668,150,2023-10-29,0
00017669,150,2022-09-06,0
00017670,100,2025-12-06,0
00017671,500,2023-09-05,0
00017672,50,2023-10-02,0
00017673,50,2023-06-24,0
00017674,50,2023-12-31,0
00017675,50,2025-04-02,0
00017676,200,2022-10-29,0
00017677,100,2025-01-31,0
00017678,150,2024-10-09,0
00017679,150,2022-02-16,0
00017680,150,2022-11-22,0
00017681,200,2025-07-27,0
00017682,50,2023-02-16,0
00017683,200,2024-06-01,0
00017684,100,2022-04-13,0
00017685,200,2025-03-14,0
00017686,200,2023-10-19,200
00017687,500,2022-02-27,0
00017688,150,2022-07-21,0
00017689,150,2022-02-17,0
00017690,100,2023-07-29,0
00017691,200,2022-07-30,0
00017692,50,2023-07-11,0
00017693,50,2024-10-19,250
00017694,500,2022-11-07,0
00017695,500,2022-10-21,0
00017696,50,2025-12-04,0
00017697,50,2022-01-09,0
00017698,150,2022-04-02,150
00017699,150,2024-06-22,0
00017700,200,2022-12-28,0
00017701,50,2025-12-21,0
00017702,150,2023-10-22,0
00017703,200,2024-10-29,0
00017704,500,2022-02-27,0
00017705,200,2023-12-08,0
00017706,150,2023-10-04,0
00017707,500,2023-08-03,0
00017708,200,2023-04-20,0
00017709,100,2025-07-23,0
00017710,150,2024-04-28,0
00017711,500,2022-03-28,0
00017712,150,2025-02-23,0
00017713,50,2025-02-19,0
00017714,50,2023-03-03,5000
00017715,50,2024-04-10,0
00017716,150,2025-09-16,0
00017717,150,2025-04-06,1500
00017718,500,2023-05-13,0
00017719,150,2022-09-01,0
00017720,200,2025-07-04,0
00017721,100,2023-08-07,0
00017722,100,2025-12-22,0
00017723,200,2022-08-16,0
00017724,100,2022-07-24,0
00017725,500,2022-11-23,50000
00017726,50,2024-06-07,0
00017727,500,2022-12-04,0
00017728,50,2024-12-17,0
00017729,200,2025-07-24,0
00017730,50,2025-10-14,50
00017731,500,2022-05-05,0
00017732,100,2025-01-14,0
00017733,200,2025-03-28,0
00017734,50,2025-10-15,0
00017735,150,2024-07-10,0
00017736,150,2023-05-07,0
00017737,200,2023-09-27,0
00017738,50,2022-05-23,0
00017739,100,2023-12-16,0
00017740,200,2025-11-22,0
00017741,200,2023-05-25,0
00017742,500,2025-12-07,0
00017743,150,2022-02-04,0
00017744,100,2024-10-25,0
00017745,500,2022-10-22,500
00017746,200,2025-07-21,0
00017747,50,2023-06-20,0
00017748,500,2022-04-01,0
00017749,50,2025-09-03,0
00017750,150,2024-09-08,0
00017751,200,2025-06-14,0
00017752,150,2023-04-28,0
00017753,50,2022-02-20,0
00017754,200,2023-04-09,0
00017755,500,2023-01-13,0
00017756,150,2023-03-20,0
00017757,150,2025-01-11,0
00017758,100,2025-11-18,0
00017759,200,2024-03-12,0
00017760,500,2025-12-13,0
00017761,500,2024-01-12,0
00017762,150,2023-01-09,150
00017763,50,2025-07-23,0
00017764,150,2025-10-21,0
00017765,150,2025-02-01,0
00017766,200,2025-05-02,0
00017767,200,2023-07-10,200
00017768,500,2024-08-12,2500
00017769,100,2022-12-15,0
00017770,200,2024-07-23,0
00017771,500,2022-04-22,0
00017772,150,2025-07-08,0
00017773,500,2023-05-09,0
00017774,50,2023-03-04,0
00017775,150,2022-08-05,0
00017776,100,2025-08-03,0
00017777,500,2022-05-19,2500
00017778,500,2024-07-18,0
00017779,150,2024-07-06,0
00017780,150,2022-08-23,0
00017781,100,2024-08-06,100
00017782,200,2025-05-28,0
00017783,100,2023-03-02,0
00017784,100,2022-11-21,0
00017785,200,2024-03-03,0
00017786,500,2025-06-29,0
00017787,50,2022-12-03,0
00017788,200,2022-11-25,1000
00017789,100,2023-09-13,0
00017790,150,2025-02-24,0
00017791,500,2024-01-23,0
00017792,150,2024-03-25,0
00017793,500,2022-12-17,0
00017794,150,2025-05-10,100000
00017795,150,2023-09-01,1500
00017796,200,2024-01-17,0
00017797,200,2024-05-25,0
00017798,200,2025-02-11,0
00017799,100,2023-12-16,0
00017800,150,2024-11-06,0
00017801,200,2023-10-01,0
00017802,200,2024-05-05,0
00017803,150,2025-10-18,0
00017804,50,2023-10-21,0
00017805,200,2024-01-19,0
00017806,50,2024-03-22,0
00017807,500,2024-04-26,0
00017808,150,2022-05-17,100000
00017809,50,2023-10-04,0
00017810,150,2024-04-25,0
00017811,50,2023-09-28,0
00017812,200,2023-06-22,0
00017813,500,2024-10-20,0
00017814,50,2025-01-22,500
00017815,200,2024-04-14,0
00017816,200,2023-03-28,0
00017817,100,2024-10-30,0
00017818,150,2022-07-29,0
00017819,200,2023-11-08,1000
00017820,50,2025-08-02,0
00017821,100,2023-11-17,0
00017822,100,2023-04-05,0
00017823,100,2025-04-04,0
00017824,150,2023-06-28,0
00017825,200,2022-10-03,0
00017826,200,2023-05-14,0
00017827,50,2023-08-25,0
00017828,150,2025-04-23,0
00017829,50,2023-10-08,0
00017830,100,2025-10-10,0
00017831,150,2023-07-19,0
00017832,500,2025-05-10,0
00017833,500,2023-10-04,0
00017834,100,2023-11-10,0
00017835,150,2025-03-14,0
00017836,500,2025-10-29,0
00017837,50,2024-06-06,0
00017838,100,2023-12-15,0
00017839,500,2025-12-29,0
00017840,100,2025-01-31,0
00017841,150,2022-06-12,0
00017842,50,2025-03-16,0
00017843,50,2025-01-27,500
00017844,500,2024-07-25,0
00017845,50,2022-09-08,100000
00017846,200,2023-05-05,0
00017847,50,2025-03-02,0
00017848,50,2022-04-21,0
00017849,50,2023-08-01,0
00017850,150,2025-05-24,0
00017851,50,2025-06-20,0
00017852,150,2022-05-07,1500
00017853,500,2024-10-02,0
00017854,500,2023-03-02,0
00017855,150,2024-01-03,0
00017856,150,2022-12-11,1500
00017857,100,2022-02-04,0
00017858,150,2022-07-03,0
00017859,100,2025-01-21,0
00017860,200,2023-10-19,0
00017861,50,2024-08-10,0
00017862,100,2023-10-27,0
00017863,150,2023-09-29,0
00017864,50,2025-05-26,250
00017865,200,2024-01-28,0
00017866,200,2022-01-05,0
00017867,200,2025-04-01,0
00017868,50,2025-10-28,0
00017869,200,2025-04-17,0
00017870,100,2024-01-18,0
00017871,100,2025-01-14,0
00017872,500,2023-02-24,0
00017873,500,2023-10-04,0
00017874,150,2025-04-19,0
00017875,500,2022-11-24,0
00017876,50,2025-11-20,0
00017877,500,2022-09-27,0
00017878,200,2025-05-11,0
00017879,50,2024-02-07,0
00017880,150,2025-05-09,150
00017881,500,2025-08-13,0
00017882,200,2022-09-12,1000
00017883,100,2023-12-27,0
00017884,100,2022-02-25,0
00017885,150,2024-01-19,0
00017886,200,2025-04-10,0
00017887,200,2023-02-25,0
00017888,500,2023-06-20,0
00017889,500,2023-12-10,0
00017890,200,2023-02-15,0
00017891,150,2025-03-07,0
00017892,150,2025-04-27,0
00017893,100,2025-01-12,0
00017894,500,2024-10-16,0
00017895,50,2025-02-23,0
00017896,50,2022-09-03,0
00017897,100,2024-08-27,0
00017898,100,2023-03-03,0
00017899,150,2023-04-27,0
00017900,50,2025-07-13,0
00017901,50,2025-10-02,0
00017902,50,2022-10-24,0
00017903,200,2025-05-17,0
00017904,100,2024-11-10,0
00017905,500,2025-08-15,100000
00017906,50,2023-01-29,0
00017907,100,2022-12-20,0
00017908,500,2022-10-18,0
00017909,50,2023-09-18,0
00017910,150,2025-09-11,0
00017911,100,2023-10-14,0
00017912,200,2024-11-20,0
00017913,500,2022-07-20,0
00017914,150,2025-04-15,0
00017915,50,2022-03-12,0
00017916,100,2025-10-01,0
00017917,500,2025-04-25,2500
00017918,500,2023-08-27,0
00017919,150,2022-07-19,0
00017920,50,2025-01-09,0
00017921,100,2025-07-07,0
00017922,100,2024-10-09,0
00017923,150,2023-03-06,0
00017924,100,2022-05-02,0
00017925,200,2025-03-21,0
00017926,50,2024-10-16,0
00017927,100,2023-12-13,0
00017928,100,2024-04-16,0
00017929,100,2022-04-07,1000
00017930,100,2025-06-09,0
00017931,200,2025-06-16,0
00017932,150,2023-08-13,0
00017933,50,2022-07-09,0
00017934,200,2022-01-18,0
00017935,200,2022-12-03,1000
00017936,50,2022-09-29,0
00017937,200,2025-09-06,0
00017938,150,2025-07-27,0
00017939,100,2024-03-07,0
00017940,500,2022-09-19,0
00017941,100,2023-11-13,100
00017942,50,2023-05-07,0
00017943,500,2024-02-12,0
00017944,500,2023-10-31,2500
00017945,500,2022-06-19,0
00017946,500,2023-08-08,0
00017947,500,2025-04-30,0
00017948,150,2025-10-01,0
00017949,500,2023-07-24,0
00017950,200,2022-10-16,0
00017951,200,2022-10-28,0
00017952,50,2023-08-15,0
00017953,150,2022-09-15,0
00017954,200,2024-01-09,0
00017955,500,2023-06-11,0
00017956,150,2024-02-26,0
00017957,150,2023-09-09,0
00017958,200,2025-11-21,0
00017959,200,2023-09-26,0
00017960,150,2023-10-14,0
00017961,100,2025-12-11,0
00017962,500,2024-12-29,0
00017963,200,2023-09-03,0
00017964,50,2025-02-21,0
00017965,50,2023-05-28,0
00017966,50,2024-09-01,0
00017967,150,2022-11-14,100000
00017968,50,2023-04-04,0
00017969,500,2025-06-18,0
00017970,150,2023-06-18,0
00017971,500,2023-03-16,0
00017972,200,2022-09-29,0
00017973,200,2022-09-07,0
00017974,150,2022-11-07,0
00017975,50,2022-12-03,0
00017976,50,2023-02-21,0
00017977,100,2023-07-18,0
00017978,100,2023-08-13,0
00017979,100,2023-04-16,0
00017980,200,2022-10-27,2000
00017981,50,2025-05-12,0
00017982,100,2024-09-04,100
00017983,200,2023-04-29,0
00017984,500,2025-05-22,0
00017985,500,2024-09-29,0
00017986,100,2023-04-09,0
00017987,100,2022-07-18,0
00017988,500,2023-12-01,0
00017989,100,2025-08-04,0
00017990,150,2025-10-29,0
00017991,100,2024-04-30,0
00017992,100,2022-06-29,0
00017993,150,2024-01-27,0
00017994,50,2025-02-14,0
00017995,500,2025-02-28,0
00017996,500,2024-11-22,0
00017997,50,2024-12-16,0
00017998,50,2025-05-17,0
00017999,100,2025-02-23,0
00018000,500,2023-04-27,0
00018001,50,2024-04-23,0
00018002,100,2025-09-09,0
00018003,150,2023-11-27,0
00018004,150,2023-02-05,0
00018005,500,2025-10-18,0
00018006,50,2025-05-05,0
00018007,50,2023-07-08,100000
00018008,100,2023-01-15,0
00018009,150,2023-02-06,0
00018010,50,2022-02-20,0
00018011,50,2025-10-26,0
00018012,200,2023-04-06,0
00018013,100,2023-03-30,0
00018014,100,2022-01-08,0
00018015,200,2022-12-16,0
00018016,200,2024-10-26,0
00018017,500,2022-02-28,0
00018018,50,2022-10-05,250
00018019,150,2024-10-12,0
00018020,500,2025-04-19,0
00018021,500,2022-06-09,5000
00018022,50,2025-03-11,0
00018023,100,2024-08-22,0
00018024,150,2023-08-19,0
00018025,150,2022-12-28,0
00018026,200,2024-02-26,0
00018027,50,2023-12-30,0
00018028,500,2023-03-08,100000
00018029,200,2024-10-06,0
00018030,150,2022-08-07,0
00018031,150,2022-04-26,0
00018032,500,2022-04-09,5000
00018033,150,2022-02-12,0
00018034,200,2024-06-15,0
00018035,50,2025-09-24,0
00018036,100,2022-07-19,0
00018037,150,2024-08-23,0
00018038,50,2022-03-10,5000
00018039,200,2025-01-05,0
00018040,150,2023-05-05,0
00018041,200,2025-08-09,0
00018042,150,2024-07-12,0
00018043,50,2025-11-20,0
00018044,150,2024-10-26,15000
00018045,100,2022-04-08,0
00018046,50,2022-12-23,0
00018047,50,2025-01-02,0
00018048,200,2023-02-01,0
00018049,200,2022-10-02,0
00018050,50,2022-07-11,0
00018051,500,2022-03-06,0
00018052,100,2022-06-27,10000
00018053,100,2023-04-22,0
00018054,150,2022-03-17,0
00018055,200,2025-10-11,0
00018056,100,2025-10-17,0
00018057,100,2025-03-25,0
00018058,150,2024-03-16,0
00018059,150,2024-10-09,0
00018060,50,2024-06-04,0
00018061,150,2024-01-29,0
00018062,500,2022-04-20,0
00018063,150,2023-04-07,0
00018064,150,2022-11-21,0
00018065,100,2024-06-22,0
00018066,150,2024-06-13,0
00018067,200,2022-09-15,0
00018068,200,2024-03-09,2000
00018069,200,2025-04-19,2000
00018070,150,2022-12-07,0
00018071,150,2022-12-16,0
00018072,150,2025-05-08,0
00018073,150,2022-10-29,0
00018074,500,2024-07-10,0
00018075,200,2023-07-11,0
00018076,50,2025-06-18,0
00018077,200,2022-03-23,0
00018078,100,2023-08-18,0
00018079,500,2025-06-28,0
00018080,100,2022-05-22,0
00018081,50,2022-09-09,0
00018082,150,2023-04-26,0
00018083,500,2025-05-19,0
00018084,50,2022-07-16,0
00018085,150,2023-07-28,0
00018086,150,2022-01-10,150
00018087,150,2023-03-14,0
00018088,200,2025-06-05,0
00018089,50,2025-12-12,0
00018090,500,2022-02-24,0
00018091,500,2023-05-09,0
00018092,150,2023-12-23,0
00018093,100,2024-05-24,0
00018094,150,2025-07-21,0
00018095,150,2025-06-09,0
00018096,500,2025-12-27,0
00018097,100,2023-12-17,0
00018098,100,2025-07-18,0
00018099,50,2023-09-14,0
00018100,500,2022-12-10,0
00018101,150,2024-04-06,0
00018102,500,2024-10-10,0
00018103,500,2023-11-03,50000
00018104,500,2025-08-05,0
00018105,200,2023-01-07,0
00018106,100,2022-04-27,0
00018107,50,2023-11-15,0
00018108,500,2024-04-07,0
00018109,500,2025-10-13,0
00018110,500,2023-06-20,0
00018111,50,2025-05-18,0
00018112,100,2023-08-04,0
00018113,50,2025-08-15,0
00018114,500,2025-06-17,0
00018115,200,2023-11-20,0
00018116,200,2022-08-05,200
00018117,100,2025-06-29,0
00018118,150,2025-06-08,0
00018119,100,2023-10-14,100000
00018120,200,2023-12-20,0
00018121,150,2023-02-22,0
00018122,50,2025-02-26,0
00018123,200,2022-06-06,0
00018124,50,2022-05-14,0
00018125,200,2023-07-15,0
00018126,50,2025-06-27,0
00018127,100,2025-12-25,0
00018128,150,2022-05-26,0
00018129,100,2024-05-25,0
00018130,500,2022-01-30,0
00018131,100,2022-11-11,0
00018132,500,2025-04-26,0
00018133,50,2022-07-07,0
00018134,100,2022-03-11,0
00018135,200,2022-02-27,0
00018136,50,2024-12-19,0
00018137,200,2025-04-25,20000
00018138,200,2025-11-30,0
00018139,100,2025-07-28,0
00018140,200,2025-03-15,0
00018141,200,2023-12-08,0
00018142,200,2023-09-26,0
00018143,50,2022-06-22,5000
00018144,500,2025-08-27,0
00018145,200,2023-08-22,100000
00018146,200,2022-04-23,1000
00018147,100,2024-01-29,0
00018148,200,2024-02-20,0
00018149,50,2025-01-19,50
00018150,50,2024-12-14,0
00018151,100,2024-07-18,10000
00018152,50,2022-02-12,0
00018153,100,2022-10-15,0
00018154,50,2022-12-13,0
00018155,500,2023-03-23,0
00018156,500,2022-03-27,0
00018157,50,2022-09-07,0
00018158,50,2025-01-23,0
00018159,200,2025-03-05,0
00018160,150,2025-04-19,0
00018161,200,2024-08-06,0
00018162,500,2024-09-03,0
00018163,50,2022-08-14,0
00018164,150,2022-06-12,15000
00018165,100,2023-01-03,0
00018166,100,2024-01-14,0
00018167,200,2023-06-11,0
00018168,500,2023-11-06,0
00018169,200,2022-09-06,0
00018170,100,2022-08-11,10000
00018171,50,2022-11-16,0
00018172,150,2023-09-10,0
00018173,500,2024-03-10,0
00018174,50,2022-11-18,0
00018175,100,2022-06-21,0
00018176,100,2023-10-29,0
00018177,150,2025-07-27,0
00018178,150,2025-11-25,0
00018179,150,2025-06-19,0
00018180,150,2022-01-05,0
00018181,100,2023-08-26,0
00018182,150,2025-08-25,0
00018183,200,2023-03-17,0
00018184,150,2023-01-03,0
00018185,200,2025-07-12,0
00018186,500,2024-06-25,0
00018187,50,2025-11-06,0
00018188,100,2022-01-05,0
00018189,200,2022-07-04,0
00018190,500,2025-07-29,0
00018191,100,2022-08-05,0
00018192,200,2024-07-09,0
00018193,200,2023-07-28,0
00018194,100,2022-12-31,0
00018195,200,2025-02-09,1000
00018196,500,2022-05-07,5000
00018197,500,2024-06-04,0
00018198,500,2024-03-02,0
00018199,200,2024-06-13,0
00018200,200,2022-03-06,0
00018201,500,2024-06-08,0
00018202,150,2025-06-03,0
00018203,50,2023-06-11,0
00018204,200,2022-09-09,0
00018205,150,2025-05-04,0
00018206,150,2023-10-19,0
00018207,150,2023-09-16,0
00018208,150,2024-08-16,0
00018209,50,2023-05-18,0
00018210,200,2022-08-16,0
00018211,150,2022-12-09,0
00018212,500,2023-03-10,0
00018213,100,2024-12-03,0
00018214,200,2023-03-17,0
00018215,100,2024-08-17,0
00018216,200,2023-10-19,0
00018217,500,2025-07-17,0
00018218,200,2023-09-17,0
00018219,150,2024-05-27,0
00018220,150,2025-07-10,0
00018221,50,2023-01-23,0
00018222,50,2022-02-27,0
00018223,50,2023-09-07,0
00018224,200,2023-10-31,0
00018225,500,2023-08-25,0
00018226,100,2025-02-08,0
00018227,100,2023-03-17,0
00018228,100,2023-09-18,0
00018229,150,2023-05-17,0
00018230,200,2024-05-04,0
00018231,100,2022-09-29,0
00018232,500,2025-05-11,0
00018233,200,2024-01-18,0
00018234,150,2023-09-14,0
00018235,100,2025-09-22,500
00018236,500,2025-01-25,2500
00018237,100,2025-07-25,0
00018238,200,2022-05-30,0
00018239,50,2024-01-19,0
00018240,200,2022-01-17,2000
00018241,50,2022-08-24,0
00018242,150,2024-12-18,0
00018243,200,2022-11-11,0
00018244,150,2023-05-14,0
00018245,100,2025-01-28,1000
00018246,500,2024-08-05,0
00018247,200,2023-11-23,200
00018248,200,2023-02-18,0
00018249,200,2025-07-29,0
00018250,150,2024-06-18,0
00018251,500,2022-10-08,0
00018252,150,2022-05-12,100000
00018253,500,2022-07-09,100000
00018254,150,2023-08-27,0
00018255,50,2022-10-12,0
00018256,100,2022-10-11,0
00018257,200,2023-11-19,0
00018258,150,2022-10-27,0
00018259,200,2025-07-11,0
00018260,50,2025-07-20,0
00018261,200,2023-02-09,0
00018262,200,2024-06-30,0
00018263,100,2025-11-24,0
00018264,50,2023-09-26,0
00018265,50,2024-07-28,0
00018266,500,2024-10-27,0
00018267,200,2022-06-10,0
00018268,150,2023-01-16,0
00018269,150,2022-10-02,0
00018270,50,2024-02-10,0
00018271,150,2024-02-21,0
00018272,150,2023-02-12,0
00018273,100,2024-11-02,0
00018274,50,2024-04-25,0
00018275,100,2025-11-15,0
00018276,500,2023-10-03,0
00018277,50,2023-12-30,0
00018278,200,2023-06-16,0
00018279,500,2023-08-23,0
00018280,150,2022-10-01,0
00018281,500,2024-09-18,0
00018282,100,2025-08-27,0
00018283,500,2024-07-27,0
00018284,500,2025-04-22,0
00018285,100,2023-08-13,0
00018286,150,2022-02-24,0
00018287,150,2022-11-07,0
00018288,50,2022-08-19,0
00018289,500,2025-06-05,0
00018290,50,2024-08-27,0
00018291,150,2023-07-27,0
00018292,500,2025-08-21,5000
00018293,200,2025-12-11,0
00018294,200,2024-02-27,0
00018295,200,2025-05-02,0
00018296,100,2023-05-01,0
00018297,100,2022-01-18,500
00018298,150,2023-12-21,0
00018299,500,2023-11-17,0
00018300,100,2025-08-02,0
00018301,100,2024-07-19,0
00018302,200,2025-09-30,0
00018303,50,2022-12-26,0
00018304,100,2023-09-30,0
00018305,200,2022-03-07,0
00018306,50,2022-08-28,500
00018307,50,2024-10-01,0
00018308,100,2024-01-18,0
00018309,200,2022-10-18,0
00018310,500,2025-07-18,0
00018311,150,2022-06-27,0
00018312,500,2023-09-25,0
00018313,500,2024-10-11,0
00018314,200,2022-05-24,0
00018315,50,2023-04-19,0
00018316,500,2023-03-18,0
00018317,500,2025-10-26,0
00018318,50,2023-12-18,0
00018319,150,2025-01-07,0
00018320,100,2023-11-09,0
00018321,200,2023-03-13,0
00018322,150,2023-02-12,0
00018323,100,2022-09-13,0
00018324,100,2022-01-01,0
00018325,500,2022-10-17,0
00018326,200,2025-09-15,0
00018327,200,2025-02-17,0
00018328,200,2024-09-12,0
00018329,150,2023-04-01,0
00018330,200,2022-10-08,100000
00018331,200,2023-12-26,20000
00018332,200,2025-06-15,0
00018333,100,2025-01-24,0
00018334,200,2024-11-26,0
00018335,150,2023-08-20,1500
00018336,500,2023-04-30,0
00018337,50,2022-06-28,0
00018338,500,2023-10-13,0
00018339,50,2022-12-15,0
00018340,100,2022-07-23,0
00018341,200,2025-11-20,0
00018342,50,2023-05-18,0
00018343,200,2023-05-27,0
00018344,150,2022-09-08,0
00018345,100,2022-10-24,0
00018346,50,2024-05-25,0
00018347,200,2022-07-11,0
00018348,50,2024-06-20,0
00018349,100,2025-06-24,0
00018350,200,2022-06-10,0
00018351,150,2024-11-12,0
00018352,150,2023-07-09,0
00018353,100,2022-03-02,1000
00018354,150,2025-10-15,0
00018355,200,2024-09-27,0
00018356,150,2022-09-06,0
00018357,150,2024-05-10,0
00018358,150,2022-07-25,0
00018359,50,2024-04-02,0
00018360,100,2024-01-22,0
00018361,100,2025-12-16,0
00018362,50,2023-11-12,0
00018363,150,2024-08-06,0
00018364,200,2024-04-07,0
00018365,200,2022-04-30,0
00018366,150,2022-02-17,0
00018367,200,2024-05-25,0
00018368,200,2025-03-24,0
00018369,150,2022-02-09,0
00018370,150,2025-12-28,0
00018371,50,2022-04-07,0
00018372,500,2024-04-19,0
00018373,100,2022-10-06,0
00018374,150,2024-10-13,0
00018375,50,2025-08-21,0
00018376,50,2023-01-05,0
00018377,50,2025-10-13,0
00018378,150,2023-02-05,0
00018379,500,2023-08-04,0
00018380,100,2023-10-14,0
00018381,200,2022-04-13,200
00018382,500,2025-09-13,0
00018383,50,2024-11-17,0
00018384,200,2025-07-18,0
00018385,500,2022-09-07,0
00018386,500,2025-07-17,0
00018387,200,2022-06-16,0
00018388,500,2025-04-28,0
00018389,100,2025-02-18,0
00018390,50,2025-06-04,0
00018391,500,2022-09-21,5000
00018392,50,2022-07-19,0
00018393,50,2024-08-11,0
00018394,200,2024-05-12,0
00018395,50,2024-11-13,100000
00018396,200,2025-12-30,0
00018397,150,2022-09-14,0
00018398,100,2023-09-20,0
00018399,50,2023-11-15,0
00018400,500,2025-06-12,0
00018401,500,2022-08-08,0
00018402,200,2024-06-12,0
00018403,50,2024-09-25,0
00018404,100,2022-06-09,0
00018405,500,2024-08-01,0
00018406,500,2023-05-19,0
00018407,150,2022-10-09,0
00018408,200,2025-10-17,0
00018409,100,2023-12-07,0
00018410,100,2024-10-04,0
00018411,150,2022-05-09,100000
00018412,100,2023-10-19,0
00018413,200,2025-07-06,0
00018414,50,2024-02-25,0
00018415,50,2024-07-22,0
00018416,50,2023-11-07,0
00018417,100,2024-04-26,0
00018418,50,2023-02-04,0
00018419,100,2023-11-15,500
00018420,150,2024-04-03,15000
00018421,150,2025-04-28,0
00018422,500,2024-06-22,0
00018423,150,2025-08-15,0
00018424,200,2025-12-04,0
00018425,150,2025-01-08,0
00018426,500,2024-09-27,0
00018427,500,2025-09-12,0
00018428,100,2023-11-07,0
00018429,500,2025-01-17,0
00018430,200,2023-07-27,0
00018431,150,2022-04-29,0
00018432,50,2023-11-29,500
00018433,200,2024-02-04,20000
00018434,150,2025-11-20,0
00018435,500,2024-05-28,0
00018436,100,2025-01-22,0
00018437,150,2023-08-24,0
00018438,200,2022-06-10,0
00018439,50,2022-12-05,0
00018440,100,2025-08-06,0
00018441,100,2023-06-24,0
00018442,50,2022-02-22,0
00018443,200,2022-10-05,0
00018444,500,2024-07-01,0
00018445,200,2024-01-21,0
00018446,100,2025-12-31,0
00018447,200,2024-10-18,0
00018448,100,2025-05-27,0
00018449,200,2024-06-21,0
00018450,200,2024-07-19,0
00018451,50,2022-03-10,0
00018452,500,2023-05-31,0
00018453,200,2022-09-07,0
00018454,50,2024-11-30,0
00018455,50,2022-01-26,0
00018456,150,2022-03-14,0
00018457,100,2023-11-18,0
00018458,500,2023-01-11,0
00018459,50,2024-09-21,0
00018460,100,2022-04-19,0
00018461,50,2024-06-14,0
00018462,150,2024-06-11,0
00018463,50,2024-10-24,0
00018464,200,2024-11-07,0
00018465,200,2025-08-08,0
00018466,500,2025-01-29,0
00018467,150,2023-12-18,0
00018468,200,2025-06-22,0
00018469,150,2024-08-10,0
00018470,200,2022-06-24,100000
00018471,50,2024-07-27,0
00018472,500,2023-08-25,0
00018473,500,2022-04-21,0
00018474,500,2025-12-21,0
00018475,100,2023-04-07,0
00018476,500,2023-12-27,100000
00018477,100,2022-09-30,0
00018478,500,2024-03-25,0
00018479,200,2025-01-15,0
00018480,500,2025-03-16,0
00018481,100,2022-02-06,500
00018482,200,2023-11-09,1000
00018483,50,2023-10-11,0
00018484,150,2022-07-12,750
00018485,50,2024-06-26,0
00018486,150,2022-07-14,0
00018487,100,2023-03-19,0
00018488,500,2023-08-02,0
00018489,200,2024-06-14,100000
00018490,200,2025-11-12,200
00018491,500,2023-07-08,0
00018492,500,2022-12-04,0
00018493,500,2024-09-05,5000
00018494,100,2024-12-04,0
00018495,500,2024-06-28,0
00018496,100,2025-11-23,0
00018497,200,2024-04-22,0
00018498,100,2022-08-21,0
00018499,100,2023-11-18,0
00018500,150,2024-04-07,0
00018501,150,2023-04-10,0
00018502,50,2023-12-07,0
00018503,500,2025-07-07,0
00018504,150,2025-02-17,0
00018505,500,2025-04-15,0
00018506,150,2023-05-17,0
00018507,50,2023-01-01,0
00018508,50,2022-03-07,0
00018509,150,2025-03-27,0
00018510,150,2022-04-08,0
00018511,50,2022-12-26,0
00018512,200,2022-03-07,0
00018513,150,2023-01-11,0
00018514,200,2023-05-24,0
00018515,100,2023-09-05,0
00018516,100,2023-09-30,10000
00018517,50,2024-11-15,0
00018518,200,2024-03-16,0
00018519,50,2024-09-10,0
00018520,200,2025-05-25,0
00018521,150,2022-10-16,0
00018522,500,2022-12-30,500
00018523,200,2022-10-06,0
00018524,150,2025-01-14,0
00018525,50,2025-12-22,0
00018526,50,2024-09-10,0
00018527,50,2024-10-01,0
00018528,200,2023-04-29,1000
00018529,150,2025-11-08,1500
00018530,500,2024-03-08,0
00018531,500,2024-05-09,0
00018532,150,2022-07-08,0
00018533,200,2022-12-18,0
00018534,150,2023-12-20,0
00018535,200,2023-10-11,0
00018536,500,2025-11-12,0
00018537,500,2024-06-11,0
00018538,100,2024-06-23,0
00018539,200,2024-08-05,20000
00018540,50,2022-12-31,100000
00018541,500,2023-02-04,0
00018542,500,2022-06-26,0
00018543,200,2022-01-03,0
00018544,200,2025-07-28,1000
00018545,100,2025-08-17,0
00018546,200,2022-11-26,0
00018547,150,2023-11-21,0
00018548,500,2023-08-18,0
00018549,50,2025-12-03,0
00018550,100,2025-05-26,0
00018551,500,2025-07-28,0
00018552,200,2023-08-11,0
00018553,150,2025-03-01,0
00018554,500,2022-06-29,0
00018555,500,2024-04-29,0
00018556,150,2025-05-15,0
00018557,200,2025-11-28,0
00018558,100,2025-12-02,0
00018559,100,2025-04-05,0
00018560,200,2025-02-06,0
00018561,200,2024-10-23,0
00018562,100,2024-08-21,0
00018563,200,2024-12-24,0
00018564,150,2023-11-03,0
00018565,200,2023-10-27,0
00018566,500,2022-10-21,0
00018567,200,2023-08-13,0
00018568,500,2022-08-17,0
00018569,100,2022-12-21,0
00018570,200,2024-01-30,200
00018571,100,2022-12-02,0
00018572,150,2023-05-04,0
00018573,150,2022-01-07,0
00018574,150,2024-01-28,0
00018575,200,2023-04-21,100000
00018576,100,2025-09-12,0
00018577,200,2022-12-30,0
00018578,150,2024-10-03,0
00018579,50,2023-02-17,0
00018580,100,2025-10-25,0
00018581,50,2024-09-12,0
00018582,50,2022-04-11,0
00018583,150,2024-12-12,0
00018584,500,2025-10-18,0
00018585,150,2022-08-20,0
00018586,500,2023-05-06,0
00018587,200,2025-06-08,0
00018588,100,2025-09-09,0
00018589,100,2025-06-09,0
00018590,100,2024-11-01,0
00018591,100,2024-12-15,0
00018592,200,2025-02-08,0
00018593,500,2024-03-27,0
00018594,500,2022-11-03,0
00018595,50,2024-07-05,0
00018596,200,2025-01-07,0
00018597,200,2023-12-15,0
00018598,100,2023-05-26,0
00018599,200,2025-07-24,0
00018600,500,2023-04-28,0
00018601,200,2023-04-22,0
00018602,150,2022-09-30,0
00018603,500,2024-12-06,100000
00018604,150,2025-05-07,0
00018605,100,2023-03-04,0
00018606,100,2025-05-02,0
00018607,500,2023-12-20,50000
00018608,200,2022-11-12,0
00018609,100,2024-04-16,0
00018610,200,2023-01-15,0
00018611,50,2024-07-09,0
00018612,200,2024-06-28,0
00018613,500,2024-04-26,0
00018614,100,2025-12-07,0
00018615,50,2024-12-27,0
00018616,500,2022-04-03,0
00018617,500,2024-06-15,0
00018618,200,2024-10-23,0
00018619,500,2025-03-10,0
00018620,50,2024-01-11,0
00018621,200,2023-07-29,20000
00018622,100,2023-06-09,0
00018623,50,2022-04-24,0
00018624,100,2022-11-07,0
00018625,500,2025-11-20,0
00018626,100,2024-03-08,0
00018627,500,2025-01-03,0
00018628,500,2022-08-16,0
00018629,200,2024-03-16,1000
00018630,500,2023-09-09,2500
00018631,150,2024-08-25,0
00018632,200,2024-04-05,0
00018633,500,2025-02-01,0
00018634,100,2024-03-23,0
00018635,500,2023-10-24,50000
00018636,100,2025-02-06,0
00018637,150,2023-04-10,0
00018638,150,2024-12-10,0
00018639,50,2022-02-25,0
00018640,500,2024-11-12,0
00018641,500,2022-11-26,0
00018642,150,2025-08-13,0
00018643,150,2025-11-14,1500
00018644,50,2023-07-02,0
00018645,150,2024-10-27,0
00018646,100,2023-12-08,0
00018647,200,2024-02-07,0
00018648,150,2023-10-21,0
00018649,200,2023-08-25,0
00018650,200,2022-07-25,0
00018651,200,2024-10-19,0
00018652,500,2025-05-24,0
00018653,200,2022-10-19,0
00018654,100,2025-11-29,0
00018655,200,2025-10-14,2000
00018656,100,2023-05-01,0
00018657,50,2022-10-30,0
00018658,100,2024-07-31,0
00018659,50,2024-09-02,0
00018660,500,2024-08-21,0
00018661,200,2025-11-21,0
00018662,500,2025-11-17,5000
00018663,50,2023-06-01,0
00018664,500,2024-02-12,0
00018665,50,2022-08-28,0
00018666,500,2022-05-25,0
00018667,50,2024-10-16,0
00018668,50,2022-04-22,100000
00018669,500,2025-11-01,5000
00018670,150,2024-12-20,0
00018671,150,2025-03-10,0
00018672,500,2025-09-17,0
00018673,100,2023-06-14,0
00018674,150,2024-06-12,0
00018675,100,2023-01-07,0
00018676,150,2025-01-02,0
00018677,150,2023-07-27,0
00018678,100,2025-06-27,0
00018679,500,2025-03-22,0
00018680,50,2024-07-04,0
00018681,500,2023-02-12,0
00018682,50,2023-05-04,0
00018683,150,2024-06-07,0
00018684,500,2022-03-27,0
00018685,150,2025-09-12,0
00018686,200,2025-05-09,0
00018687,50,2022-01-27,0
00018688,100,2024-04-22,0
00018689,50,2022-10-15,0
00018690,200,2023-08-20,100000
00018691,50,2022-05-11,0
00018692,100,2022-02-20,0
00018693,500,2025-05-16,0
00018694,500,2022-10-25,5000
00018695,100,2025-01-21,0
00018696,500,2025-04-08,0
00018697,500,2025-03-03,0
00018698,500,2025-03-26,0
00018699,100,2022-01-16,0
00018700,100,2025-02-05,0
00018701,150,2022-10-23,1500
00018702,50,2023-10-19,0
00018703,50,2025-02-20,0
00018704,50,2025-03-15,5000
00018705,50,2023-06-22,0
00018706,500,2023-12-26,0
00018707,500,2025-03-07,0
00018708,150,2025-06-09,0
00018709,50,2025-01-27,0
00018710,150,2022-02-01,0
00018711,100,2025-01-18,0
00018712,200,2023-12-25,0
00018713,200,2022-05-23,0
00018714,100,2024-10-20,0
00018715,50,2025-11-08,0
00018716,150,2024-11-11,0
00018717,500,2024-08-24,50000
00018718,200,2022-11-10,0
00018719,50,2024-01-31,0
00018720,50,2025-04-11,0
00018721,150,2023-07-12,0
00018722,50,2024-01-09,50
00018723,100,2025-10-09,0
00018724,100,2023-11-17,10000
00018725,150,2024-02-10,0
00018726,50,2024-01-08,500
00018727,500,2022-02-12,0
00018728,150,2025-08-11,0
00018729,200,2024-05-26,0
00018730,500,2025-03-22,0
00018731,200,2025-03-19,0
00018732,100,2025-04-10,100000
00018733,150,2024-09-25,0
00018734,200,2022-11-08,0
00018735,500,2022-03-27,0
00018736,150,2022-11-09,100000
00018737,200,2022-02-07,0
00018738,50,2022-10-10,0
00018739,150,2024-10-15,1500
00018740,100,2023-05-30,0
00018741,100,2022-12-11,100
00018742,500,2022-04-11,0
00018743,200,2025-10-11,0
00018744,200,2024-07-10,0
00018745,500,2022-08-12,0
00018746,100,2022-01-16,0
00018747,500,2023-05-14,5000
00018748,150,2022-11-29,0
00018749,500,2022-01-27,0
00018750,200,2023-03-21,0
00018751,100,2024-11-20,0
00018752,100,2024-01-17,0
00018753,200,2025-02-05,0
00018754,500,2022-03-11,0
00018755,150,2025-02-08,150
00018756,150,2025-02-13,0
00018757,150,2025-12-03,0
00018758,500,2022-08-26,0
00018759,150,2022-04-19,0
00018760,150,2023-07-07,0
00018761,500,2025-11-10,0
00018762,150,2024-07-18,0
00018763,500,2025-07-25,50000
00018764,200,2025-06-25,0
00018765,150,2025-06-22,0
00018766,50,2023-08-01,0
00018767,500,2022-08-23,0
00018768,50,2023-08-28,0
00018769,200,2022-07-09,0
00018770,500,2023-11-30,0
00018771,200,2022-07-10,20000
00018772,150,2024-04-29,0
00018773,200,2024-03-11,0
00018774,500,2024-01-12,0
00018775,150,2025-09-28,0
00018776,200,2023-03-27,0
00018777,200,2024-05-21,0
00018778,500,2025-06-25,0
00018779,500,2025-05-12,2500
00018780,150,2023-07-31,0
00018781,100,2023-04-23,0
00018782,500,2022-07-29,0
00018783,100,2023-01-13,0
00018784,150,2024-11-11,0
00018785,500,2025-08-16,0
00018786,200,2022-07-18,0
00018787,100,2025-01-28,0
00018788,200,2023-03-23,0
00018789,500,2022-05-03,0
00018790,100,2023-02-16,1000
00018791,50,2025-07-14,0
00018792,100,2023-12-09,0
00018793,50,2024-06-28,0
00018794,100,2024-09-20,0
00018795,200,2023-01-20,0
00018796,200,2025-03-29,0
00018797,200,2022-12-16,0
00018798,100,2025-06-24,0
00018799,50,2024-09-15,0
00018800,50,2025-06-03,0
00018801,200,2025-02-15,0
00018802,100,2023-12-11,0
00018803,150,2025-09-26,0
00018804,150,2025-09-16,0
00018805,100,2025-07-23,0
00018806,150,2025-11-26,0
00018807,200,2023-09-16,20000
00018808,150,2024-07-04,0
00018809,200,2023-02-04,0
00018810,100,2025-03-22,0
00018811,50,2024-09-24,0
00018812,150,2024-06-18,0
00018813,500,2022-04-24,0
00018814,500,2023-05-13,0
00018815,150,2022-11-02,0
00018816,50,2024-11-02,500
00018817,150,2023-11-15,0
00018818,500,2025-09-18,0
00018819,50,2024-01-26,0
00018820,500,2024-06-03,0
00018821,500,2023-05-30,50000
00018822,50,2025-10-05,0
00018823,200,2023-05-31,0
00018824,50,2023-09-16,0
00018825,100,2023-05-18,0
00018826,150,2023-01-03,1500
00018827,200,2025-06-09,20000
00018828,50,2024-02-17,0
00018829,150,2022-06-06,0
00018830,200,2023-04-12,0
00018831,200,2024-11-26,0
00018832,500,2022-07-01,0
00018833,50,2025-07-12,0
00018834,50,2022-02-01,0
00018835,200,2022-08-16,0
00018836,200,2025-08-08,0
00018837,150,2023-12-08,0
00018838,500,2024-01-05,100000
00018839,150,2023-11-01,0
00018840,100,2025-01-16,0
00018841,100,2024-02-25,0
00018842,200,2022-12-25,0
00018843,200,2022-06-09,0
00018844,500,2022-04-12,0
00018845,100,2024-12-01,0
00018846,50,2024-02-23,0
00018847,150,2024-12-20,0
00018848,200,2022-12-14,0
00018849,50,2025-05-02,0
00018850,200,2022-02-05,0
00018851,200,2023-07-19,0
00018852,50,2023-04-29,50
00018853,200,2025-10-07,2000
00018854,50,2025-10-12,0
00018855,50,2024-11-13,100000
00018856,200,2023-04-18,0
00018857,50,2022-12-30,0
00018858,200,2023-05-05,0
00018859,100,2024-07-24,0
00018860,100,2024-10-13,0
00018861,200,2025-06-09,0
00018862,50,2023-06-21,0
00018863,100,2025-08-22,0
00018864,50,2023-11-11,0
00018865,150,2024-08-08,0
00018866,100,2023-11-02,0
00018867,100,2024-05-06,0
00018868,150,2023-06-17,0
00018869,50,2023-12-06,0
00018870,500,2024-08-16,0
00018871,150,2024-01-27,1500
00018872,500,2025-04-18,0
00018873,100,2024-05-11,10000
00018874,50,2022-02-22,0
00018875,500,2025-12-18,0
00018876,200,2023-06-07,0
00018877,150,2022-07-03,0
00018878,100,2022-08-23,0
00018879,200,2023-08-19,200
00018880,500,2025-06-13,0
00018881,100,2024-06-08,0
00018882,150,2022-04-12,0
00018883,100,2025-11-30,0
00018884,150,2022-12-21,0
00018885,50,2024-04-25,0
00018886,500,2025-09-11,0
00018887,100,2024-12-02,0
00018888,150,2024-08-05,0
00018889,500,2023-01-20,0
00018890,500,2023-10-16,0
00018891,150,2024-01-23,0
00018892,500,2025-03-03,0
00018893,150,2022-05-11,0
00018894,150,2024-09-22,0
00018895,500,2023-07-09,0
00018896,200,2023-12-29,0
00018897,150,2022-07-29,0
00018898,500,2025-10-10,0
00018899,150,2024-06-11,0
00018900,100,2024-05-26,0
00018901,200,2023-12-12,0
00018902,50,2023-03-07,50
00018903,50,2022-12-10,0
00018904,50,2023-05-18,0
00018905,500,2024-10-06,0
00018906,100,2025-08-05,0
00018907,150,2023-01-01,1500
00018908,500,2023-03-16,0
00018909,150,2023-08-14,0
00018910,150,2024-07-18,0
00018911,500,2024-12-14,0
00018912,100,2025-06-20,0
00018913,500,2023-02-15,0
00018914,100,2024-01-12,0
00018915,150,2023-03-17,750
00018916,150,2025-11-12,0
00018917,150,2022-12-21,0
00018918,150,2022-05-10,0
00018919,150,2024-02-17,0
00018920,50,2024-06-04,0
00018921,500,2025-08-04,0
00018922,100,2023-06-08,0
00018923,150,2024-09-01,0
00018924,200,2022-08-04,200
00018925,50,2022-03-21,0
00018926,50,2022-11-29,0
00018927,50,2022-10-14,0
00018928,150,2024-01-15,0
00018929,50,2024-05-05,0
00018930,100,2022-10-07,0
00018931,500,2023-12-29,0
00018932,50,2023-06-21,0
00018933,100,2024-04-18,0
00018934,100,2024-04-24,0
00018935,100,2022-08-22,0
00018936,150,2023-02-20,0
00018937,50,2023-11-20,0
00018938,150,2023-10-22,0
00018939,500,2024-03-15,0
00018940,200,2024-10-08,0
00018941,50,2022-06-10,0
00018942,150,2025-05-25,0
00018943,100,2024-05-15,0
00018944,100,2023-02-05,0
00018945,200,2023-01-25,0
00018946,150,2024-04-28,0
00018947,50,2023-03-02,0
00018948,200,2025-02-26,0
00018949,50,2022-03-13,0
00018950,150,2024-06-29,15000
00018951,100,2022-12-27,0
00018952,500,2022-07-25,0
00018953,150,2023-11-25,0
00018954,500,2024-08-19,0
00018955,100,2025-07-14,0
00018956,100,2023-03-17,0
00018957,150,2022-02-14,0
00018958,500,2023-04-22,100000
00018959,500,2024-12-29,0
00018960,500,2022-06-10,0
00018961,150,2022-01-26,0
00018962,500,2024-06-13,0
00018963,500,2024-03-13,0
00018964,500,2025-03-05,0
00018965,500,2022-08-10,0
00018966,50,2025-07-09,0
00018967,500,2025-10-28,0
00018968,200,2022-08-30,0
00018969,50,2025-05-10,0
00018970,50,2022-03-15,0
00018971,50,2024-01-12,0
00018972,200,2023-11-01,0
00018973,200,2023-03-22,0
00018974,200,2023-03-08,0
00018975,100,2022-12-06,0
00018976,50,2022-09-25,0
00018977,500,2025-05-23,0
00018978,200,2024-10-24,0
00018979,500,2024-01-26,0
00018980,150,2023-03-12,15000
00018981,100,2022-05-18,10000
00018982,150,2022-06-22,0
00018983,500,2023-06-03,0
00018984,100,2025-06-10,0
00018985,150,2025-11-02,0
00018986,100,2022-06-10,1000
00018987,200,2024-10-11,200
00018988,100,2025-10-25,500
00018989,200,2023-11-08,0
00018990,50,2025-02-15,0
00018991,500,2025-03-30,0
00018992,500,2024-02-24,0
00018993,500,2023-01-23,0
00018994,500,2023-09-06,0
00018995,100,2023-01-21,100000
00018996,150,2023-11-14,0
00018997,50,2022-12-12,0
00018998,500,2024-06-06,2500
00018999,50,2025-07-03,0
00019000,50,2025-02-03,500
00019001,50,2025-08-30,0
00019002,500,2025-04-12,0
00019003,50,2023-09-11,0
00019004,150,2022-01-05,0
00019005,50,2025-02-17,0
00019006,50,2025-12-12,0
00019007,150,2024-09-08,0
00019008,100,2025-05-16,0
00019009,100,2024-04-29,0
00019010,100,2022-12-18,0
00019011,150,2024-07-15,0
00019012,150,2025-11-12,0
00019013,500,2023-01-01,0
00019014,100,2025-05-13,0
00019015,200,2022-01-27,0
00019016,100,2023-06-04,100
00019017,200,2023-08-03,0
00019018,150,2022-10-11,0
00019019,100,2025-03-15,0
00019020,200,2024-12-17,0
00019021,100,2024-07-15,0
00019022,200,2024-10-27,0
00019023,50,2025-03-10,100000
00019024,50,2022-12-05,0
00019025,200,2024-03-09,0
00019026,150,2022-11-23,0
00019027,500,2022-03-22,0
00019028,200,2022-01-04,0
00019029,500,2024-08-16,0
00019030,50,2025-05-28,0
00019031,100,2024-01-04,0
00019032,50,2025-11-06,0
00019033,50,2022-06-03,0
00019034,100,2023-04-28,0
00019035,50,2022-10-05,0
00019036,150,2023-02-22,0
00019037,500,2024-08-28,50000
00019038,50,2023-09-24,0
00019039,100,2024-08-15,0
00019040,150,2025-02-01,0
00019041,150,2023-02-11,0
00019042,200,2022-10-11,200
00019043,150,2023-04-17,0
00019044,50,2022-01-16,0
00019045,100,2023-11-21,0
00019046,500,2024-05-01,0
00019047,150,2022-05-18,0
00019048,100,2022-05-24,0
00019049,150,2022-07-07,0
00019050,500,2023-04-10,0
00019051,500,2025-11-18,0
00019052,100,2024-04-24,0
00019053,100,2022-06-27,0
00019054,100,2022-02-06,0
00019055,500,2022-03-02,0
00019056,150,2025-11-17,0
00019057,100,2022-06-05,0
00019058,200,2025-08-04,0
00019059,200,2024-06-03,0
00019060,100,2024-04-01,0
00019061,100,2023-11-05,1000
00019062,150,2022-12-12,0
00019063,100,2023-03-12,0
00019064,150,2025-11-07,0
00019065,150,2024-11-13,0
00019066,100,2025-05-04,0
00019067,500,2025-03-09,0
00019068,150,2025-05-05,0
00019069,150,2024-06-16,0
00019070,500,2023-05-07,0
00019071,100,2023-12-11,0
00019072,500,2024-10-13,50000
00019073,150,2022-01-14,0
00019074,150,2022-06-30,0
00019075,50,2023-10-25,0
00019076,100,2023-09-24,0
00019077,200,2024-10-27,0
00019078,200,2023-11-16,20000
00019079,100,2022-10-18,0
00019080,50,2023-01-24,0
00019081,500,2022-08-24,0
00019082,50,2025-10-15,0
00019083,200,2025-05-24,0
00019084,100,2024-04-26,0
00019085,100,2024-08-09,0
00019086,50,2023-01-19,0
00019087,200,2023-06-20,0
00019088,150,2023-02-20,0
00019089,200,2024-11-09,0
00019090,200,2025-06-05,0
00019091,200,2025-09-11,0
00019092,200,2025-07-13,0
00019093,100,2024-03-02,0
00019094,200,2025-12-23,0
00019095,50,2025-11-16,0
00019096,100,2022-09-29,0
00019097,500,2025-01-31,0
00019098,50,2024-07-15,5000
00019099,200,2022-09-05,0
00019100,200,2022-05-25,0
00019101,500,2023-08-03,0
00019102,500,2023-12-22,0
00019103,200,2023-12-28,0
00019104,50,2024-05-01,0
00019105,100,2025-01-20,0
00019106,150,2025-11-16,0
00019107,50,2024-05-07,0
00019108,100,2022-11-19,0
00019109,200,2025-03-05,0
00019110,200,2022-05-27,0
00019111,50,2022-01-23,0
00019112,200,2024-02-23,2000
00019113,500,2022-12-14,0
00019114,100,2022-11-20,0
00019115,200,2024-12-16,0
00019116,500,2024-10-30,0
00019117,50,2024-05-17,0
00019118,100,2022-04-23,0
00019119,100,2023-08-08,0
00019120,200,2022-05-26,200
00019121,100,2024-08-18,0
00019122,100,2023-04-25,0
00019123,150,2025-07-31,0
00019124,150,2025-12-09,0
00019125,50,2025-11-22,0
00019126,500,2025-07-06,0
00019127,50,2024-08-09,0
00019128,100,2022-04-04,0
00019129,100,2024-02-01,0
00019130,100,2023-04-01,0
00019131,500,2025-06-18,0
00019132,50,2022-08-05,0
00019133,100,2025-07-07,0
00019134,500,2025-04-08,0
00019135,200,2023-05-14,0
00019136,200,2025-05-17,0
00019137,500,2024-08-16,0
00019138,200,2024-12-28,0
00019139,100,2024-03-12,100000
00019140,150,2023-01-09,0
00019141,200,2024-04-15,0
00019142,150,2023-06-08,0
00019143,500,2024-02-11,0
00019144,150,2023-02-10,15000
00019145,100,2022-02-17,0
00019146,50,2023-09-26,0
00019147,500,2025-07-26,0
00019148,500,2025-06-12,0
00019149,500,2024-11-01,0
00019150,100,2022-04-14,0
00019151,500,2024-11-18,2500
00019152,50,2022-01-10,0
00019153,100,2025-08-17,0
00019154,50,2023-08-17,0
00019155,500,2025-12-15,0
00019156,50,2025-12-06,0
00019157,200,2025-04-25,0
00019158,100,2022-02-13,0
00019159,50,2024-07-19,0
00019160,150,2025-03-16,0
00019161,50,2023-08-02,0
00019162,100,2024-06-22,100000
00019163,100,2025-03-14,0
00019164,50,2022-10-18,0
00019165,150,2025-08-23,0
00019166,50,2024-04-18,5000
00019167,500,2023-03-13,0
00019168,200,2023-01-02,0
00019169,50,2024-11-30,0
00019170,150,2022-08-23,0
00019171,200,2023-04-22,0
00019172,500,2022-08-01,0
00019173,50,2023-10-18,0
00019174,150,2022-06-06,15000
00019175,200,2022-11-22,0
00019176,150,2025-05-15,0
00019177,150,2022-09-21,0
00019178,500,2023-03-07,0
00019179,50,2024-06-02,0
00019180,200,2024-11-24,200
00019181,200,2023-08-03,0
00019182,150,2024-06-07,0
00019183,500,2023-07-17,0
00019184,50,2023-01-25,0
00019185,500,2022-05-01,0
00019186,50,2022-05-01,0
00019187,500,2025-08-21,0
00019188,150,2024-12-03,0
00019189,150,2025-11-04,0
00019190,50,2025-02-02,0
00019191,50,2022-09-05,0
00019192,50,2022-07-12,0
00019193,50,2022-09-27,0
00019194,150,2023-05-27,0
00019195,500,2024-03-24,0
00019196,500,2025-04-27,5000
00019197,50,2025-01-06,0
00019198,100,2025-11-20,0
00019199,200,2023-04-12,0
00019200,200,2024-10-11,0
00019201,200,2022-04-11,0
00019202,50,2024-03-24,0
00019203,100,2024-08-06,0
00019204,500,2025-02-12,0
00019205,200,2024-11-15,0
00019206,200,2022-07-03,0
00019207,500,2023-02-12,0
00019208,500,2023-04-16,0
00019209,200,2022-04-04,0
00019210,50,2022-01-26,0
00019211,150,2024-08-29,0
00019212,50,2025-07-08,0
00019213,100,2024-11-25,0
00019214,50,2023-03-18,0
00019215,50,2025-11-28,0
00019216,500,2022-12-20,0
00019217,50,2023-09-09,0
00019218,50,2023-07-16,0
00019219,150,2024-02-21,0
00019220,500,2025-07-07,0
00019221,100,2023-11-03,0
00019222,100,2023-09-08,0
00019223,50,2022-02-13,0
00019224,500,2024-07-13,0
00019225,500,2023-04-09,0
00019226,150,2022-01-15,150
00019227,500,2024-01-16,500
00019228,100,2025-07-13,100
00019229,200,2024-03-07,0
00019230,50,2024-09-03,50
00019231,200,2025-11-04,0
00019232,500,2023-07-03,0
00019233,150,2025-11-14,0
00019234,100,2025-08-05,0
00019235,500,2024-12-05,0
00019236,500,2023-09-26,0
00019237,50,2024-11-14,0
00019238,200,2025-03-21,0
00019239,100,2023-04-09,0
00019240,150,2023-06-09,1500
00019241,200,2022-10-19,0
00019242,150,2024-10-17,0
00019243,100,2022-06-19,0
00019244,500,2024-04-19,0
00019245,200,2022-11-09,100000
00019246,50,2024-04-15,500
00019247,500,2025-10-18,0
00019248,50,2024-09-04,0
00019249,100,2023-02-01,100000
00019250,50,2022-05-09,0
00019251,200,2024-05-17,0
00019252,500,2024-02-09,0
00019253,200,2022-10-02,100000
00019254,150,2025-02-10,0
00019255,150,2024-11-17,0
00019256,50,2023-09-17,0
00019257,150,2025-11-21,0
00019258,100,2024-05-03,0
00019259,150,2024-02-26,0
00019260,150,2022-07-26,0
00019261,150,2024-03-20,0
00019262,200,2022-07-14,0
00019263,50,2022-06-20,0
00019264,100,2022-03-21,0
00019265,50,2022-08-03,0
00019266,50,2025-11-19,0
00019267,500,2025-03-06,0
00019268,150,2025-03-12,0
00019269,500,2023-01-16,0
00019270,200,2023-01-09,0
00019271,150,2022-10-09,0
00019272,200,2022-06-10,0
00019273,100,2023-01-20,0
00019274,500,2025-07-10,0
00019275,150,2025-01-01,100000
00019276,200,2022-05-15,0
00019277,500,2023-01-27,0
00019278,150,2023-02-23,0
00019279,100,2022-11-26,0
00019280,200,2025-01-11,0
00019281,100,2022-09-11,0
00019282,50,2022-05-13,0
00019283,100,2025-04-08,0
00019284,100,2022-01-20,0
00019285,150,2022-01-16,15000
00019286,200,2023-12-07,0
00019287,500,2025-09-16,0
00019288,50,2023-09-15,500
00019289,200,2023-11-13,0
00019290,100,2023-12-22,0
00019291,200,2022-03-18,0
00019292,500,2022-04-06,0
00019293,500,2022-04-26,0
00019294,200,2025-05-17,0
00019295,150,2024-03-11,0
00019296,500,2022-05-20,0
00019297,500,2022-08-17,0
00019298,100,2024-12-04,0
00019299,150,2024-12-22,0
00019300,100,2024-02-19,0
00019301,500,2024-04-29,2500
00019302,200,2024-06-30,0
00019303,200,2022-05-17,0
00019304,200,2023-10-14,0
00019305,200,2025-10-26,0
00019306,150,2025-10-10,0
00019307,200,2025-06-29,2000
00019308,500,2025-07-19,0
00019309,500,2025-01-19,0
00019310,150,2022-07-17,0
00019311,150,2023-11-03,0
00019312,200,2024-08-25,200
00019313,500,2024-08-25,0
00019314,150,2022-03-25,0
00019315,100,2023-06-28,0
00019316,500,2022-06-14,0
00019317,500,2024-12-27,0
00019318,200,2024-06-24,0
00019319,500,2024-01-24,0
00019320,50,2023-04-08,0
00019321,50,2025-03-27,0
00019322,200,2022-05-08,0
00019323,150,2022-06-15,0
00019324,100,2022-02-14,0
00019325,150,2025-06-30,0
00019326,500,2023-09-27,0
00019327,100,2025-01-22,0
00019328,50,2023-09-29,5000
00019329,100,2023-10-01,0
00019330,200,2025-11-08,0
00019331,150,2024-06-20,0
00019332,100,2023-03-18,0
00019333,100,2024-09-13,0
00019334,100,2022-04-08,0
00019335,500,2022-01-24,0
00019336,150,2023-08-31,0
00019337,500,2023-08-04,0
00019338,100,2023-01-01,0
00019339,50,2025-05-01,0
00019340,500,2024-03-03,0
00019341,50,2024-09-24,0
00019342,100,2022-04-28,0
00019343,200,2025-03-05,0
00019344,500,2025-06-24,100000
00019345,500,2025-08-05,0
00019346,500,2023-07-26,0
00019347,200,2022-05-20,0
00019348,500,2025-03-22,0
00019349,50,2022-03-23,0
00019350,150,2024-04-07,0
00019351,100,2023-10-15,0
00019352,200,2022-09-30,100000
00019353,50,2022-10-19,0
00019354,150,2024-07-18,0
00019355,500,2025-12-10,0
00019356,50,2022-02-19,0
00019357,150,2023-09-02,0
00019358,150,2024-05-23,0
00019359,200,2025-10-24,0
00019360,150,2024-07-08,0
00019361,200,2024-02-03,0
00019362,100,2022-02-14,0
00019363,200,2023-10-16,0
00019364,100,2025-02-23,0
00019365,50,2023-10-19,0
00019366,50,2022-08-29,0
00019367,200,2025-12-22,0
00019368,50,2025-09-24,0
00019369,50,2025-10-07,0
00019370,100,2023-07-26,0
00019371,500,2023-01-31,0
00019372,100,2023-04-11,0
00019373,200,2024-01-19,0
00019374,200,2025-06-06,0
00019375,200,2024-03-05,0
00019376,150,2023-02-23,0
00019377,150,2022-08-28,0
00019378,150,2024-10-31,0
00019379,200,2025-08-23,0
00019380,500,2024-11-06,0
00019381,50,2024-09-23,0
00019382,200,2025-07-21,0
00019383,200,2023-12-07,0
00019384,200,2025-01-29,0
00019385,150,2024-01-21,100000
00019386,100,2023-07-22,0
00019387,500,2023-05-11,0
00019388,500,2025-10-27,0
00019389,500,2025-09-30,0
00019390,150,2022-07-06,0
00019391,100,2023-01-11,0
00019392,200,2023-03-02,0
00019393,50,2025-02-01,0
00019394,500,2024-03-16,0
00019395,50,2023-07-15,0
00019396,200,2025-09-24,0
00019397,150,2024-06-30,0
00019398,100,2025-04-11,0
00019399,50,2022-02-07,0
00019400,500,2025-01-04,0
00019401,100,2024-10-15,0
00019402,500,2024-05-06,0
00019403,200,2025-09-28,0
00019404,500,2025-10-03,0
00019405,150,2022-12-24,0
00019406,150,2025-11-06,0
00019407,150,2024-08-21,0
00019408,150,2024-04-06,0
00019409,50,2024-04-09,0
00019410,200,2023-11-08,20000
00019411,150,2022-08-21,0
00019412,50,2022-09-29,50
00019413,100,2025-12-29,0
00019414,500,2024-10-24,0
00019415,200,2025-06-30,20000
00019416,500,2024-05-24,0
00019417,50,2025-08-01,0
00019418,200,2022-04-19,0
00019419,50,2024-10-09,500
00019420,500,2023-05-01,0
00019421,200,2022-03-17,0
00019422,150,2024-01-27,0
00019423,100,2023-01-12,0
00019424,50,2022-10-01,0
00019425,200,2024-02-06,0
00019426,500,2024-01-10,0
00019427,500,2024-07-15,0
00019428,100,2023-10-12,0
00019429,500,2023-05-04,0
00019430,100,2022-11-22,0
00019431,200,2022-09-12,200
00019432,500,2022-04-13,500
00019433,150,2025-05-15,0
00019434,50,2024-12-28,0
00019435,150,2023-11-13,0
00019436,200,2023-05-21,0
00019437,100,2022-11-03,0
00019438,100,2025-05-26,500
00019439,50,2025-01-30,0
00019440,100,2024-05-01,0
00019441,150,2025-07-01,0
00019442,150,2025-04-18,0
00019443,50,2024-12-09,0
00019444,500,2024-11-22,0
00019445,200,2023-02-27,0
00019446,200,2023-10-09,0
00019447,150,2024-05-24,0
00019448,50,2025-08-19,0
00019449,50,2025-07-04,0
00019450,150,2024-03-14,0
00019451,500,2023-07-21,0
00019452,500,2025-06-12,0
00019453,500,2022-05-06,0
00019454,50,2025-03-20,0
00019455,500,2023-02-11,0
00019456,200,2022-10-29,0
00019457,200,2023-08-19,0
00019458,150,2024-10-25,0
00019459,500,2025-04-23,0
00019460,100,2023-07-03,0
00019461,150,2024-03-07,0
00019462,100,2022-06-18,0
00019463,500,2025-11-02,0
00019464,100,2025-11-08,0
00019465,500,2022-12-20,0
00019466,500,2023-05-19,0
00019467,50,2025-04-21,0
00019468,50,2022-10-21,0
00019469,100,2022-06-01,0
00019470,50,2022-10-11,0
00019471,500,2023-12-26,50000
00019472,500,2023-07-26,5000
00019473,50,2024-03-05,0
00019474,100,2023-04-16,0
00019475,50,2025-01-05,0
00019476,200,2024-10-17,0
00019477,50,2025-06-12,50
00019478,100,2022-12-27,0
00019479,200,2022-02-24,0
00019480,150,2024-08-08,0
00019481,150,2023-05-07,0
00019482,200,2023-06-10,0
00019483,150,2024-05-14,0
00019484,100,2022-06-08,0
00019485,100,2022-10-15,0
00019486,100,2025-01-20,0
00019487,150,2023-06-12,0
00019488,200,2024-09-12,0
00019489,150,2025-01-27,0
00019490,100,2022-06-08,0
00019491,150,2023-11-30,0
00019492,500,2024-05-09,0
00019493,100,2023-07-10,0
00019494,100,2025-10-25,0
00019495,50,2022-11-02,0
00019496,150,2024-10-23,0
00019497,500,2023-02-05,0
00019498,100,2025-11-12,0
00019499,200,2025-01-17,0
00019500,50,2022-09-19,0
00019501,150,2024-08-15,15000
00019502,200,2022-04-30,0
00019503,500,2025-12-11,0
00019504,100,2023-09-07,0
00019505,150,2023-09-08,0
00019506,200,2023-10-30,0
00019507,200,2022-05-23,0
00019508,50,2024-02-05,0
00019509,200,2024-12-14,0
00019510,100,2022-08-28,0
00019511,100,2023-09-04,0
00019512,150,2023-10-12,0
00019513,200,2023-04-18,0
00019514,150,2024-05-25,0
00019515,150,2024-11-17,0
00019516,50,2022-01-26,0
00019517,50,2023-01-29,0
00019518,500,2025-10-23,0
00019519,200,2022-10-04,0
00019520,100,2025-11-24,0
00019521,150,2022-03-12,0
00019522,200,2025-07-22,1000
00019523,200,2023-09-19,0
00019524,50,2022-12-21,0
00019525,200,2022-11-29,0
00019526,500,2025-01-25,2500
00019527,200,2024-04-28,0
00019528,150,2025-03-11,0
00019529,50,2024-02-15,0
00019530,150,2025-03-31,0
00019531,50,2025-10-31,0
00019532,500,2024-04-08,0
00019533,150,2023-03-28,0
00019534,100,2023-12-09,0
00019535,100,2025-04-05,0
00019536,50,2022-12-19,50
00019537,50,2024-11-07,0
00019538,50,2022-01-09,250
00019539,100,2022-09-19,0
00019540,150,2023-04-28,0
00019541,100,2022-03-29,0
00019542,100,2025-03-25,0
00019543,200,2022-04-11,0
00019544,500,2022-03-04,0
00019545,200,2022-05-26,0
00019546,50,2022-02-01,0
00019547,150,2024-08-20,0
00019548,100,2023-06-24,0
00019549,150,2025-03-03,0
00019550,50,2022-09-07,0
00019551,100,2025-03-08,10000
00019552,200,2023-10-26,20000
00019553,500,2024-12-23,0
00019554,500,2024-01-18,0
00019555,200,2022-03-21,0
00019556,100,2022-09-06,0
00019557,100,2023-12-15,1000
00019558,150,2022-02-01,0
00019559,100,2022-09-17,0
00019560,50,2025-11-15,0
00019561,150,2022-11-13,0
00019562,150,2022-06-30,0
00019563,200,2025-05-31,0
00019564,150,2024-06-02,0
00019565,200,2025-01-04,0
00019566,200,2024-03-23,0
00019567,150,2024-04-23,0
00019568,50,2023-07-24,0
00019569,500,2023-09-17,500
00019570,50,2025-11-29,0
00019571,200,2023-06-23,0
00019572,500,2023-07-10,0
00019573,50,2022-02-05,0
00019574,100,2024-11-05,0
00019575,100,2023-01-05,0
00019576,500,2025-11-13,0
00019577,200,2024-05-25,0
00019578,100,2025-08-08,0
00019579,100,2023-04-27,0
00019580,50,2022-08-25,0
00019581,50,2024-08-22,0
00019582,150,2024-08-03,0
00019583,200,2024-06-14,200
00019584,50,2022-02-08,0
00019585,500,2022-06-26,0
00019586,50,2024-12-20,0
00019587,100,2025-08-12,0
00019588,200,2025-05-30,0
00019589,500,2023-03-17,0
00019590,100,2023-09-10,0
00019591,500,2022-06-24,0
00019592,100,2024-03-19,0
00019593,200,2023-04-07,2000
00019594,150,2025-07-21,0
00019595,500,2022-04-08,0
00019596,500,2024-09-11,0
00019597,150,2024-08-01,0
00019598,100,2022-08-13,0
00019599,100,2025-02-03,0
00019600,100,2024-10-02,100000
00019601,150,2023-07-17,0
00019602,500,2025-07-31,0
00019603,50,2025-09-29,0
00019604,500,2022-06-29,0
00019605,150,2025-10-17,0
00019606,50,2025-01-29,0
00019607,100,2025-06-15,0
00019608,200,2023-07-28,0
00019609,200,2022-04-05,20000
00019610,100,2023-04-14,0
00019611,200,2025-09-15,200
00019612,200,2024-01-11,0
00019613,50,2023-12-10,0
00019614,500,2024-09-23,50000
00019615,500,2023-04-23,500
00019616,500,2022-11-16,0
00019617,100,2025-08-18,0
00019618,200,2023-10-05,0
00019619,500,2025-05-25,0
00019620,50,2024-06-08,0
00019621,150,2022-08-26,0
00019622,500,2024-03-06,5000
00019623,200,2024-04-05,0
00019624,50,2022-06-23,0
00019625,500,2023-01-18,0
00019626,100,2022-06-28,0
00019627,200,2023-10-04,0
00019628,150,2023-03-26,0
00019629,100,2022-02-15,0
00019630,150,2023-04-03,0
00019631,200,2023-02-10,0
00019632,150,2025-03-30,0
00019633,100,2024-10-24,0
00019634,200,2025-03-31,20000
00019635,50,2025-09-12,0
00019636,200,2025-01-22,0
00019637,150,2023-10-12,0
00019638,500,2024-02-22,0
00019639,100,2022-12-20,100000
00019640,500,2025-09-22,0
00019641,150,2024-12-18,0
00019642,50,2022-01-23,0
00019643,150,2024-12-31,100000
00019644,200,2024-01-25,0
00019645,100,2023-06-05,0
00019646,500,2022-07-18,0
00019647,50,2024-11-04,0
00019648,100,2023-08-18,0
00019649,500,2023-05-07,0
00019650,500,2023-01-17,0
00019651,100,2024-07-16,0
00019652,200,2024-11-02,0
00019653,150,2022-04-07,0
00019654,100,2022-10-09,0
00019655,500,2022-06-11,0
00019656,50,2024-03-01,0
00019657,50,2024-10-02,0
00019658,50,2022-09-02,500
00019659,50,2022-12-24,5000
00019660,100,2024-06-13,1000
00019661,150,2024-07-20,0
00019662,150,2022-08-05,0
00019663,500,2022-05-16,0
00019664,500,2022-01-12,500
00019665,50,2022-02-01,0
00019666,50,2023-04-12,0
00019667,100,2022-08-29,0
00019668,500,2025-04-20,500
00019669,50,2022-07-11,0
00019670,100,2025-08-08,0
00019671,50,2023-12-29,0
00019672,500,2022-06-09,0
00019673,200,2024-10-04,0
00019674,150,2023-08-15,0
00019675,200,2025-12-26,0
00019676,150,2023-10-23,0
00019677,500,2023-09-28,0
00019678,500,2022-07-22,0
00019679,500,2023-02-06,0
00019680,200,2023-11-04,0
00019681,200,2023-09-26,0
00019682,50,2025-07-13,0
00019683,50,2023-08-20,0
00019684,50,2025-05-20,0
00019685,500,2022-01-31,0
00019686,100,2023-04-02,0
00019687,100,2024-02-09,0
00019688,50,2025-03-06,0
00019689,500,2024-02-15,0
00019690,50,2022-10-05,0
00019691,200,2025-10-31,0
00019692,50,2024-02-28,0
00019693,500,2025-03-06,0
00019694,200,2024-07-16,0
00019695,500,2025-07-22,0
00019696,200,2023-12-29,0
00019697,150,2025-01-08,0
00019698,150,2025-05-07,0
00019699,150,2025-05-14,0
00019700,200,2024-10-01,0
00019701,100,2025-11-17,0
00019702,500,2022-02-02,50000
00019703,150,2022-03-11,0
00019704,200,2024-12-10,0
00019705,100,2024-08-30,0
00019706,100,2025-03-05,0
00019707,200,2023-08-02,0
00019708,100,2024-06-07,0
00019709,500,2024-04-08,0
00019710,200,2022-04-17,0
00019711,500,2024-01-24,0
00019712,200,2022-01-07,0
00019713,150,2022-11-15,15000
00019714,100,2022-10-05,500
00019715,50,2025-07-31,0
00019716,200,2025-10-25,0
00019717,100,2025-07-11,0
00019718,50,2022-12-03,0
00019719,100,2025-04-20,0
00019720,150,2023-11-15,0
00019721,200,2024-03-26,0
00019722,100,2022-04-23,0
00019723,500,2023-03-17,0
00019724,50,2024-06-17,0
00019725,500,2022-05-21,0
00019726,500,2022-01-21,0
00019727,100,2025-11-03,0
00019728,50,2023-12-10,0
00019729,100,2023-09-20,0
00019730,50,2025-02-26,0
00019731,150,2024-07-19,100000
00019732,150,2025-01-13,0
00019733,200,2022-09-12,0
00019734,200,2022-11-21,0
00019735,500,2025-07-16,0
00019736,500,2024-02-12,0
00019737,100,2024-05-15,0
00019738,50,2025-06-17,0
00019739,200,2022-10-17,0
00019740,200,2024-07-21,0
00019741,50,2024-11-01,0
00019742,100,2025-02-20,0
00019743,50,2022-06-20,0
00019744,100,2022-10-20,0
00019745,150,2024-03-26,0
00019746,50,2022-05-10,0
00019747,500,2022-06-06,0
00019748,50,2024-08-09,0
00019749,150,2023-11-15,0
00019750,500,2025-05-10,0
00019751,50,2024-09-02,0
00019752,500,2025-05-30,0
00019753,50,2022-11-03,0
00019754,100,2022-08-03,0
00019755,500,2025-08-19,0
00019756,150,2022-03-13,0
00019757,150,2024-02-28,0
00019758,50,2024-08-28,0
00019759,50,2024-09-15,0
00019760,150,2022-06-30,0
00019761,150,2024-01-16,0
00019762,50,2023-01-11,0
00019763,100,2023-11-28,0
00019764,50,2024-04-29,0
00019765,150,2025-06-23,15000
00019766,200,2023-02-01,1000
00019767,200,2023-02-14,0
00019768,200,2023-09-23,0
00019769,150,2022-02-09,1500
00019770,150,2023-03-04,0
00019771,150,2025-08-27,100000
00019772,50,2024-04-26,0
00019773,200,2023-06-16,0
00019774,200,2025-08-26,0
00019775,200,2025-07-04,0
00019776,200,2024-09-21,0
00019777,50,2023-03-02,0
00019778,150,2023-12-02,0
00019779,150,2025-01-26,0
00019780,150,2025-04-10,1500
00019781,100,2023-12-10,0
00019782,500,2022-02-05,0
00019783,100,2023-12-21,0
00019784,50,2024-12-02,0
00019785,200,2023-03-04,0
00019786,500,2025-12-27,0
00019787,200,2024-01-16,1000
00019788,100,2024-07-22,100
00019789,150,2025-06-20,0
00019790,50,2022-12-21,0
00019791,150,2023-04-28,0
00019792,150,2024-08-24,0
00019793,500,2025-02-22,2500
00019794,50,2024-01-13,100000
00019795,50,2024-02-24,0
00019796,100,2025-03-06,0
00019797,100,2025-09-11,0
00019798,200,2022-09-18,0
00019799,100,2022-10-02,0
00019800,200,2024-01-10,0
00019801,50,2022-08-16,0
00019802,500,2022-12-12,0
00019803,500,2022-08-10,0
00019804,100,2022-01-06,0
00019805,200,2022-12-21,0
00019806,500,2022-08-19,0
00019807,500,2022-12-15,0
00019808,50,2024-04-28,0
00019809,50,2024-10-07,0
00019810,50,2025-10-28,0
00019811,200,2022-01-17,0
00019812,50,2022-07-14,0
00019813,500,2022-11-02,0
00019814,150,2025-03-03,0
00019815,100,2024-01-11,0
00019816,150,2023-05-22,0
00019817,100,2025-12-28,0
00019818,200,2022-10-09,0
00019819,150,2025-11-30,0
00019820,50,2023-07-13,0
00019821,50,2025-03-22,0
00019822,150,2024-07-03,0
00019823,50,2024-05-28,0
00019824,500,2025-09-26,0
00019825,100,2022-06-08,0
00019826,100,2023-08-18,0
00019827,500,2022-11-26,0
00019828,50,2024-03-30,0
00019829,100,2025-05-09,0
00019830,100,2024-12-07,0
00019831,150,2025-08-11,0
00019832,200,2023-04-18,0
00019833,100,2023-03-22,0
00019834,100,2023-06-01,0
00019835,200,2023-02-14,0
00019836,500,2023-03-16,0
00019837,50,2022-11-21,0
00019838,50,2023-08-25,0
00019839,100,2024-12-03,0
00019840,500,2023-07-28,0
00019841,500,2022-01-16,0
00019842,200,2023-08-03,0
00019843,200,2024-05-18,0
00019844,150,2023-07-05,1500
00019845,200,2025-04-15,0
00019846,50,2024-03-02,0
00019847,100,2023-12-18,0
00019848,500,2023-05-21,0
00019849,150,2023-09-05,0
00019850,500,2023-04-21,0
00019851,150,2022-09-01,0
00019852,500,2024-01-26,0
00019853,50,2025-01-31,0
00019854,500,2024-07-09,0
00019855,150,2024-10-08,0
00019856,500,2022-09-05,0
00019857,200,2022-02-26,0
00019858,200,2022-12-31,0
00019859,50,2022-08-01,0
00019860,100,2023-01-19,500
00019861,200,2024-06-27,0
00019862,150,2025-06-08,0
00019863,500,2024-09-01,0
00019864,500,2023-05-28,0
00019865,100,2024-05-29,0
00019866,100,2024-11-28,0
00019867,100,2022-01-12,0
00019868,200,2025-01-30,0
00019869,50,2025-02-20,0
00019870,500,2022-12-26,50000
00019871,500,2022-01-09,0
00019872,500,2023-01-09,0
00019873,50,2025-04-03,0
00019874,150,2022-12-29,0
00019875,50,2025-08-17,0
00019876,500,2023-07-15,0
00019877,100,2025-07-24,0
00019878,150,2024-10-02,0
00019879,100,2022-04-12,0
00019880,200,2025-04-04,0
00019881,500,2022-01-24,0
00019882,50,2022-02-16,250
00019883,100,2024-09-08,0
00019884,100,2024-01-10,0
00019885,500,2025-03-14,0
00019886,500,2023-05-23,0
00019887,500,2025-11-16,0
00019888,150,2023-03-10,0
00019889,50,2023-04-21,0
00019890,100,2023-09-06,100
00019891,200,2024-08-27,0
00019892,50,2023-04-23,0
00019893,500,2022-08-02,0
00019894,150,2022-04-11,0
00019895,500,2023-11-03,0
00019896,200,2022-01-28,0
00019897,500,2025-04-14,0
00019898,500,2022-11-28,0
00019899,50,2025-01-13,0
00019900,150,2022-06-22,0
00019901,100,2025-08-16,0
00019902,200,2024-02-24,0
00019903,50,2025-03-18,0
00019904,200,2025-11-13,0
00019905,150,2022-08-13,0
00019906,200,2022-08-14,0
00019907,500,2022-05-08,0
00019908,150,2024-10-22,0
00019909,100,2024-08-23,0
00019910,150,2025-06-10,0
00019911,50,2022-08-05,0
00019912,500,2025-03-25,0
00019913,150,2024-12-03,0
00019914,150,2023-04-15,0
00019915,500,2025-11-04,0
00019916,500,2025-09-14,0
00019917,200,2022-06-02,0
00019918,100,2025-03-07,0
00019919,150,2025-10-10,0
00019920,500,2023-10-26,0
00019921,50,2025-04-05,0
00019922,200,2022-04-16,200
00019923,500,2022-06-20,0
00019924,50,2023-04-21,0
00019925,100,2024-04-02,0
00019926,150,2025-07-02,0
00019927,200,2023-01-03,0
00019928,50,2023-11-25,0
00019929,50,2024-02-03,0
00019930,500,2025-08-15,0
00019931,200,2023-05-23,0
00019932,50,2025-09-10,0
00019933,100,2025-01-14,0
00019934,200,2022-08-14,2000
00019935,100,2022-08-26,0
00019936,500,2024-10-21,0
00019937,150,2025-06-07,0
00019938,50,2025-07-01,0
00019939,200,2023-10-29,0
00019940,150,2022-08-29,0
00019941,100,2024-03-17,0
00019942,200,2023-09-18,0
00019943,150,2023-04-02,15000
00019944,150,2022-02-17,0
00019945,50,2025-12-04,100000
00019946,50,2022-08-28,0
00019947,50,2024-04-19,0
00019948,100,2023-01-07,0
00019949,150,2023-04-27,0
00019950,150,2023-06-28,0
00019951,500,2023-10-06,100000
00019952,500,2025-07-04,0
00019953,50,2025-08-07,0
00019954,500,2025-09-01,0
00019955,150,2022-05-14,0
00019956,500,2022-08-19,0
00019957,100,2024-03-31,0
00019958,50,2025-08-06,0
00019959,150,2024-01-22,0
00019960,150,2024-12-29,0
00019961,100,2022-02-28,0
00019962,150,2025-06-17,0
00019963,500,2022-04-06,0
00019964,50,2022-03-10,0
00019965,200,2025-04-16,0
00019966,500,2025-01-12,100000
00019967,100,2023-01-21,0
00019968,100,2022-06-25,0
00019969,500,2022-12-11,0
00019970,200,2023-08-13,1000
00019971,50,2024-07-04,0
00019972,150,2025-02-28,0
00019973,500,2022-02-25,0
00019974,200,2023-07-24,200
00019975,50,2024-02-09,0
00019976,50,2025-03-24,0
00019977,500,2024-02-09,0
00019978,50,2023-10-30,0
00019979,50,2025-01-11,0
00019980,100,2024-10-18,0
00019981,150,2023-12-26,0
00019982,500,2023-02-05,0
00019983,50,2024-12-11,0
00019984,200,2024-02-28,0
00019985,150,2023-06-09,0
00019986,100,2023-06-08,0
00019987,500,2022-08-06,0
00019988,200,2024-11-25,0
00019989,50,2022-01-15,0
00019990,500,2024-02-09,0
00019991,100,2022-12-27,100000
00019992,200,2022-03-23,0
00019993,100,2022-02-16,0
00019994,500,2022-09-05,0
00019995,200,2022-09-21,0
00019996,100,2023-11-01,0
00019997,500,2025-01-19,0
00019998,500,2025-08-24,0
00019999,200,2024-08-06,0
00020000,150,2022-07-15,0
00020001,200,2024-10-26,0
00020002,150,2022-09-17,0
00020003,200,2024-06-09,0
00020004,50,2022-05-06,0
00020005,100,2023-12-08,0
00020006,200,2023-10-09,0
00020007,100,2023-11-25,0
00020008,150,2025-01-21,0
00020009,200,2025-03-09,0
00020010,150,2022-06-29,0
00020011,50,2023-06-05,0
00020012,500,2022-02-06,0
00020013,50,2025-09-12,0
00020014,50,2025-11-19,0
00020015,50,2023-11-17,0
00020016,150,2023-09-30,0
00020017,200,2022-12-15,0
00020018,150,2022-10-24,0
00020019,200,2023-12-17,0
00020020,500,2024-07-24,0
00020021,100,2025-04-07,0
00020022,50,2024-07-25,0
00020023,200,2024-04-03,0
00020024,100,2023-06-10,0
00020025,100,2022-01-29,0
00020026,100,2022-08-01,0
00020027,150,2024-09-11,0
00020028,200,2022-01-19,0
00020029,150,2025-02-15,750
00020030,150,2024-01-26,0
00020031,200,2024-06-15,0
00020032,200,2023-04-04,0
00020033,500,2024-05-13,0
00020034,50,2022-07-30,0
00020035,100,2024-07-30,0
00020036,200,2024-04-30,0
00020037,500,2025-08-16,0
00020038,100,2024-05-09,10000
00020039,200,2022-12-22,0
00020040,150,2023-11-19,0
00020041,100,2022-09-18,0
00020042,200,2022-07-21,0
00020043,150,2022-10-07,0
00020044,50,2022-06-18,0
00020045,500,2022-09-20,0
00020046,100,2025-08-11,0
00020047,50,2022-04-16,0
00020048,100,2022-03-30,0
00020049,200,2024-08-22,0
00020050,50,2024-07-17,500
00020051,100,2023-04-22,0
00020052,50,2023-11-28,0
00020053,500,2023-03-27,0
00020054,200,2022-12-30,0
00020055,500,2024-08-01,0
00020056,50,2024-11-08,0
00020057,100,2023-05-02,0
00020058,500,2022-11-05,0
00020059,100,2025-12-12,0
00020060,500,2024-04-29,0
00020061,500,2024-08-14,0
00020062,200,2024-02-26,0
00020063,500,2023-03-05,0
00020064,100,2022-09-29,0
00020065,200,2025-02-04,0
00020066,500,2022-04-05,0
00020067,50,2024-11-14,0
00020068,50,2025-12-06,0
00020069,150,2023-11-20,0
00020070,50,2022-10-02,0
00020071,150,2022-07-25,0
00020072,500,2025-01-23,0
00020073,100,2023-08-18,100
00020074,200,2025-03-23,0
00020075,500,2023-09-15,0
00020076,150,2025-07-13,0
00020077,200,2024-06-13,0
00020078,500,2025-12-27,0
00020079,150,2023-02-17,0
00020080,50,2022-07-29,0
00020081,100,2022-03-30,0
00020082,150,2025-11-14,0
00020083,150,2022-09-08,0
00020084,200,2023-11-29,0
00020085,500,2022-12-20,0
00020086,50,2022-04-07,0
00020087,100,2023-08-23,0
00020088,100,2023-04-19,0
00020089,200,2022-07-07,0
00020090,200,2023-09-30,0
00020091,100,2025-09-17,0
00020092,150,2022-06-23,0
00020093,500,2025-06-24,0
00020094,100,2022-05-15,1000
00020095,100,2025-06-10,0
00020096,50,2025-06-14,0
00020097,500,2023-03-11,0
00020098,200,2024-08-22,0
00020099,150,2022-09-15,150
00020100,50,2024-10-18,0
00020101,100,2022-06-03,100
00020102,500,2022-08-23,5000
00020103,200,2022-03-15,2000
00020104,100,2025-08-20,0
00020105,150,2025-04-13,0
00020106,200,2024-05-05,0
00020107,200,2025-12-25,0
00020108,50,2023-02-15,0
00020109,500,2024-01-04,0
00020110,100,2022-10-05,0
00020111,500,2023-04-17,0
00020112,100,2025-05-14,1000
00020113,100,2023-01-07,0
00020114,500,2025-01-18,0
00020115,50,2024-10-04,0
00020116,200,2025-05-10,0
00020117,200,2024-01-01,0
00020118,200,2023-10-07,0
00020119,500,2023-12-23,0
00020120,100,2025-02-08,0
00020121,150,2024-05-17,0
00020122,50,2022-12-07,0
00020123,150,2023-12-03,0
00020124,150,2024-07-17,0
00020125,50,2022-06-06,0
00020126,500,2023-06-28,0
00020127,200,2025-01-19,0
00020128,50,2025-02-16,0
00020129,100,2023-03-14,0
00020130,150,2025-10-22,0
00020131,500,2023-08-17,0
00020132,150,2025-01-02,0
00020133,150,2025-09-23,0
00020134,500,2023-09-28,0
00020135,150,2022-06-14,0
00020136,100,2022-08-30,0
00020137,200,2022-10-15,0
00020138,500,2022-07-10,0
00020139,200,2022-04-24,0
00020140,100,2023-02-20,0
00020141,50,2023-07-07,0
00020142,500,2022-09-23,0
00020143,150,2025-09-20,0
00020144,100,2023-03-10,0
00020145,150,2023-10-23,0
00020146,100,2023-11-18,0
00020147,50,2023-03-02,0
00020148,50,2024-04-26,0
00020149,200,2025-07-31,0
00020150,100,2022-05-04,0
00020151,200,2025-02-24,100000
00020152,500,2023-03-14,0
00020153,500,2024-03-20,0
00020154,200,2023-12-05,0
00020155,100,2025-02-27,0
00020156,500,2022-06-28,0
00020157,500,2023-01-25,0
00020158,100,2024-11-24,0
00020159,500,2022-06-21,0
00020160,100,2023-10-19,500
00020161,500,2024-10-21,0
00020162,150,2023-11-27,150
00020163,200,2024-11-09,0
00020164,50,2025-11-03,5000
00020165,100,2024-08-01,0
00020166,150,2024-03-20,0
00020167,200,2022-11-26,20000
00020168,100,2025-10-14,0
00020169,100,2023-09-27,0
00020170,500,2022-09-10,0
00020171,150,2023-07-06,0
00020172,200,2023-12-20,2000
00020173,500,2025-05-18,0
00020174,100,2025-08-24,1000
00020175,150,2024-02-28,0
00020176,100,2025-01-19,0
00020177,150,2023-08-05,0
00020178,50,2022-07-02,0
00020179,100,2022-10-14,100000
00020180,500,2025-08-18,0
00020181,150,2025-02-20,0
00020182,50,2022-09-20,0
00020183,150,2025-05-27,0
00020184,500,2025-03-21,0
00020185,100,2022-02-18,0
00020186,100,2025-08-31,0
00020187,100,2025-12-29,1000
00020188,50,2024-10-20,0
00020189,500,2024-06-17,50000
00020190,500,2023-02-17,0
00020191,100,2025-02-05,0
00020192,200,2024-07-07,0
00020193,50,2025-09-26,5000
00020194,200,2023-03-30,0
00020195,150,2025-04-03,0
00020196,100,2024-01-19,0
00020197,500,2023-12-18,0
00020198,50,2022-10-17,500
00020199,150,2023-01-22,750
00020200,150,2023-03-31,0
00020201,100,2024-06-03,0
00020202,200,2024-05-29,0
00020203,200,2022-05-07,0
00020204,150,2024-06-09,0
00020205,50,2023-03-08,0
00020206,150,2024-11-20,0
00020207,50,2022-06-01,0
00020208,150,2023-11-08,0
00020209,200,2023-01-05,2000
00020210,150,2023-10-18,0
00020211,100,2022-07-26,0
00020212,500,2023-10-27,0
00020213,150,2023-10-12,15000
00020214,500,2023-08-07,0
00020215,50,2023-12-24,0
00020216,100,2024-03-13,500
00020217,100,2025-02-21,0
00020218,500,2025-03-26,0
00020219,500,2022-11-03,0
00020220,500,2025-07-22,0
00020221,200,2024-03-05,0
00020222,500,2022-01-30,50000
00020223,150,2023-01-04,0
00020224,150,2023-10-01,0
00020225,50,2023-10-06,0
00020226,100,2024-05-20,0
00020227,150,2022-07-15,0
00020228,100,2025-08-29,0
00020229,200,2025-07-30,0
00020230,150,2025-12-15,0
00020231,50,2022-04-03,0
00020232,150,2022-04-19,0
00020233,500,2023-08-25,0
00020234,50,2024-06-25,0
00020235,100,2025-05-18,0
00020236,200,2025-02-22,0
00020237,50,2022-04-07,0
00020238,500,2024-01-27,0
00020239,150,2025-05-08,1500
00020240,150,2022-12-16,0
00020241,150,2025-02-12,0
00020242,500,2023-08-02,0
00020243,150,2022-08-03,0
00020244,200,2022-08-02,0
00020245,500,2024-11-27,0
00020246,500,2023-12-17,0
00020247,50,2023-10-25,0
00020248,200,2025-06-03,0
00020249,100,2022-10-02,0
00020250,100,2024-07-23,0
00020251,500,2022-03-11,0
00020252,200,2025-02-09,0
00020253,50,2023-09-24,0
00020254,200,2025-11-13,0
00020255,50,2025-06-30,0
00020256,500,2023-09-27,0
00020257,500,2022-07-24,0
00020258,150,2025-09-02,0
00020259,500,2023-01-16,0
00020260,500,2023-09-11,0
00020261,200,2024-10-01,0
00020262,200,2023-07-24,0
00020263,150,2023-05-11,0
00020264,150,2024-04-15,0
00020265,200,2025-02-12,0
00020266,200,2023-02-26,0
00020267,50,2024-02-13,0
00020268,200,2022-05-20,0
00020269,50,2022-07-13,0
00020270,500,2024-01-26,0
00020271,150,2022-10-11,0
00020272,200,2022-08-29,0
00020273,200,2023-09-09,0
00020274,100,2023-10-07,0
00020275,100,2023-07-13,0
00020276,100,2022-12-21,0
00020277,50,2022-09-09,0
00020278,50,2022-12-06,0
00020279,500,2024-12-07,0
00020280,50,2023-07-03,0
00020281,50,2023-07-07,50
00020282,50,2022-09-22,50
00020283,200,2023-09-18,0
00020284,500,2022-07-10,0
00020285,200,2025-03-10,0
00020286,500,2023-07-16,0
00020287,100,2024-10-22,100
00020288,100,2023-06-12,0
00020289,500,2022-11-12,0
00020290,200,2022-01-18,0
00020291,50,2024-10-17,250
00020292,200,2024-11-25,0
00020293,150,2024-07-07,0
00020294,100,2024-04-19,0
00020295,100,2023-11-07,0
00020296,150,2025-10-22,0
00020297,100,2024-03-01,0
00020298,50,2025-07-12,0
00020299,150,2024-03-27,0
00020300,500,2025-07-05,0
00020301,50,2024-09-17,0
00020302,100,2025-03-16,0
00020303,100,2023-04-28,0
00020304,500,2025-08-20,0
00020305,50,2024-11-07,0
00020306,100,2023-03-03,0
00020307,150,2023-07-21,0
00020308,500,2024-06-19,0
00020309,50,2025-01-29,0
00020310,50,2025-11-10,0
00020311,500,2023-10-22,0
00020312,500,2024-10-24,2500
00020313,500,2023-09-13,0
00020314,100,2024-07-12,0
00020315,200,2025-11-18,0
00020316,200,2025-02-04,0
00020317,150,2025-06-19,0
00020318,50,2025-11-03,0
00020319,150,2024-07-26,0
00020320,150,2023-08-10,0
00020321,50,2023-12-11,0
00020322,200,2025-07-20,0
00020323,200,2025-07-30,20000
00020324,50,2025-01-10,0
00020325,100,2023-05-26,0
00020326,100,2022-01-24,0
00020327,50,2022-01-29,0
00020328,100,2025-05-01,0
00020329,50,2024-05-12,0
00020330,500,2022-10-12,0
00020331,200,2023-10-06,0
00020332,100,2022-01-10,0
00020333,100,2023-01-06,0
00020334,50,2022-09-19,0
00020335,50,2024-03-27,0
00020336,100,2023-10-18,0
00020337,100,2022-12-24,0
00020338,100,2023-04-12,0
00020339,100,2023-04-07,0
00020340,100,2023-07-03,10000
00020341,50,2024-11-22,0
00020342,500,2025-08-12,0
00020343,150,2025-01-17,0
00020344,500,2023-07-10,0
00020345,100,2025-10-05,0
00020346,100,2022-09-17,0
00020347,150,2024-05-20,0
00020348,200,2022-09-02,0
00020349,500,2024-06-29,100000
00020350,50,2024-11-08,0
00020351,100,2022-08-16,0
00020352,100,2024-07-02,0
00020353,150,2025-10-26,0
00020354,50,2023-06-17,0
00020355,150,2023-09-11,0
00020356,100,2022-11-13,0
00020357,50,2023-06-25,0
00020358,500,2025-10-27,0
00020359,200,2023-06-24,0
00020360,100,2022-12-25,0
00020361,500,2025-10-30,0
00020362,100,2022-03-07,0
00020363,150,2024-11-20,0
00020364,150,2025-08-19,750
00020365,200,2023-07-05,0
00020366,100,2022-04-14,0
00020367,50,2024-03-30,0
00020368,500,2023-05-20,50000
00020369,200,2023-05-14,0
00020370,200,2024-09-16,0
00020371,500,2023-12-30,0
00020372,200,2024-09-23,0
00020373,150,2024-08-16,0
00020374,100,2023-04-22,0
00020375,100,2024-10-24,0
00020376,500,2022-03-18,0
00020377,500,2025-04-27,0
00020378,150,2025-10-14,15000
00020379,500,2023-08-16,0
00020380,200,2024-02-17,0
00020381,500,2022-12-12,0
00020382,500,2022-09-03,0
00020383,50,2024-08-02,0
00020384,200,2022-11-13,0
00020385,50,2025-03-22,0
00020386,150,2022-11-21,0
00020387,100,2024-07-19,0
00020388,50,2024-07-10,0
00020389,200,2022-11-06,20000
00020390,50,2022-05-11,0
00020391,150,2025-07-30,0
00020392,200,2024-07-20,0
00020393,150,2024-09-09,0
00020394,50,2022-03-30,0
00020395,200,2023-09-14,0
00020396,150,2025-11-17,0
00020397,500,2024-11-06,0
00020398,50,2025-12-23,0
00020399,50,2025-12-06,0
00020400,200,2024-11-29,0
00020401,500,2022-04-18,0
00020402,100,2023-08-10,0
00020403,500,2022-10-05,0
00020404,50,2022-01-20,0
00020405,100,2023-09-12,0
00020406,500,2024-09-09,0
00020407,50,2023-10-18,0
00020408,50,2023-02-06,0
00020409,100,2022-04-23,0
00020410,100,2024-11-09,0
00020411,50,2023-01-25,0
00020412,150,2023-02-26,0
00020413,100,2024-06-22,0
00020414,50,2022-11-06,0
00020415,500,2024-01-27,0
00020416,50,2023-07-09,0
00020417,500,2025-07-07,0
00020418,500,2022-08-10,0
00020419,500,2024-10-18,0
00020420,500,2025-03-05,0
00020421,100,2025-11-22,0
00020422,500,2022-09-30,0
00020423,200,2024-12-11,100000
00020424,100,2024-12-04,0
00020425,500,2025-01-09,0
00020426,500,2022-07-12,0
00020427,200,2023-01-01,20000
00020428,200,2025-02-24,0
00020429,100,2022-03-24,0
00020430,500,2022-05-11,0
00020431,500,2022-05-19,0
00020432,150,2025-01-21,0
00020433,50,2024-08-15,0
00020434,500,2025-01-06,0
00020435,150,2023-07-13,0
00020436,500,2022-05-12,0
00020437,150,2022-06-17,1500
00020438,150,2025-10-01,0
00020439,100,2023-10-24,0
00020440,200,2023-04-14,200
00020441,500,2022-04-06,0
00020442,100,2023-11-23,0
00020443,100,2023-04-05,500
00020444,200,2023-01-04,0
00020445,150,2022-11-21,0
00020446,150,2022-12-11,0
00020447,100,2023-05-10,100
00020448,150,2023-03-30,0
00020449,200,2024-02-25,0
00020450,100,2025-01-15,0
00020451,200,2024-06-18,0
00020452,500,2024-06-18,0
00020453,200,2024-08-12,0
00020454,500,2024-11-08,0
00020455,200,2022-02-24,0
00020456,150,2024-03-18,0
00020457,150,2025-07-31,0
00020458,150,2022-05-05,0
00020459,500,2023-04-21,0
00020460,500,2024-06-13,0
00020461,500,2024-10-29,0
00020462,200,2025-11-24,0
00020463,200,2022-11-21,0
00020464,500,2022-07-11,0
00020465,200,2023-01-31,0
00020466,50,2023-10-29,0
00020467,500,2022-01-05,0
00020468,500,2022-05-12,500
00020469,50,2022-03-07,0
00020470,200,2025-01-11,0
00020471,50,2024-11-27,0
00020472,100,2024-04-16,0
00020473,150,2022-05-25,0
00020474,200,2025-10-22,0
00020475,100,2023-01-11,0
00020476,50,2024-11-21,250
00020477,100,2025-07-03,0
00020478,100,2024-08-30,0
00020479,150,2025-08-21,0
00020480,150,2023-06-27,0
00020481,150,2023-08-04,0
00020482,200,2022-11-25,0
00020483,200,2025-12-23,0
00020484,100,2023-08-18,0
00020485,200,2025-10-18,0
00020486,200,2022-06-05,0
00020487,50,2024-04-15,0
00020488,500,2024-03-04,0
00020489,500,2023-06-19,0
00020490,50,2025-10-26,0
00020491,50,2023-03-24,0
00020492,500,2024-12-25,0
00020493,100,2024-07-16,0
00020494,500,2022-09-26,0
00020495,500,2023-02-23,0
00020496,500,2024-10-05,0
00020497,200,2025-02-28,200
00020498,100,2024-10-21,0
00020499,100,2022-06-18,0
00020500,200,2023-03-21,0
00020501,500,2022-08-17,0
00020502,200,2022-06-03,20000
00020503,100,2022-12-16,0
00020504,50,2025-05-29,0
00020505,150,2024-05-08,0
00020506,500,2023-08-14,0
00020507,200,2025-10-09,0
00020508,500,2023-01-12,0
00020509,500,2023-06-05,500
00020510,100,2023-12-28,0
00020511,100,2022-04-30,500
00020512,100,2022-04-06,0
00020513,50,2025-01-12,0
00020514,50,2022-11-11,0
00020515,500,2024-03-24,0
00020516,200,2025-09-15,0
00020517,100,2022-02-23,0
00020518,50,2024-09-30,0
00020519,150,2022-04-13,0
00020520,100,2024-08-31,0
00020521,100,2024-09-24,0
00020522,500,2023-06-13,0
00020523,150,2025-08-30,0
00020524,500,2024-02-19,0
00020525,500,2022-07-24,0
00020526,150,2022-05-20,0
00020527,50,2024-11-07,0
00020528,150,2025-06-26,0
00020529,150,2023-05-27,0
00020530,150,2022-07-06,0
00020531,150,2022-03-22,0
00020532,200,2025-01-10,0
00020533,150,2025-07-22,0
00020534,500,2023-03-15,0
00020535,50,2022-07-23,5000
00020536,150,2022-12-24,0
00020537,500,2025-06-18,0
00020538,100,2023-11-27,0
00020539,150,2022-04-07,0
00020540,100,2023-11-20,0
00020541,50,2025-09-17,0
00020542,100,2024-08-30,0
00020543,150,2023-08-08,0
00020544,500,2024-01-20,0
00020545,50,2023-05-22,0
00020546,200,2025-03-26,0
00020547,100,2023-11-08,0
00020548,200,2024-08-19,0
00020549,100,2023-05-02,0
00020550,200,2025-09-27,0
00020551,100,2025-02-28,10000
00020552,150,2022-06-14,0
00020553,500,2022-01-10,0
00020554,100,2024-04-08,0
00020555,500,2023-09-05,100000
00020556,50,2024-07-29,0
00020557,100,2022-12-14,0
00020558,50,2024-10-20,0
00020559,500,2022-01-31,0
00020560,50,2023-08-09,0
00020561,150,2023-09-14,0
00020562,100,2025-05-03,100000
00020563,150,2024-02-23,0
00020564,150,2024-12-06,0
00020565,150,2022-05-26,0
00020566,150,2025-03-14,0
00020567,100,2025-01-06,0
00020568,150,2025-12-31,0
00020569,100,2022-10-04,0
00020570,100,2024-01-01,0
00020571,50,2025-09-20,0
00020572,150,2024-11-12,0
00020573,100,2024-04-30,0
00020574,500,2022-04-05,0
00020575,150,2024-03-13,0
00020576,200,2022-01-13,0
00020577,150,2023-04-14,0
00020578,50,2024-09-24,0
00020579,100,2022-06-14,0
00020580,200,2022-05-15,0
00020581,50,2025-01-13,0
00020582,150,2023-10-31,0
00020583,50,2023-05-29,0
00020584,500,2024-03-24,0
00020585,100,2024-05-13,0
00020586,500,2025-01-01,0
00020587,500,2024-09-23,0
00020588,150,2024-11-01,0
00020589,100,2024-08-26,0
00020590,200,2025-01-08,0
00020591,50,2024-05-22,0
00020592,500,2025-07-24,50000
00020593,150,2022-06-09,0
00020594,500,2024-11-05,0
00020595,150,2025-08-11,0
00020596,200,2023-02-02,0
00020597,50,2024-08-30,0
00020598,500,2023-10-24,0
00020599,200,2023-08-08,0
00020600,200,2022-02-17,0
00020601,500,2025-07-30,0
00020602,150,2025-02-04,0
00020603,100,2023-10-02,0
00020604,150,2024-04-28,0
00020605,100,2022-12-08,0
00020606,150,2023-09-24,150
00020607,150,2024-05-22,0
00020608,200,2024-07-18,200
00020609,150,2024-02-24,0
00020610,200,2025-07-01,0
00020611,50,2025-01-10,500
00020612,100,2024-07-11,0
00020613,500,2022-11-03,100000
00020614,150,2023-06-06,0
00020615,50,2024-05-15,0
00020616,150,2025-12-31,0
00020617,50,2024-03-29,0
00020618,200,2025-07-23,0
00020619,100,2022-11-26,0
00020620,150,2023-11-05,0
00020621,500,2023-03-08,0
00020622,100,2023-04-06,0
00020623,50,2023-06-24,0
00020624,100,2024-01-03,0
00020625,500,2023-10-27,0
00020626,100,2024-10-24,0
00020627,100,2022-01-17,0
00020628,200,2024-05-29,0
00020629,100,2023-06-14,0
00020630,200,2025-11-30,0
00020631,50,2025-03-08,250
00020632,500,2022-06-18,500
00020633,100,2022-12-10,0
00020634,200,2024-04-18,0
00020635,200,2025-02-22,100000
00020636,200,2023-06-10,0
00020637,500,2025-12-13,0
00020638,50,2024-03-12,0
00020639,100,2024-10-09,0
00020640,200,2023-12-09,100000
00020641,150,2022-11-28,0
00020642,50,2022-11-12,0
00020643,500,2022-08-27,0
00020644,100,2024-01-25,0
00020645,150,2025-04-14,0
00020646,100,2024-09-12,100000
00020647,200,2024-03-20,0
00020648,50,2024-02-09,0
00020649,100,2025-05-26,0
00020650,100,2023-03-12,0
00020651,50,2025-10-02,5000
00020652,50,2022-08-25,0
00020653,150,2023-09-24,0
00020654,500,2023-03-29,0
00020655,500,2024-02-08,0
00020656,50,2024-09-25,0
00020657,50,2024-07-22,0
00020658,100,2022-07-14,0
00020659,100,2023-04-01,0
00020660,150,2025-10-29,0
00020661,500,2024-10-18,0
00020662,50,2024-09-30,0
00020663,50,2025-07-29,0
00020664,150,2022-08-03,0
00020665,200,2023-07-28,0
00020666,200,2025-11-23,0
00020667,500,2025-02-20,0
00020668,100,2025-06-02,0
00020669,100,2025-08-19,0
00020670,500,2024-03-16,100000
00020671,150,2025-11-25,0
00020672,200,2023-03-18,0
00020673,150,2023-12-30,0
00020674,50,2022-05-20,0
00020675,500,2025-10-05,0
00020676,50,2023-06-22,0
00020677,500,2025-04-22,0
00020678,150,2023-01-27,0
00020679,150,2025-03-27,0
00020680,50,2022-06-21,0
00020681,200,2024-01-18,0
00020682,200,2022-04-29,0
00020683,500,2023-08-17,0
00020684,150,2025-10-20,0
00020685,500,2022-07-25,0
00020686,100,2022-05-25,100
00020687,100,2024-10-29,0
00020688,200,2022-01-04,0
00020689,50,2023-05-21,0
00020690,200,2022-02-15,0
00020691,100,2022-05-17,0
00020692,50,2022-01-13,5000
00020693,500,2024-09-20,0
00020694,150,2022-10-23,150
00020695,500,2023-08-06,0
00020696,150,2023-09-06,0
00020697,150,2025-12-20,0
00020698,500,2024-02-25,0
00020699,100,2022-12-05,0
00020700,150,2023-06-30,0
00020701,50,2024-07-31,500
00020702,200,2024-10-16,0
00020703,100,2025-06-23,0
00020704,200,2025-03-20,0
00020705,200,2022-01-19,0
00020706,150,2025-10-23,0
00020707,200,2022-10-18,0
00020708,150,2024-12-10,0
00020709,100,2025-02-24,0
00020710,500,2025-09-27,0
00020711,150,2022-06-19,0
00020712,150,2025-07-25,0
00020713,150,2024-08-09,0
00020714,50,2023-09-20,0
00020715,50,2025-11-08,0
00020716,200,2022-09-23,0
00020717,100,2022-12-15,0
00020718,100,2025-01-23,0
00020719,150,2023-03-19,0
00020720,100,2025-11-27,0
00020721,100,2022-09-19,0
00020722,200,2023-03-03,0
00020723,100,2024-07-21,0
00020724,100,2023-04-20,0
00020725,50,2023-06-17,0
00020726,200,2023-06-10,0
00020727,150,2022-03-03,0
00020728,50,2025-05-18,0
00020729,150,2022-06-24,0
00020730,100,2022-05-07,0
00020731,200,2022-08-04,0
00020732,50,2025-11-18,0
00020733,150,2023-07-08,0
00020734,50,2024-01-15,0
00020735,500,2025-01-09,100000
00020736,500,2023-05-10,0
00020737,50,2025-09-21,0
00020738,200,2025-11-28,100000
00020739,200,2024-04-07,0
00020740,500,2024-03-14,0
00020741,500,2025-10-05,0
00020742,100,2023-12-21,0
00020743,200,2024-06-19,0
00020744,150,2024-08-15,0
00020745,200,2023-08-24,0
00020746,100,2025-04-05,0
00020747,200,2023-11-30,100000
00020748,100,2022-10-27,0
00020749,100,2025-12-20,0
00020750,200,2023-10-02,0
00020751,100,2023-01-19,0
00020752,100,2022-07-04,0
00020753,50,2025-06-09,0
00020754,150,2022-12-24,0
00020755,50,2023-07-17,0
00020756,200,2022-06-05,0
00020757,100,2022-02-14,0
00020758,100,2025-09-22,0
00020759,200,2024-07-09,0
00020760,50,2022-12-29,0
00020761,150,2025-04-22,0
00020762,200,2025-12-27,0
00020763,200,2022-10-28,0
00020764,50,2024-10-01,0
00020765,150,2023-02-22,0
00020766,200,2023-02-14,0
00020767,200,2024-08-16,0
00020768,100,2022-05-08,0
00020769,200,2023-10-18,0
00020770,150,2024-11-09,0
00020771,200,2023-12-31,0
00020772,200,2025-06-27,0
00020773,50,2023-12-09,0
00020774,500,2025-03-13,0
00020775,50,2025-08-04,0
00020776,200,2024-11-10,0
00020777,500,2022-07-30,0
00020778,150,2025-07-29,0
00020779,500,2024-12-09,0
00020780,100,2024-04-16,0
00020781,200,2022-08-23,0
00020782,200,2023-10-04,20000
00020783,50,2022-07-23,0
00020784,150,2023-12-25,0
00020785,50,2022-03-30,0
00020786,150,2025-05-03,0
00020787,50,2025-02-25,0
00020788,500,2024-02-20,0
00020789,50,2024-02-02,0
00020790,500,2022-02-26,500
00020791,500,2024-06-16,0
00020792,500,2024-07-23,0
00020793,50,2023-01-17,0
00020794,500,2023-03-14,0
00020795,150,2024-04-11,0
00020796,150,2023-01-17,150
00020797,150,2025-08-01,0
00020798,50,2022-07-17,0
00020799,200,2024-05-04,0
00020800,150,2023-06-29,0
00020801,100,2024-04-10,0
00020802,100,2022-05-18,0
00020803,150,2025-12-25,0
00020804,500,2022-01-03,0
00020805,100,2022-12-21,0
00020806,50,2022-03-07,0
00020807,200,2023-05-20,0
00020808,200,2024-01-19,0
00020809,100,2022-09-04,0
00020810,100,2022-03-15,0
00020811,100,2023-09-05,0
00020812,500,2025-07-27,50000
00020813,150,2023-02-23,0
00020814,50,2024-06-25,0
00020815,50,2022-04-28,0
00020816,150,2024-03-20,0
00020817,50,2022-05-26,0
00020818,200,2024-07-20,0
00020819,50,2025-03-05,0
00020820,500,2023-03-05,0
00020821,150,2023-09-09,0
00020822,150,2025-06-22,0
00020823,500,2022-08-07,0
00020824,50,2022-11-01,0
00020825,200,2022-01-08,0
00020826,500,2025-04-03,0
00020827,150,2022-07-31,0
00020828,50,2023-12-02,0
00020829,50,2024-07-09,0
00020830,200,2023-06-05,0
00020831,200,2022-08-13,0
00020832,200,2025-11-17,0
00020833,500,2023-07-07,0
00020834,500,2025-11-14,0
00020835,50,2023-08-29,0
00020836,100,2025-06-14,0
00020837,50,2024-08-17,0
00020838,50,2024-06-21,0
00020839,150,2023-12-12,0
00020840,500,2023-07-22,0
00020841,150,2022-04-21,0
00020842,100,2024-06-27,0
00020843,200,2025-11-05,200
00020844,500,2022-04-22,0
00020845,200,2024-09-20,0
00020846,100,2024-07-07,0
00020847,150,2023-06-06,0
00020848,150,2022-09-09,0
00020849,500,2022-03-20,0
00020850,200,2023-09-01,0
00020851,50,2022-01-16,0
00020852,500,2023-01-29,2500
00020853,150,2023-08-28,0
00020854,200,2022-07-30,100000
00020855,150,2022-12-09,0
00020856,150,2023-07-07,0
00020857,100,2024-07-31,0
00020858,150,2023-03-08,0
00020859,500,2024-07-23,0
00020860,150,2024-12-04,0
00020861,500,2024-11-09,0
00020862,100,2022-12-06,0
00020863,150,2023-03-29,0
00020864,100,2023-01-08,0
00020865,200,2023-06-20,0
00020866,500,2022-01-16,0
00020867,500,2023-06-06,0
00020868,50,2023-03-26,0
00020869,50,2023-11-27,0
00020870,200,2025-11-07,0
00020871,150,2022-10-15,0
00020872,50,2025-10-30,0
00020873,100,2022-04-03,1000
00020874,50,2025-07-22,0
00020875,150,2022-09-30,0
00020876,50,2023-01-20,0
00020877,500,2024-09-07,0
00020878,500,2023-09-10,0
00020879,100,2024-01-06,0
00020880,50,2022-09-14,5000
00020881,100,2025-01-17,0
00020882,200,2024-04-30,0
00020883,100,2024-04-13,0
00020884,500,2024-02-08,0
00020885,150,2025-06-16,100000
00020886,200,2025-01-15,0
00020887,150,2025-11-21,0
00020888,100,2025-12-24,0
00020889,150,2023-08-25,0
00020890,150,2023-05-23,0
00020891,500,2024-03-09,0
00020892,100,2024-10-03,0
00020893,500,2023-10-01,0
00020894,100,2025-01-14,0
00020895,500,2025-08-18,0
00020896,200,2022-08-11,0
00020897,200,2024-03-30,0
00020898,150,2023-01-14,0
00020899,50,2025-05-20,500
00020900,150,2022-08-19,0
00020901,100,2023-08-28,0
00020902,200,2024-07-23,2000
00020903,150,2025-09-27,0
00020904,50,2025-10-13,0
00020905,150,2022-03-06,0
00020906,200,2024-01-31,0
00020907,200,2024-03-23,0
00020908,100,2024-05-18,0
00020909,150,2025-05-07,0
00020910,200,2024-01-01,0
00020911,150,2022-07-27,0
00020912,100,2023-06-18,0
00020913,200,2022-12-03,0
00020914,100,2023-03-29,0
00020915,500,2023-10-29,0
00020916,150,2022-08-11,0
00020917,500,2022-11-11,0
00020918,100,2022-04-18,0
00020919,150,2024-09-24,0
00020920,150,2025-03-08,0
00020921,200,2024-01-16,0
00020922,200,2022-06-21,0
00020923,500,2025-01-27,0
00020924,100,2023-09-04,0
00020925,150,2024-02-22,0
00020926,500,2024-02-27,0
00020927,100,2024-11-08,0
00020928,150,2025-10-08,0
00020929,500,2022-07-26,0
00020930,500,2023-04-04,0
00020931,100,2023-11-25,0
00020932,100,2025-06-09,500
00020933,50,2022-06-14,0
00020934,500,2024-05-13,0
00020935,150,2023-06-24,0
00020936,200,2024-12-09,0
00020937,500,2024-07-11,0
00020938,50,2024-07-25,50
00020939,50,2024-04-07,0
00020940,150,2022-08-23,0
00020941,100,2024-03-17,0
00020942,200,2025-10-02,20000
00020943,50,2022-08-22,0
00020944,500,2025-02-12,0
00020945,150,2022-02-12,0
00020946,150,2022-06-08,0
00020947,500,2025-04-14,0
00020948,500,2024-12-30,0
00020949,50,2022-09-08,0
00020950,150,2022-12-12,0
00020951,150,2022-09-26,0
00020952,200,2023-09-28,2000
00020953,50,2022-12-10,0
00020954,500,2025-10-24,0
00020955,500,2025-03-04,0
00020956,100,2025-08-23,0
00020957,500,2022-08-25,2500
00020958,150,2024-07-16,0
00020959,100,2022-06-28,0
00020960,50,2022-03-17,100000
00020961,100,2023-06-07,0
00020962,50,2022-11-05,0
00020963,150,2023-06-16,0
00020964,500,2025-03-23,0
00020965,200,2023-01-01,0
00020966,100,2022-07-25,0
00020967,50,2024-11-14,100000
00020968,200,2024-06-14,0
00020969,50,2023-07-04,0
00020970,100,2025-03-30,0
00020971,200,2025-05-11,1000
00020972,150,2023-07-25,0
00020973,200,2023-07-09,0
00020974,500,2022-11-22,0
00020975,150,2025-03-10,0
00020976,150,2024-12-27,0
00020977,200,2024-03-26,0
00020978,50,2025-01-06,0
00020979,200,2023-08-02,0
00020980,500,2025-11-22,0
00020981,50,2022-12-26,250
00020982,150,2025-03-12,0
00020983,150,2025-05-18,0
00020984,100,2024-10-20,10000
00020985,100,2024-08-07,0
00020986,150,2022-10-13,0
00020987,100,2024-02-21,500
00020988,500,2024-12-29,0
00020989,150,2024-08-19,0
00020990,200,2022-11-28,0
00020991,500,2023-07-28,0
00020992,150,2023-09-12,0
00020993,50,2022-04-18,0
00020994,150,2024-04-23,0
00020995,200,2025-03-20,0
00020996,500,2023-05-17,0
00020997,500,2025-07-14,0
00020998,50,2022-09-08,0
00020999,200,2024-10-27,0
00021000,200,2024-07-19,0
00021001,200,2024-12-14,0
00021002,100,2022-10-08,0
00021003,200,2023-11-20,0
00021004,500,2023-03-05,50000
00021005,50,2025-06-07,0
00021006,100,2022-09-15,0
00021007,50,2023-05-23,0
00021008,200,2022-08-17,0
00021009,200,2025-08-08,0
00021010,150,2022-09-29,0
00021011,100,2024-03-15,0
00021012,200,2024-12-10,1000
00021013,200,2022-06-12,0
00021014,500,2024-06-06,0
00021015,500,2022-02-13,0
00021016,200,2022-08-27,0
00021017,50,2023-05-30,0
00021018,150,2023-09-12,0
00021019,150,2024-06-08,0
00021020,200,2023-03-06,0
00021021,500,2025-09-28,0
00021022,100,2025-06-21,0
00021023,100,2022-12-27,0
00021024,50,2023-08-05,0
00021025,100,2022-07-18,10000
00021026,500,2025-03-14,0
00021027,100,2022-03-04,0
00021028,500,2024-07-02,0
00021029,100,2024-10-17,0
00021030,50,2022-12-24,0
00021031,150,2024-07-05,0
00021032,500,2023-03-22,0
00021033,200,2025-12-21,0
00021034,500,2022-01-15,100000
00021035,100,2025-04-22,0
00021036,500,2022-09-23,0
00021037,50,2022-05-20,0
00021038,200,2022-01-30,0
00021039,150,2024-08-29,0
00021040,50,2025-09-17,0
00021041,150,2022-04-12,0
00021042,200,2025-12-16,0
00021043,50,2022-06-15,0
00021044,500,2022-11-15,0
00021045,100,2024-04-22,0
00021046,150,2025-06-30,0
00021047,100,2024-06-05,0
00021048,50,2023-05-04,0
00021049,50,2025-11-04,0
00021050,100,2025-02-25,0
00021051,100,2024-06-07,0
00021052,100,2025-12-10,0
00021053,150,2022-05-08,0
00021054,200,2022-06-06,0
00021055,150,2024-05-11,1500
00021056,500,2022-08-09,0
00021057,50,2022-01-24,0
00021058,500,2025-05-18,0
00021059,100,2025-03-30,0
00021060,100,2022-05-11,0
00021061,200,2024-10-30,0
00021062,150,2025-10-17,0
00021063,500,2023-03-07,0
00021064,100,2022-03-27,100
00021065,500,2025-05-12,0
00021066,50,2022-01-15,0
00021067,100,2022-10-30,0
00021068,100,2025-09-01,0
00021069,200,2023-09-07,0
00021070,200,2024-11-28,0
00021071,50,2022-07-05,0
00021072,150,2023-07-02,0
00021073,500,2025-01-02,0
00021074,150,2023-05-28,0
00021075,100,2024-09-21,0
00021076,150,2025-05-09,0
00021077,50,2024-10-12,0
00021078,500,2023-06-23,0
00021079,200,2022-03-30,0
00021080,500,2022-09-25,0
00021081,100,2022-06-17,100
00021082,150,2024-06-18,0
00021083,500,2022-07-11,2500
00021084,500,2024-06-29,0
00021085,100,2023-05-07,0
00021086,50,2022-02-27,0
00021087,100,2023-09-09,0
00021088,50,2023-10-22,0
00021089,200,2023-02-21,0
00021090,200,2022-11-19,0
00021091,500,2023-08-24,0
00021092,50,2025-01-27,0
00021093,200,2024-06-03,0
00021094,500,2025-06-05,0
00021095,200,2024-05-25,0
00021096,200,2025-12-08,0
00021097,200,2022-09-14,0
00021098,50,2023-09-10,0
00021099,500,2024-10-05,0
00021100,500,2025-07-10,500
00021101,150,2022-05-10,150
00021102,500,2022-11-04,0
00021103,500,2025-07-25,0
00021104,50,2024-03-03,0
00021105,50,2024-09-07,0
00021106,100,2023-10-28,0
00021107,150,2022-11-08,0
00021108,500,2024-11-18,500
00021109,150,2025-05-31,0
00021110,50,2024-01-17,0
00021111,500,2022-02-19,0
00021112,50,2024-11-02,0
00021113,500,2023-11-16,0
00021114,50,2024-08-30,0
00021115,50,2023-06-15,0
00021116,50,2023-08-03,0
00021117,50,2024-12-08,0
00021118,500,2025-01-17,0
00021119,150,2022-09-17,0
00021120,100,2022-12-05,0
00021121,500,2023-06-05,0
00021122,100,2023-04-18,0
00021123,150,2025-02-04,0
00021124,100,2025-10-31,0
00021125,50,2023-03-18,0
00021126,200,2022-01-31,1000
00021127,100,2023-10-13,0
00021128,100,2023-11-09,0
00021129,50,2024-06-13,0
00021130,150,2025-10-02,1500
00021131,200,2022-04-20,0
00021132,500,2023-02-18,0
00021133,200,2022-03-15,0
00021134,200,2022-07-24,0
00021135,150,2023-07-27,0
00021136,150,2025-04-12,0
00021137,500,2025-03-18,0
00021138,150,2023-12-10,0
00021139,200,2023-08-10,0
00021140,150,2023-04-22,0
00021141,100,2022-04-26,0
00021142,50,2023-03-21,0
00021143,50,2025-09-26,0
00021144,150,2025-01-26,0
00021145,500,2022-08-31,0
00021146,500,2023-12-18,0
00021147,50,2024-05-30,0
00021148,100,2024-01-09,0
00021149,500,2025-09-20,100000
00021150,500,2023-07-20,0
00021151,500,2025-09-02,0
00021152,150,2023-05-07,0
00021153,100,2023-05-03,0
00021154,100,2025-06-13,0
00021155,500,2024-02-20,0
00021156,150,2023-11-20,0
00021157,500,2023-11-30,0
00021158,50,2022-11-17,0
00021159,50,2025-07-31,0
00021160,150,2023-01-25,0
00021161,150,2024-10-12,0
00021162,500,2025-11-26,0
00021163,500,2024-01-27,2500
00021164,150,2024-03-22,0
00021165,500,2023-01-22,0
00021166,500,2022-07-23,0
00021167,50,2025-07-13,0
00021168,50,2023-06-28,5000
00021169,500,2024-11-03,0
00021170,150,2022-02-07,15000
00021171,50,2025-11-08,0
00021172,50,2022-07-24,0
00021173,500,2023-03-28,0
00021174,200,2023-05-10,0
00021175,500,2025-03-02,0
00021176,100,2022-07-15,0
00021177,100,2025-08-25,0
00021178,500,2024-08-08,0
00021179,150,2023-02-18,0
00021180,150,2022-09-26,0
00021181,500,2024-02-09,0
00021182,100,2025-09-15,0
00021183,50,2025-08-05,0
00021184,50,2022-10-03,0
00021185,100,2024-10-08,0
00021186,150,2025-01-10,750
00021187,150,2022-03-20,0
00021188,100,2022-10-25,0
00021189,150,2022-01-27,0
00021190,500,2025-04-25,0
00021191,200,2025-12-11,0
00021192,150,2022-10-07,0
00021193,150,2022-06-16,0
00021194,50,2025-12-20,0
00021195,200,2023-09-29,0
00021196,150,2025-04-13,0
00021197,500,2025-12-23,0
00021198,50,2024-03-04,0
00021199,150,2023-08-08,0
00021200,500,2023-01-18,0
00021201,500,2024-05-02,0
00021202,100,2025-06-18,0
00021203,100,2022-01-12,0
00021204,50,2024-01-22,0
00021205,200,2022-01-12,0
00021206,150,2023-01-22,0
00021207,100,2022-01-23,0
00021208,150,2025-06-30,0
00021209,50,2024-01-11,0
00021210,500,2024-11-13,0
00021211,200,2024-11-23,0
00021212,150,2023-03-28,0
00021213,200,2023-02-27,0
00021214,150,2025-07-15,0
00021215,100,2025-06-01,100
00021216,50,2025-01-21,0
00021217,50,2023-03-31,0
00021218,50,2022-08-26,0
00021219,50,2024-10-03,0
00021220,500,2024-08-16,0
00021221,200,2022-12-11,20000
00021222,100,2023-06-01,0
00021223,150,2023-04-25,0
00021224,150,2023-03-13,0
00021225,150,2025-07-22,0
00021226,150,2023-12-28,100000
00021227,100,2023-04-15,0
00021228,500,2025-07-24,0
00021229,50,2024-03-18,5000
00021230,50,2025-04-05,0
00021231,500,2025-01-01,0
00021232,50,2024-10-01,0
00021233,100,2024-09-19,0
00021234,200,2023-04-03,0
00021235,150,2022-10-19,0
00021236,200,2024-11-30,0
00021237,100,2025-07-17,0
00021238,500,2024-06-28,0
00021239,100,2022-12-08,0
00021240,100,2022-11-14,0
00021241,200,2022-05-05,0
00021242,150,2023-05-05,0
00021243,100,2024-09-03,0
00021244,150,2022-02-28,0
00021245,150,2023-12-04,0
00021246,500,2023-01-05,0
00021247,500,2022-04-14,0
00021248,100,2022-09-05,100
00021249,500,2023-12-27,0
00021250,500,2022-02-18,0
00021251,50,2023-06-03,0
00021252,500,2024-12-04,0
00021253,200,2023-04-07,0
00021254,150,2025-03-30,100000
00021255,150,2025-09-06,0
00021256,50,2024-12-29,0
00021257,50,2023-02-18,0
00021258,100,2023-08-30,0
00021259,200,2022-11-03,0
00021260,150,2024-04-17,750
00021261,150,2023-06-18,0
00021262,100,2024-08-24,1000
00021263,150,2023-12-12,0
00021264,200,2023-01-27,0
00021265,500,2022-09-03,0
00021266,50,2025-08-17,0
00021267,200,2025-09-22,0
00021268,500,2022-04-26,0
00021269,150,2025-03-02,0
00021270,100,2025-06-21,0
00021271,200,2024-01-09,0
00021272,150,2025-12-10,0
00021273,150,2022-08-06,0
00021274,500,2023-01-05,0
00021275,200,2023-07-24,0
00021276,200,2023-07-18,0
00021277,150,2025-04-05,0
00021278,500,2022-11-04,0
00021279,50,2024-09-26,0
00021280,100,2023-04-10,0
00021281,100,2024-04-30,0
00021282,100,2024-02-05,0
00021283,100,2024-10-11,0
00021284,50,2023-08-22,0
00021285,50,2024-10-19,50
00021286,500,2023-11-05,0
00021287,50,2023-06-11,0
00021288,500,2024-03-14,0
00021289,100,2022-05-16,10000
00021290,150,2025-11-10,0
00021291,200,2023-07-31,0
00021292,150,2025-05-20,0
00021293,200,2024-10-01,0
00021294,100,2022-07-23,0
00021295,500,2023-05-22,0
00021296,100,2024-11-05,0
00021297,150,2022-01-08,0
00021298,500,2023-02-21,0
00021299,500,2025-11-16,0
00021300,200,2023-07-27,0
00021301,500,2023-02-07,0
00021302,500,2025-12-26,0
00021303,150,2024-03-08,0
00021304,50,2023-10-27,0
00021305,200,2022-10-01,0
00021306,200,2022-06-16,0
00021307,500,2025-05-20,0
00021308,100,2024-04-18,0
00021309,50,2022-07-03,0
00021310,50,2025-04-09,5000
00021311,200,2023-03-25,0
00021312,100,2022-09-04,0
00021313,200,2025-08-22,0
00021314,200,2023-12-16,0
00021315,50,2023-09-04,0
00021316,200,2023-01-01,2000
00021317,150,2023-04-07,0
00021318,200,2024-03-04,0
00021319,200,2025-05-10,0
00021320,200,2022-10-09,0
00021321,100,2023-07-14,0
00021322,200,2025-09-10,0
00021323,200,2023-03-29,20000
00021324,500,2024-12-22,0
00021325,100,2023-03-02,0
00021326,500,2025-04-06,0
00021327,200,2024-10-21,0
00021328,100,2025-09-22,0
00021329,200,2023-03-29,0
00021330,50,2022-08-11,0
00021331,200,2025-02-08,0
00021332,50,2024-02-26,0
00021333,500,2024-12-13,0
00021334,100,2023-11-04,0
00021335,50,2022-04-09,0
00021336,500,2024-08-04,0
00021337,150,2024-04-23,0
00021338,50,2022-03-17,0
00021339,200,2025-06-16,0
00021340,200,2025-09-25,0
00021341,500,2022-12-02,0
00021342,200,2025-08-26,20000
00021343,100,2025-12-09,0
00021344,50,2025-01-20,0
00021345,100,2025-03-12,0
00021346,200,2023-04-21,0
00021347,200,2024-09-30,0
00021348,200,2023-04-18,0
00021349,200,2023-04-17,0
00021350,100,2024-08-31,0
00021351,50,2022-02-07,0
00021352,200,2024-01-10,0
00021353,150,2022-01-19,0
00021354,150,2022-08-22,0
00021355,500,2023-04-19,0
00021356,500,2022-04-15,50000
00021357,150,2022-11-02,0
00021358,100,2022-01-10,0
00021359,200,2025-05-08,20000
00021360,200,2025-08-06,0
00021361,500,2025-01-04,0
00021362,50,2024-11-23,0
00021363,200,2025-12-17,20000
00021364,150,2022-03-24,0
00021365,500,2025-08-05,100000
00021366,50,2022-10-24,0
00021367,100,2025-10-23,0
00021368,200,2024-06-06,20000
00021369,150,2022-07-09,0
00021370,150,2025-02-24,0
00021371,200,2023-01-11,0
00021372,150,2024-10-16,0
00021373,150,2023-03-24,0
00021374,500,2023-02-16,0
00021375,500,2022-12-26,0
00021376,500,2023-06-27,100000
00021377,50,2023-01-19,0
00021378,500,2022-06-09,0
00021379,150,2025-03-25,0
00021380,200,2024-06-29,0
00021381,150,2022-12-10,0
00021382,150,2025-03-09,0
00021383,150,2022-04-24,0
00021384,200,2022-02-22,0
00021385,150,2023-09-07,0
00021386,50,2025-06-24,0
00021387,150,2024-03-06,0
00021388,100,2025-04-17,0
00021389,200,2025-05-01,0
00021390,200,2022-08-15,0
00021391,50,2025-12-07,0
00021392,500,2022-03-31,0
00021393,50,2022-04-05,50
00021394,200,2025-03-11,0
00021395,200,2024-02-24,0
00021396,50,2022-04-18,0
00021397,50,2022-02-20,0
00021398,100,2025-11-11,0
00021399,150,2022-09-25,0
00021400,100,2022-10-07,0
00021401,150,2023-01-06,0
00021402,500,2023-09-29,0
00021403,150,2023-11-20,0
00021404,200,2023-01-16,0
00021405,50,2022-10-30,0
00021406,50,2022-12-13,0
00021407,50,2025-03-27,0
00021408,50,2023-01-23,0
00021409,200,2023-11-14,0
00021410,100,2023-11-06,0
00021411,50,2024-06-29,0
00021412,150,2024-05-01,0
00021413,500,2023-03-28,0
00021414,500,2023-10-25,100000
00021415,100,2024-04-14,0
00021416,500,2024-09-14,0
00021417,200,2022-11-09,1000
00021418,50,2023-08-11,0
00021419,50,2024-04-10,0
00021420,100,2022-12-30,0
00021421,150,2024-12-18,0
00021422,150,2024-07-16,100000
00021423,50,2024-04-28,0
00021424,500,2022-08-21,0
00021425,100,2023-04-02,0
00021426,200,2022-05-27,2000
00021427,500,2022-05-01,0
00021428,50,2023-04-03,0
00021429,150,2024-05-18,0
00021430,500,2022-04-21,0
00021431,200,2025-12-25,0
00021432,500,2024-08-14,0
00021433,500,2022-02-22,0
00021434,50,2022-10-19,0
00021435,200,2024-09-18,0
00021436,50,2023-11-20,0
00021437,500,2024-10-20,0
00021438,500,2025-11-23,0
00021439,150,2023-03-11,0
00021440,150,2023-01-05,0
00021441,500,2024-07-13,0
00021442,50,2023-04-16,0
00021443,200,2024-10-07,0
00021444,500,2022-01-07,0
00021445,150,2022-07-05,0
00021446,100,2022-12-04,0
00021447,200,2025-11-05,0
00021448,500,2023-10-02,0
00021449,50,2022-01-17,0
00021450,100,2023-02-25,0
00021451,50,2022-03-10,0
00021452,500,2024-03-03,0
00021453,200,2022-12-23,0
00021454,100,2023-04-03,0
00021455,200,2024-12-08,1000
00021456,150,2022-12-09,0
00021457,50,2023-08-07,0
00021458,150,2024-03-23,0
00021459,200,2023-03-26,0
00021460,150,2022-06-23,0
00021461,150,2022-08-12,0
00021462,200,2022-05-24,0
00021463,100,2022-06-26,0
00021464,100,2022-11-03,0
00021465,500,2024-07-27,0
00021466,100,2023-06-02,0
00021467,200,2022-08-22,0
00021468,50,2023-04-13,0
00021469,100,2025-12-20,1000
00021470,200,2024-12-02,0
00021471,50,2024-07-08,0
00021472,100,2023-07-10,100000
00021473,200,2023-11-07,0
00021474,100,2023-01-08,0
00021475,50,2025-09-30,0
00021476,150,2022-04-23,0
00021477,500,2025-08-05,0
00021478,100,2022-09-27,0
00021479,100,2022-04-02,0
00021480,100,2022-06-04,0
00021481,100,2024-08-09,1000
00021482,50,2023-03-20,0
00021483,500,2024-04-18,0
00021484,200,2022-12-03,0
00021485,100,2022-03-13,0
00021486,500,2024-07-25,0
00021487,150,2023-11-18,0
00021488,500,2024-01-27,0
00021489,500,2024-06-23,0
00021490,100,2025-01-04,0
00021491,150,2025-01-16,0
00021492,500,2023-05-11,0
00021493,50,2025-08-14,0
00021494,200,2024-11-16,0
00021495,150,2024-12-31,0
00021496,200,2024-01-11,0
00021497,50,2022-09-30,0
00021498,50,2024-04-16,0
00021499,150,2023-10-14,0
00021500,100,2022-09-13,0
00021501,500,2023-11-10,0
00021502,200,2022-08-14,0
00021503,200,2024-08-24,0
00021504,150,2025-06-10,0
00021505,50,2023-03-09,0
00021506,50,2022-09-25,0
00021507,500,2025-11-03,0
00021508,50,2022-01-18,0
00021509,100,2025-02-02,0
00021510,150,2025-07-07,0
00021511,200,2025-06-23,0
00021512,150,2023-08-17,0
00021513,50,2024-10-23,0
00021514,150,2025-01-12,0
00021515,150,2025-05-15,0
00021516,50,2024-03-03,0
00021517,150,2023-05-08,0
00021518,500,2024-08-30,0
00021519,500,2025-05-26,0
00021520,150,2025-06-26,0
00021521,500,2023-09-16,0
00021522,50,2024-03-21,5000
00021523,500,2022-03-13,0
00021524,150,2025-05-05,0
00021525,150,2025-10-23,0
00021526,50,2025-03-04,0
00021527,500,2022-02-07,0
00021528,50,2024-10-14,0
00021529,100,2022-04-15,0
00021530,500,2022-07-05,0
00021531,50,2022-11-30,0
00021532,100,2023-02-28,0
00021533,200,2024-08-10,0
00021534,150,2022-10-16,0
00021535,500,2022-10-07,0
00021536,500,2023-09-22,0
00021537,100,2025-11-26,0
00021538,50,2023-04-05,0
00021539,100,2023-05-25,0
00021540,150,2024-12-01,0
00021541,500,2023-06-17,0
00021542,50,2023-09-15,0
00021543,200,2022-12-20,0
00021544,100,2022-10-08,100
00021545,50,2023-10-30,0
00021546,150,2023-09-27,0
00021547,500,2023-12-19,5000
00021548,200,2025-11-30,200
00021549,200,2024-12-29,200
00021550,200,2022-07-29,0
00021551,200,2024-09-19,0
00021552,200,2023-04-20,100000
00021553,150,2022-07-15,0
00021554,200,2022-01-22,0
00021555,200,2022-12-19,200
00021556,100,2025-07-24,0
00021557,150,2022-01-19,0
00021558,50,2022-07-30,0
00021559,200,2025-02-12,0
00021560,200,2025-12-20,0
00021561,100,2025-09-05,0
00021562,100,2024-03-30,1000
00021563,150,2022-03-08,100000
00021564,50,2023-05-30,0
00021565,100,2024-12-19,0
00021566,500,2024-05-20,0
00021567,200,2023-12-09,0
00021568,200,2025-06-03,0
00021569,500,2025-10-05,0
00021570,100,2023-02-27,0
00021571,100,2022-03-13,0
00021572,500,2022-07-13,0
00021573,150,2023-01-26,100000
00021574,500,2025-09-13,0
00021575,500,2024-08-24,0
00021576,50,2022-05-18,0
00021577,200,2022-08-20,0
00021578,200,2022-04-27,0
00021579,100,2024-09-02,0
00021580,100,2025-06-26,0
00021581,200,2024-08-03,0
00021582,100,2022-07-02,0
00021583,200,2023-07-28,0
00021584,50,2024-11-06,0
00021585,100,2023-05-02,0
00021586,150,2025-07-19,0
00021587,200,2025-03-15,0
00021588,150,2025-10-07,0
00021589,200,2023-03-13,0
00021590,100,2024-10-04,0
00021591,500,2025-12-31,0
00021592,500,2022-12-06,0
00021593,100,2023-04-18,0
00021594,50,2024-03-16,5000
00021595,500,2025-08-15,0
00021596,50,2024-01-03,0
00021597,100,2024-07-06,0
00021598,150,2022-02-25,0
00021599,200,2025-06-18,0
00021600,500,2022-12-10,0
00021601,200,2025-04-08,2000
00021602,100,2025-07-11,0
00021603,50,2022-11-16,0
00021604,500,2022-04-07,0
00021605,200,2022-12-13,20000
00021606,150,2024-08-31,0
00021607,150,2023-09-01,750
00021608,150,2022-08-11,0
00021609,200,2023-10-08,0
00021610,200,2022-05-25,0
00021611,50,2023-06-10,0
00021612,100,2022-02-24,0
00021613,50,2024-06-17,0
00021614,200,2024-03-16,0
00021615,50,2024-01-02,0
00021616,100,2022-05-27,0
00021617,500,2025-12-11,0
00021618,500,2023-03-06,0
00021619,200,2024-02-10,0
00021620,500,2023-04-05,0
00021621,200,2023-01-15,0
00021622,100,2023-06-11,0
00021623,500,2023-10-01,0
00021624,50,2022-12-27,0
00021625,200,2025-08-04,0
00021626,50,2022-10-01,0
00021627,500,2022-10-24,0
00021628,50,2022-11-23,0
00021629,500,2025-06-08,0
00021630,500,2024-08-03,0
00021631,500,2025-05-14,0
00021632,500,2022-05-31,0
00021633,50,2024-04-13,0
00021634,50,2022-12-30,0
00021635,150,2024-04-02,0
00021636,50,2023-08-26,0
00021637,500,2024-05-21,0
00021638,100,2022-10-21,0
00021639,500,2024-03-15,0
00021640,150,2024-12-02,15000
00021641,100,2023-07-20,0
00021642,200,2023-12-13,0
00021643,500,2023-02-02,0
00021644,500,2024-05-08,0
00021645,50,2023-01-09,500
00021646,50,2023-12-28,0
00021647,500,2022-02-23,0
00021648,500,2024-05-12,0
00021649,150,2024-08-09,0
00021650,50,2022-08-21,0
00021651,500,2024-02-08,0
00021652,50,2022-11-06,0
00021653,100,2024-02-18,0
00021654,50,2024-03-30,0
00021655,100,2025-10-11,0
00021656,100,2024-08-25,0
00021657,150,2024-03-03,0
00021658,100,2023-11-03,0
00021659,100,2024-01-19,0
00021660,50,2022-11-30,0
00021661,50,2023-09-30,0
00021662,500,2024-05-01,0
00021663,500,2023-12-27,0
00021664,150,2022-10-10,0
00021665,50,2023-11-27,0
00021666,50,2023-07-23,0
00021667,50,2022-02-14,0
00021668,200,2024-04-14,100000
00021669,500,2022-04-01,0
00021670,500,2022-11-17,0
00021671,100,2025-04-01,0
00021672,500,2022-06-24,0
00021673,500,2025-07-06,0
00021674,100,2022-11-14,0
00021675,200,2022-04-25,0
00021676,50,2024-04-23,0
00021677,200,2024-04-04,0
00021678,50,2022-11-26,0
00021679,500,2025-09-28,0
00021680,100,2024-12-10,0
00021681,50,2023-06-11,0
00021682,500,2024-03-17,0
00021683,200,2025-09-07,0
00021684,50,2024-09-14,0
00021685,150,2023-06-13,0
00021686,500,2025-12-01,0
00021687,200,2022-06-27,0
00021688,50,2023-10-10,0
00021689,100,2023-04-01,0
00021690,200,2025-08-02,0
00021691,150,2023-08-07,0
00021692,150,2024-08-13,0
00021693,100,2022-04-18,0
00021694,100,2024-05-31,0
00021695,200,2025-01-25,0
00021696,150,2023-11-30,0
00021697,200,2022-05-13,0
00021698,150,2023-12-19,0
00021699,50,2024-04-17,0
00021700,500,2024-02-24,0
00021701,50,2024-01-28,0
00021702,200,2024-05-26,0
00021703,50,2024-08-22,0
00021704,100,2025-10-16,0
00021705,200,2022-07-16,0
00021706,150,2025-07-10,0
00021707,50,2024-07-15,0
00021708,500,2022-02-28,0
00021709,500,2024-10-16,0
00021710,100,2024-10-13,0
00021711,50,2025-04-18,0
00021712,200,2025-07-03,0
00021713,500,2023-09-17,0
00021714,150,2022-11-09,0
00021715,150,2024-02-01,0
00021716,150,2025-02-12,0
00021717,500,2025-01-01,0
00021718,500,2024-05-17,0
00021719,150,2023-04-09,0
00021720,50,2025-09-29,0
00021721,500,2023-07-15,0
00021722,150,2024-02-05,0
00021723,500,2023-12-26,0
00021724,200,2023-02-08,0
00021725,50,2023-12-03,0
00021726,200,2025-03-29,0
00021727,200,2025-08-10,0
00021728,50,2023-12-06,0
00021729,50,2023-01-21,0
00021730,100,2025-07-08,0
00021731,100,2024-09-12,0
00021732,200,2023-03-18,0
00021733,50,2024-03-18,0
00021734,500,2023-08-05,0
00021735,200,2023-02-27,0
00021736,500,2024-07-12,0
00021737,200,2025-10-24,0
00021738,150,2025-04-09,0
00021739,150,2024-10-20,0
00021740,50,2025-10-12,0
00021741,150,2023-04-10,0
00021742,500,2024-06-04,0
00021743,500,2025-08-01,0
00021744,150,2022-08-21,15000
00021745,150,2024-05-08,0
00021746,150,2023-07-27,150
00021747,100,2022-08-30,100
00021748,200,2023-01-09,0
00021749,200,2025-06-25,0
00021750,200,2022-11-29,0
00021751,200,2024-10-29,0
00021752,100,2023-03-16,0
00021753,100,2024-02-16,0
00021754,200,2023-02-13,20000
00021755,500,2022-12-24,0
00021756,200,2025-04-06,0
00021757,50,2022-09-16,0
00021758,50,2024-05-31,0
00021759,500,2024-07-08,0
00021760,200,2022-09-04,0
00021761,200,2025-04-12,2000
00021762,200,2022-01-31,100000
00021763,500,2023-03-09,0
00021764,500,2023-06-08,0
00021765,150,2022-06-10,0
00021766,200,2023-07-19,0
00021767,200,2025-11-05,0
00021768,50,2022-01-03,0
00021769,200,2023-12-13,0
00021770,500,2023-11-11,0
00021771,50,2022-03-06,0
00021772,150,2024-08-19,0
00021773,500,2024-03-30,0
00021774,150,2025-06-20,0
00021775,100,2022-09-16,0
00021776,50,2022-02-07,0
00021777,150,2025-10-22,0
00021778,200,2025-08-17,0
00021779,50,2023-09-01,0
00021780,50,2022-06-19,0
00021781,50,2023-03-08,0
00021782,100,2022-01-03,0
00021783,500,2024-08-14,0
00021784,100,2022-05-19,0
00021785,50,2023-07-29,0
00021786,200,2024-05-05,0
00021787,200,2025-08-07,0
00021788,500,2022-09-05,0
00021789,500,2024-03-05,0
00021790,50,2024-06-07,0
00021791,100,2023-04-27,10000
00021792,150,2024-11-05,0
00021793,200,2024-01-18,0
00021794,500,2022-01-05,0
00021795,50,2024-04-12,0
00021796,150,2025-01-22,0
00021797,50,2023-04-06,0
00021798,200,2025-12-09,0
00021799,100,2022-03-20,0
00021800,50,2025-11-03,50
00021801,100,2022-02-12,0
00021802,150,2022-02-20,0
00021803,200,2023-04-29,0
00021804,150,2024-09-20,0
00021805,150,2024-12-20,0
00021806,150,2024-03-23,100000
00021807,100,2023-06-17,0
00021808,150,2022-02-01,0
00021809,200,2025-03-06,0
00021810,150,2023-03-02,0
00021811,150,2022-08-20,0
00021812,200,2024-01-26,0
00021813,200,2022-07-02,0
00021814,500,2024-03-26,0
00021815,100,2022-12-15,0
00021816,100,2025-04-10,0
00021817,500,2024-02-04,100000
00021818,200,2024-02-27,1000
00021819,100,2022-07-29,0
00021820,500,2025-12-17,100000
00021821,200,2022-11-04,0
00021822,200,2025-10-21,2000
00021823,50,2022-08-23,0
00021824,500,2025-01-01,0
00021825,50,2025-05-19,500
00021826,500,2022-06-29,0
00021827,200,2023-01-18,0
00021828,50,2025-05-15,0
00021829,50,2023-07-10,0
00021830,50,2022-06-29,0
00021831,150,2025-04-14,1500
00021832,100,2024-09-06,0
00021833,50,2025-01-31,0
00021834,200,2023-12-21,0
00021835,200,2023-01-16,0
00021836,50,2022-11-17,0
00021837,150,2022-02-18,0
00021838,500,2023-10-02,0
00021839,50,2025-10-17,0
00021840,500,2025-05-22,0
00021841,100,2022-11-23,0
00021842,500,2022-12-31,0
00021843,150,2023-06-06,0
00021844,150,2022-02-26,0
00021845,200,2024-06-03,0
00021846,50,2023-12-09,0
00021847,100,2025-11-21,0
00021848,50,2025-04-25,0
00021849,200,2025-12-06,0
00021850,500,2024-03-02,2500
00021851,500,2022-12-11,0
00021852,150,2025-11-11,0
00021853,150,2023-03-26,0
00021854,50,2022-08-23,0
00021855,100,2023-07-27,0
00021856,50,2023-12-06,250
00021857,50,2024-12-15,0
00021858,500,2024-04-27,0
00021859,200,2024-11-17,20000
00021860,50,2023-02-14,0
00021861,500,2023-09-21,0
00021862,100,2022-11-03,0
00021863,100,2022-05-02,0
00021864,150,2024-08-08,750
00021865,200,2024-01-16,0
00021866,150,2025-04-03,0
00021867,200,2022-02-22,0
00021868,100,2024-09-08,0
00021869,500,2022-11-18,0
00021870,150,2025-12-21,0
00021871,500,2025-06-14,0
00021872,50,2022-05-23,0
00021873,100,2022-06-25,0
00021874,100,2024-09-10,10000
00021875,50,2024-02-24,0
00021876,200,2025-11-14,0
00021877,200,2022-04-20,0
00021878,150,2022-06-12,750
00021879,200,2022-11-28,100000
00021880,100,2022-01-28,0
00021881,100,2022-02-08,0
00021882,500,2022-06-27,0
00021883,100,2025-07-29,0
00021884,500,2023-05-02,0
00021885,150,2022-05-17,0
00021886,100,2022-07-05,0
00021887,500,2025-05-01,0
00021888,50,2024-09-13,0
00021889,50,2023-04-17,0
00021890,100,2025-03-08,0
00021891,200,2023-01-03,0
00021892,200,2022-05-30,0
00021893,50,2023-09-12,0
00021894,100,2024-11-05,0
00021895,200,2024-10-29,0
00021896,500,2022-01-15,50000
00021897,200,2025-06-16,0
00021898,100,2024-08-01,0
00021899,50,2025-05-26,0
00021900,500,2024-01-25,0
00021901,100,2025-04-17,0
00021902,50,2023-01-21,0
00021903,150,2023-09-24,0
00021904,100,2022-09-08,0
00021905,200,2025-07-08,0
00021906,150,2025-01-05,0
00021907,150,2025-12-01,0
00021908,500,2024-01-05,0
00021909,100,2025-10-06,0
00021910,150,2023-06-08,1500
00021911,500,2025-08-29,0
00021912,150,2023-11-10,0
00021913,50,2024-12-12,0
00021914,100,2025-07-21,0
00021915,200,2022-07-16,0
00021916,500,2025-09-22,0
00021917,500,2023-10-28,0
00021918,150,2025-05-17,0
00021919,500,2024-06-06,0
00021920,200,2025-11-30,20000
00021921,100,2023-11-25,0
00021922,200,2024-10-17,0
00021923,500,2025-01-25,0
00021924,200,2024-06-09,0
00021925,150,2023-01-24,0
00021926,200,2024-12-09,200
00021927,50,2025-09-21,0
00021928,200,2022-11-06,0
00021929,500,2024-12-01,0
00021930,200,2023-06-08,0
00021931,150,2024-05-13,0
00021932,100,2022-07-04,0
00021933,50,2025-11-26,0
00021934,50,2024-03-06,0
00021935,50,2025-12-31,0
00021936,200,2022-04-07,0
00021937,150,2023-11-30,0
00021938,200,2023-08-15,0
00021939,100,2023-05-04,0
00021940,200,2025-11-23,0
00021941,50,2025-06-17,5000
00021942,150,2024-11-26,0
00021943,150,2022-12-02,0
00021944,100,2023-07-05,0
00021945,200,2022-09-02,0
00021946,50,2024-02-23,0
00021947,150,2024-09-25,0
00021948,500,2022-02-20,0
00021949,200,2023-12-24,0
00021950,500,2025-09-01,0
00021951,100,2022-11-28,0
00021952,100,2023-11-06,0
00021953,150,2022-08-21,0
00021954,100,2022-05-22,0
00021955,200,2025-05-08,0
00021956,150,2023-02-07,0
00021957,100,2023-07-19,0
00021958,100,2023-12-20,0
00021959,200,2025-06-17,0
00021960,500,2023-02-04,0
00021961,200,2024-08-27,0
00021962,100,2022-04-20,0
00021963,500,2024-10-16,0
00021964,500,2024-11-16,0
00021965,150,2022-10-18,0
00021966,50,2024-02-09,0
00021967,200,2023-10-10,0
00021968,150,2024-01-07,0
00021969,500,2022-11-29,0
00021970,50,2023-02-21,0
00021971,200,2024-06-04,0
00021972,200,2023-09-06,0
00021973,150,2023-09-20,15000
00021974,500,2025-05-01,0
00021975,150,2022-11-03,0
00021976,100,2024-11-21,0
00021977,500,2023-04-21,100000
00021978,50,2022-05-31,100000
00021979,200,2022-12-25,0
00021980,100,2025-03-08,0
00021981,100,2022-02-04,0
00021982,50,2025-11-23,500
00021983,200,2025-07-08,0
00021984,200,2022-12-03,0
00021985,500,2024-05-28,0
00021986,200,2022-04-08,20000
00021987,50,2025-04-06,0
00021988,100,2024-06-02,0
00021989,50,2025-11-14,0
00021990,150,2025-01-12,1500
00021991,50,2024-11-14,0
00021992,50,2023-08-30,0
00021993,200,2023-05-10,0
00021994,100,2022-09-05,0
00021995,500,2023-09-11,0
00021996,150,2022-05-11,0
00021997,100,2022-12-04,0
00021998,150,2023-12-28,0
00021999,100,2023-04-17,0
00022000,50,2023-01-12,0
00022001,100,2022-07-09,0
00022002,500,2025-09-08,0
00022003,50,2022-08-30,0
00022004,100,2024-12-30,0
00022005,100,2022-02-26,0
00022006,150,2022-06-01,15000
00022007,50,2025-06-04,100000
00022008,50,2023-06-28,0
00022009,500,2024-05-09,0
00022010,150,2024-02-12,0
00022011,100,2022-03-14,0
00022012,200,2025-03-27,0
00022013,200,2024-04-07,0
00022014,500,2023-11-21,0
00022015,100,2023-06-19,0
00022016,200,2023-07-15,0
00022017,100,2025-06-04,0
00022018,200,2023-02-26,0
00022019,200,2023-03-02,0
00022020,50,2022-03-27,0
00022021,50,2023-07-12,0
00022022,200,2025-09-29,0
00022023,100,2023-04-28,0
00022024,100,2024-01-20,0
00022025,50,2022-09-05,0
00022026,500,2025-07-12,0
00022027,500,2023-08-14,500
00022028,50,2022-07-03,0
00022029,150,2022-10-02,100000
00022030,50,2025-01-01,0
00022031,150,2022-07-20,0
00022032,150,2024-05-02,0
00022033,100,2024-07-11,100
00022034,150,2025-11-14,0
00022035,200,2023-02-04,0
00022036,200,2025-12-12,0
00022037,150,2023-04-29,0
00022038,100,2023-10-20,0
00022039,150,2024-05-26,0
00022040,100,2022-11-09,0
00022041,150,2024-07-27,0
00022042,200,2024-03-03,100000
00022043,200,2023-09-21,0
00022044,500,2022-01-03,0
00022045,50,2025-08-16,0
00022046,50,2025-05-27,0
00022047,500,2022-07-21,0
00022048,150,2022-07-17,0
00022049,150,2025-06-28,0
00022050,150,2022-04-27,100000
00022051,500,2024-04-02,0
00022052,50,2025-02-04,0
00022053,500,2024-01-26,0
00022054,150,2025-05-08,0
00022055,200,2025-12-06,0
00022056,200,2024-08-04,0
00022057,200,2022-05-17,0
00022058,150,2022-02-05,150
00022059,150,2022-10-01,0
00022060,50,2023-08-25,50
00022061,150,2022-02-22,0
00022062,100,2025-04-30,0
00022063,150,2022-12-16,750
00022064,50,2024-07-29,0
00022065,100,2022-03-28,0
00022066,100,2023-06-08,0
00022067,50,2024-11-26,0
00022068,150,2022-06-23,0
00022069,500,2025-09-01,0
00022070,200,2024-11-14,0
00022071,150,2022-08-15,0
00022072,100,2024-07-02,0
00022073,50,2025-12-10,0
00022074,150,2024-10-06,750
00022075,200,2022-05-21,0
00022076,200,2023-06-05,0
00022077,500,2025-04-28,0
00022078,150,2022-11-30,0
00022079,150,2023-05-21,0
00022080,150,2025-07-25,0
00022081,500,2023-11-29,0
00022082,150,2022-08-04,0
00022083,100,2024-05-12,0
00022084,150,2023-05-07,0
00022085,100,2023-08-11,0
00022086,500,2024-11-15,0
00022087,200,2022-03-08,0
00022088,150,2025-08-24,0
00022089,150,2023-09-07,0
00022090,150,2025-11-14,15000
00022091,500,2023-01-29,0
00022092,200,2023-11-11,0
00022093,500,2025-10-30,5000
00022094,150,2022-02-04,0
00022095,50,2024-05-26,0
00022096,150,2024-12-02,0
00022097,150,2023-12-13,1500
00022098,100,2025-05-20,0
00022099,100,2024-09-15,1000
00022100,200,2024-04-21,0
00022101,50,2025-05-30,0
00022102,200,2025-01-28,0
00022103,150,2022-04-22,0
00022104,500,2023-05-01,0
00022105,50,2023-01-09,0
00022106,150,2023-06-21,0
00022107,50,2022-09-12,0
00022108,100,2025-04-22,0
00022109,100,2025-07-13,0
00022110,500,2023-05-17,0
00022111,100,2023-09-05,100
00022112,50,2022-03-01,0
00022113,150,2025-03-14,0
00022114,150,2024-03-07,1500
00022115,100,2023-09-20,0
00022116,100,2022-02-12,0
00022117,200,2024-06-14,0
00022118,100,2023-09-27,0
00022119,200,2024-02-09,0
00022120,150,2023-10-24,0
00022121,100,2025-03-23,1000
00022122,150,2025-07-29,0
00022123,200,2023-01-17,0
00022124,100,2022-06-15,0
00022125,100,2022-06-01,0
00022126,50,2022-04-06,0
00022127,50,2025-10-28,0
00022128,50,2023-03-21,0
00022129,200,2023-01-27,0
00022130,500,2022-02-23,0
00022131,200,2024-10-19,0
00022132,500,2025-05-16,0
00022133,500,2022-07-12,0
00022134,200,2025-02-04,0
00022135,200,2022-01-23,0
00022136,200,2024-02-29,0
00022137,500,2025-09-15,0
00022138,100,2023-02-06,0
00022139,200,2023-10-19,100000
00022140,100,2023-04-07,0
00022141,50,2025-09-21,0
00022142,100,2023-08-24,0
00022143,50,2022-08-10,0
00022144,150,2022-04-22,0
00022145,100,2025-05-05,0
00022146,200,2025-06-27,0
00022147,500,2023-06-28,0
00022148,100,2024-11-21,0
00022149,100,2025-04-28,0
00022150,100,2024-09-24,0
00022151,150,2024-11-25,1500
00022152,100,2025-09-26,0
00022153,500,2023-07-31,0
00022154,100,2022-02-06,500
00022155,100,2022-03-14,0
00022156,50,2025-05-30,0
00022157,500,2024-03-27,500
00022158,200,2023-04-15,0
00022159,150,2025-11-13,0
00022160,150,2022-04-12,0
00022161,500,2022-07-08,0
00022162,200,2025-10-17,0
00022163,50,2023-09-09,0
00022164,200,2022-10-11,0
00022165,100,2024-04-23,0
00022166,50,2023-06-11,0
00022167,50,2022-06-27,50
00022168,50,2025-07-17,0
00022169,200,2023-07-19,0
00022170,100,2023-10-21,0
00022171,200,2023-06-14,0
00022172,500,2025-04-28,0
00022173,200,2023-06-29,0
00022174,100,2024-10-03,0
00022175,100,2022-07-04,0
00022176,500,2022-05-24,2500
00022177,200,2022-12-25,0
00022178,200,2023-12-06,0
00022179,100,2024-10-14,0
00022180,150,2023-01-28,0
00022181,500,2025-02-07,0
00022182,500,2022-05-04,500
00022183,50,2022-12-12,0
00022184,50,2022-05-28,0
00022185,200,2024-08-04,0
00022186,50,2024-03-07,0
00022187,100,2024-02-04,0
00022188,150,2024-08-22,0
00022189,150,2023-09-03,0
00022190,100,2024-10-27,0
00022191,150,2022-12-24,750
00022192,200,2023-06-04,0
00022193,100,2022-06-09,0
00022194,500,2023-06-09,5000
00022195,200,2025-02-14,0
00022196,50,2023-02-19,0
00022197,50,2024-06-13,5000
00022198,500,2023-08-27,0
00022199,500,2025-07-11,0
00022200,500,2025-05-12,0
00022201,100,2024-02-26,0
00022202,500,2025-11-09,0
00022203,200,2025-05-02,0
00022204,150,2023-12-19,0
00022205,150,2022-01-07,0
00022206,100,2023-03-09,0
00022207,50,2025-05-20,0
00022208,200,2022-04-06,0
00022209,500,2022-11-27,0
00022210,100,2025-04-28,0
00022211,100,2024-10-13,100000
00022212,200,2025-07-08,0
00022213,150,2023-09-19,0
00022214,200,2023-03-06,0
00022215,150,2024-02-24,0
00022216,150,2025-03-11,0
00022217,150,2025-03-08,0
00022218,50,2022-06-20,500
00022219,100,2022-12-05,0
00022220,500,2022-07-11,0
00022221,500,2023-12-29,0
00022222,500,2022-05-28,0
00022223,200,2025-02-22,0
00022224,200,2022-03-09,0
00022225,500,2022-12-21,0
00022226,100,2024-01-31,0
00022227,100,2025-09-06,0
00022228,100,2022-12-20,0
00022229,150,2025-03-24,0
00022230,150,2024-01-11,0
00022231,100,2022-06-13,0
00022232,500,2025-09-11,0
00022233,50,2025-08-31,0
00022234,100,2023-07-24,0
00022235,200,2023-01-21,200
00022236,150,2022-06-11,0
00022237,100,2024-06-17,0
00022238,150,2025-12-22,0
00022239,150,2024-02-06,0
00022240,50,2024-06-23,0
00022241,100,2025-08-06,0
00022242,50,2024-04-12,0
00022243,150,2024-11-05,0
00022244,150,2024-07-07,0
00022245,150,2025-02-27,15000
00022246,150,2023-11-19,0
00022247,50,2024-06-17,0
00022248,500,2024-03-03,0
00022249,50,2023-03-20,0
00022250,50,2024-09-10,0
00022251,150,2024-09-17,0
00022252,100,2022-12-22,0
00022253,100,2025-05-28,0
00022254,150,2023-11-09,0
00022255,50,2025-03-01,0
00022256,150,2022-06-16,0
00022257,150,2022-07-21,0
00022258,50,2023-11-14,0
00022259,50,2022-02-27,0
00022260,100,2024-11-26,0
00022261,50,2025-09-23,0
00022262,150,2022-11-23,15000
00022263,500,2024-03-25,0
00022264,500,2025-04-25,100000
00022265,200,2025-04-25,0
00022266,500,2024-05-22,0
00022267,500,2025-11-25,500
00022268,50,2025-02-12,0
00022269,50,2025-09-20,0
00022270,200,2024-11-29,0
00022271,150,2024-07-05,0
00022272,500,2025-10-27,0
00022273,200,2022-05-18,0
00022274,150,2024-06-06,0
00022275,500,2024-12-13,0
00022276,200,2024-10-05,0
00022277,500,2024-12-31,0
00022278,200,2025-02-01,0
00022279,100,2025-02-14,0
00022280,150,2022-10-26,0
00022281,150,2024-08-16,0
00022282,50,2022-05-16,0
00022283,150,2023-08-14,0
00022284,50,2025-09-26,0
00022285,50,2024-03-28,0
00022286,500,2025-02-15,0
00022287,50,2025-01-17,0
00022288,50,2022-06-14,0
00022289,200,2024-12-31,0
00022290,150,2024-11-13,0
00022291,500,2023-10-19,0
00022292,150,2025-06-13,0
00022293,200,2024-07-16,0
00022294,50,2025-11-26,0
00022295,500,2023-10-11,0
00022296,100,2023-01-29,500
00022297,150,2023-01-13,0
00022298,500,2023-02-07,0
00022299,200,2025-04-18,0
00022300,200,2022-07-14,0
00022301,500,2023-12-25,0
00022302,50,2022-08-06,0
00022303,150,2023-12-13,750
00022304,100,2023-07-09,0
00022305,50,2022-12-23,0
00022306,200,2025-01-02,0
00022307,100,2022-04-01,0
00022308,50,2023-08-29,0
00022309,200,2022-04-16,0
00022310,500,2024-03-22,0
00022311,100,2024-05-15,0
00022312,500,2022-11-25,0
00022313,500,2025-12-27,0
00022314,200,2024-05-22,0
00022315,50,2025-03-03,0
00022316,150,2023-02-13,0
00022317,200,2022-09-23,0
00022318,100,2022-03-24,0
00022319,200,2024-01-25,0
00022320,500,2025-08-19,100000
00022321,200,2023-03-15,0
00022322,100,2024-07-24,0
00022323,100,2024-08-25,0
00022324,150,2025-11-12,0
00022325,500,2025-12-11,0
00022326,50,2024-03-31,0
00022327,100,2025-02-28,0
00022328,50,2024-06-24,0
00022329,50,2023-07-24,0
00022330,200,2024-09-26,0
00022331,150,2022-10-05,0
00022332,500,2022-06-22,0
00022333,50,2024-05-28,0
00022334,100,2024-07-14,0
00022335,500,2022-03-01,50000
00022336,100,2022-01-04,0
00022337,500,2025-01-06,0
00022338,100,2023-03-14,0
00022339,500,2024-09-26,100000
00022340,200,2024-09-02,200
00022341,150,2025-09-29,0
00022342,150,2025-11-06,0
00022343,150,2023-08-04,0
00022344,50,2022-09-16,0
00022345,100,2022-10-20,500
00022346,200,2024-08-24,0
00022347,150,2022-03-14,750
00022348,150,2025-09-27,0
00022349,100,2024-10-14,100000
00022350,500,2023-03-17,0
00022351,500,2022-09-07,0
00022352,50,2023-05-01,0
00022353,100,2022-03-02,0
00022354,50,2023-09-11,0
00022355,500,2025-08-08,0
00022356,50,2023-11-08,0
00022357,150,2023-12-09,100000
00022358,100,2024-10-08,0
00022359,500,2025-01-20,0
00022360,200,2024-11-27,0
00022361,500,2022-07-18,0
00022362,200,2023-07-28,0
00022363,150,2024-05-02,0
00022364,150,2025-01-24,0
00022365,100,2023-01-25,0
00022366,500,2024-03-27,0
00022367,150,2022-12-05,0
00022368,50,2023-09-13,0
00022369,200,2022-07-11,0
00022370,200,2023-08-23,0
00022371,150,2025-01-19,0
00022372,150,2022-04-20,0
00022373,200,2024-06-10,0
00022374,100,2023-07-07,0
00022375,50,2022-05-24,0
00022376,50,2022-07-25,0
00022377,150,2025-12-12,0
00022378,50,2025-02-09,0
00022379,200,2022-04-19,0
00022380,100,2022-07-27,10000
00022381,500,2025-08-22,0
00022382,100,2024-04-17,0
00022383,50,2024-02-11,0
00022384,200,2023-01-05,0
00022385,100,2022-04-07,0
00022386,50,2023-10-01,50
00022387,500,2022-09-25,0
00022388,100,2023-01-08,0
00022389,150,2022-01-09,0
00022390,200,2024-12-23,0
00022391,150,2022-10-31,0
00022392,200,2022-09-10,0
00022393,200,2022-12-21,0
00022394,200,2022-10-09,0
00022395,100,2022-05-20,0
00022396,500,2025-03-12,0
00022397,200,2022-04-08,0
00022398,200,2022-10-19,20000
00022399,150,2023-08-13,0
00022400,200,2022-05-31,0
00022401,50,2025-09-28,0
00022402,200,2023-02-14,0
00022403,100,2025-07-07,500
00022404,50,2022-07-23,0
00022405,200,2025-09-05,0
00022406,50,2023-04-19,0
00022407,200,2023-10-02,0
00022408,500,2022-01-21,0
00022409,100,2024-11-26,0
00022410,500,2023-08-21,0
00022411,50,2023-03-27,0
00022412,100,2023-09-02,0
00022413,200,2025-09-28,0
00022414,500,2022-10-01,0
00022415,100,2023-10-07,0
00022416,50,2024-05-12,0
00022417,150,2022-04-12,0
00022418,150,2024-10-23,0
00022419,500,2024-01-08,0
00022420,150,2022-08-29,0
00022421,150,2025-12-11,0
00022422,150,2024-05-28,0
00022423,200,2023-03-23,0
00022424,50,2024-10-22,50
00022425,100,2022-04-02,0
00022426,100,2023-12-26,0
00022427,200,2024-01-01,0
00022428,500,2025-12-30,0
00022429,150,2025-05-08,0
00022430,200,2024-08-01,0
00022431,150,2024-02-15,0
00022432,200,2024-02-12,0
00022433,200,2023-06-08,0
00022434,50,2023-03-27,0
00022435,500,2022-07-31,0
00022436,500,2023-07-25,0
00022437,100,2022-12-07,0
00022438,100,2022-11-27,0
00022439,150,2023-12-25,0
00022440,100,2025-10-23,0
00022441,150,2025-11-16,0
00022442,50,2023-09-20,0
00022443,50,2022-02-03,0
00022444,500,2023-01-28,0
00022445,500,2022-03-29,0
00022446,150,2024-10-25,0
00022447,500,2025-02-22,0
00022448,150,2022-06-04,0
00022449,200,2025-04-05,100000
00022450,50,2025-01-04,0
00022451,200,2024-04-25,0
00022452,500,2024-07-25,0
00022453,50,2022-03-16,0
00022454,500,2023-03-20,0
00022455,50,2022-02-04,0
00022456,200,2024-01-04,100000
00022457,150,2022-05-01,0
00022458,100,2023-10-25,0
00022459,150,2022-08-18,0
00022460,200,2023-07-18,100000
00022461,150,2022-12-25,0
00022462,100,2025-11-10,0
00022463,500,2023-11-13,0
00022464,50,2023-01-27,0
00022465,50,2022-10-24,0
00022466,50,2024-01-08,0
00022467,500,2024-01-01,0
00022468,150,2025-03-14,0
00022469,150,2022-05-24,0
00022470,200,2022-08-16,0
00022471,150,2023-10-23,0
00022472,100,2024-02-16,0
00022473,50,2025-01-22,5000
00022474,50,2023-02-24,0
00022475,50,2025-10-05,0
00022476,150,2023-02-16,0
00022477,200,2022-05-26,0
00022478,150,2025-11-25,0
00022479,50,2024-08-20,0
00022480,50,2025-09-02,0
00022481,50,2023-10-01,0
00022482,500,2022-09-05,0
00022483,50,2023-08-26,0
00022484,200,2025-02-06,0
00022485,100,2024-02-16,0
00022486,200,2023-04-26,0
00022487,100,2022-09-08,0
00022488,500,2023-06-12,0
00022489,100,2024-01-13,0
00022490,500,2025-05-11,0
00022491,200,2023-04-04,200
00022492,100,2022-08-29,0
00022493,50,2023-01-14,0
00022494,150,2025-12-21,0
00022495,200,2025-11-28,0
00022496,500,2022-08-16,0
00022497,200,2023-01-01,1000
00022498,500,2023-07-20,0
00022499,150,2022-01-30,0
00022500,50,2022-06-07,0
00022501,150,2024-05-08,0
00022502,100,2022-01-20,0
00022503,500,2023-07-18,0
00022504,150,2023-06-12,0
00022505,150,2023-03-27,0
00022506,200,2022-05-07,2000
00022507,500,2022-08-12,0
00022508,100,2024-01-27,0
00022509,100,2024-05-27,0
00022510,150,2022-05-10,0
00022511,150,2022-08-16,0
00022512,50,2024-07-07,0
00022513,200,2024-01-23,0
00022514,150,2023-11-03,0
00022515,100,2024-11-02,0
00022516,200,2022-06-30,0
00022517,150,2024-12-03,0
00022518,50,2023-11-24,250
00022519,50,2025-12-09,0
00022520,50,2024-09-12,0
00022521,500,2023-05-28,0
00022522,500,2023-10-05,0
00022523,100,2024-03-03,0
00022524,200,2023-02-01,1000
00022525,500,2024-04-08,0
00022526,500,2024-03-23,0
00022527,500,2025-03-28,0
00022528,150,2024-09-29,150
00022529,100,2022-06-21,0
00022530,150,2025-05-29,0
00022531,100,2025-06-19,0
00022532,150,2022-11-27,0
00022533,100,2024-11-14,0
00022534,100,2024-12-26,0
00022535,50,2023-12-21,0
00022536,150,2025-07-03,0
00022537,200,2022-01-29,0
00022538,100,2025-02-11,0
00022539,150,2023-09-17,0
00022540,50,2024-02-27,0
00022541,50,2023-02-26,0
00022542,200,2024-12-06,0
00022543,100,2025-06-19,0
00022544,100,2023-07-04,0
00022545,150,2022-09-25,0
00022546,150,2022-04-01,0
00022547,500,2023-10-02,0
00022548,500,2023-05-23,0
00022549,100,2025-09-26,0
00022550,500,2024-03-08,2500
00022551,200,2023-02-07,0
00022552,100,2023-04-17,0
00022553,500,2022-10-09,0
00022554,200,2025-12-01,0
00022555,200,2023-07-25,0
00022556,150,2024-01-08,0
00022557,50,2023-01-29,0
00022558,500,2024-04-22,0
00022559,200,2024-01-09,0
00022560,200,2025-05-08,0
00022561,150,2024-11-23,0
00022562,100,2025-05-26,0
00022563,150,2023-10-22,0
00022564,150,2024-11-30,0
00022565,100,2024-08-01,0
00022566,500,2023-12-13,0
00022567,50,2025-07-01,0
00022568,150,2022-08-15,0
00022569,100,2024-03-28,0
00022570,200,2024-08-22,0
00022571,50,2022-09-02,0
00022572,150,2023-09-28,150
00022573,150,2024-07-04,0
00022574,50,2025-02-13,0
00022575,100,2022-06-30,0
00022576,200,2022-08-14,0
00022577,100,2023-12-24,0
00022578,500,2022-10-01,0
00022579,500,2023-06-14,0
00022580,100,2024-06-24,0
00022581,500,2022-03-01,0
00022582,150,2025-06-07,0
00022583,100,2025-01-16,0
00022584,500,2025-03-03,0
00022585,100,2022-08-12,0
00022586,200,2023-09-19,0
00022587,150,2024-06-27,0
00022588,200,2023-04-15,0
00022589,50,2024-10-28,0
00022590,200,2022-02-18,0
00022591,50,2025-12-23,0
00022592,200,2022-09-10,0
00022593,100,2024-01-13,100000
00022594,100,2022-08-16,0
00022595,100,2022-01-16,0
00022596,100,2024-01-24,0
00022597,100,2025-06-17,0
00022598,200,2025-06-22,0
00022599,50,2025-06-28,0
00022600,200,2025-07-22,0
00022601,150,2024-02-06,0
00022602,50,2024-01-20,0
00022603,500,2024-08-12,0
00022604,150,2025-05-04,100000
00022605,500,2024-11-16,0
00022606,150,2024-01-04,0
00022607,100,2025-05-14,0
00022608,200,2024-09-15,0
00022609,100,2024-01-18,0
00022610,500,2023-08-04,0
00022611,150,2023-10-06,0
00022612,100,2022-11-20,0
00022613,150,2023-08-26,0
00022614,500,2024-07-15,0
00022615,500,2022-08-15,0
00022616,500,2025-09-07,0
00022617,500,2024-04-03,0
00022618,100,2025-08-28,0
00022619,100,2024-07-22,10000
00022620,100,2022-10-27,0
00022621,50,2025-07-06,50
00022622,500,2023-12-26,0
00022623,150,2024-09-03,0
00022624,100,2022-09-29,0
00022625,150,2025-08-22,0
00022626,200,2024-04-27,0
00022627,150,2025-11-15,0
00022628,200,2023-07-07,0
00022629,200,2023-02-25,0
00022630,200,2022-04-15,0
00022631,50,2023-03-12,0
00022632,100,2024-11-23,0
00022633,50,2022-09-19,0
00022634,500,2024-07-20,0
00022635,200,2023-11-15,0
00022636,150,2022-02-10,0
00022637,50,2024-12-24,0
00022638,200,2023-11-11,0
00022639,100,2023-01-17,0
00022640,200,2024-03-10,0
00022641,200,2022-11-18,0
00022642,200,2022-04-29,2000
00022643,50,2022-01-01,0
00022644,500,2025-02-14,0
00022645,500,2024-07-12,2500
00022646,150,2022-07-01,0
00022647,500,2025-04-19,0
00022648,500,2024-06-30,0
00022649,50,2022-02-11,0
00022650,50,2024-05-24,0
00022651,150,2022-04-14,0
00022652,200,2025-09-13,0
00022653,100,2025-10-25,0
00022654,150,2024-05-06,0
00022655,150,2023-11-04,0
00022656,100,2023-06-17,0
00022657,100,2024-06-18,0
00022658,100,2022-04-21,0
00022659,500,2022-05-11,0
00022660,50,2024-11-18,0
00022661,100,2025-05-02,0
00022662,50,2022-06-02,0
00022663,500,2023-10-25,0
00022664,50,2023-12-23,0
00022665,100,2023-02-25,0
00022666,50,2025-02-01,0
00022667,50,2025-11-08,0
00022668,200,2022-06-03,0
00022669,100,2024-09-26,0
00022670,200,2024-02-24,0
00022671,50,2025-09-08,0
00022672,50,2024-02-26,0
00022673,200,2022-04-19,0
00022674,50,2025-12-28,0
00022675,50,2023-12-28,100000
00022676,100,2022-12-31,0
00022677,150,2022-02-15,0
00022678,50,2025-09-12,0
00022679,150,2022-03-25,0
00022680,50,2023-07-14,0
00022681,500,2025-03-03,0
00022682,100,2023-10-20,0
00022683,200,2023-01-25,0
00022684,150,2024-06-06,0
00022685,150,2022-11-17,0
00022686,50,2022-05-17,0
00022687,150,2022-06-11,0
00022688,500,2022-08-01,0
00022689,500,2025-03-05,0
00022690,200,2024-01-28,0
00022691,100,2023-11-03,0
00022692,100,2024-08-24,0
00022693,100,2025-08-24,0
00022694,200,2024-10-22,0
00022695,200,2022-02-25,0
00022696,200,2025-06-04,0
00022697,200,2024-11-11,0
00022698,150,2024-06-18,100000
00022699,100,2022-06-15,0
00022700,200,2025-03-08,0
00022701,200,2023-11-08,0
00022702,100,2025-07-18,0
00022703,150,2023-06-10,0
00022704,500,2023-06-07,0
00022705,50,2024-08-06,0
00022706,500,2023-09-25,0
00022707,500,2023-06-22,0
00022708,50,2022-12-12,0
00022709,100,2022-04-30,0
00022710,200,2022-08-23,0
00022711,150,2025-09-04,0
00022712,150,2025-11-08,750
00022713,500,2024-05-14,500
00022714,50,2024-11-05,0
00022715,200,2025-06-15,0
00022716,50,2024-11-11,100000
00022717,500,2025-01-10,2500
00022718,200,2024-12-17,200
00022719,50,2023-08-07,0
00022720,500,2025-09-02,0
00022721,150,2025-11-30,0
00022722,150,2023-10-10,0
00022723,100,2025-10-11,0
00022724,200,2024-08-20,0
00022725,50,2025-02-26,0
00022726,150,2022-06-05,0
00022727,50,2022-01-16,0
00022728,150,2025-11-06,0
00022729,100,2024-04-03,0
00022730,500,2025-08-03,0
00022731,50,2024-04-12,0
00022732,50,2023-09-07,0
00022733,100,2025-10-25,0
00022734,50,2022-01-01,100000
00022735,500,2024-12-03,0
00022736,200,2025-08-08,0
00022737,50,2023-09-24,0
00022738,200,2022-12-06,0
00022739,500,2024-01-26,0
00022740,200,2025-04-01,0
00022741,100,2022-06-10,0
00022742,150,2025-02-28,0
00022743,150,2025-01-03,0
00022744,50,2024-10-05,0
00022745,200,2024-05-02,0
00022746,50,2025-04-25,0
00022747,500,2022-03-25,0
00022748,200,2024-07-13,0
00022749,50,2022-01-20,0
00022750,150,2025-11-14,0
00022751,200,2025-09-12,0
00022752,500,2023-03-26,0
00022753,500,2023-10-05,0
00022754,150,2025-09-28,1500
00022755,500,2023-07-16,500
00022756,200,2023-06-27,0
00022757,200,2024-08-26,0
00022758,500,2024-07-27,0
00022759,500,2025-01-03,0
00022760,50,2024-12-10,0
00022761,100,2022-07-17,0
00022762,50,2024-06-18,0
00022763,50,2023-10-26,0
00022764,500,2024-01-15,0
00022765,500,2025-09-10,0
00022766,200,2022-04-03,0
00022767,150,2023-04-03,0
00022768,200,2024-04-12,0
00022769,200,2024-09-06,0
00022770,100,2024-02-04,0
00022771,500,2024-03-14,0
00022772,200,2022-01-16,0
00022773,200,2023-03-16,0
00022774,200,2022-09-18,0
00022775,50,2024-01-09,0
00022776,100,2022-08-26,0
00022777,200,2023-01-04,0
00022778,200,2024-12-05,0
00022779,100,2024-09-05,0
00022780,100,2024-12-08,0
00022781,50,2025-08-31,0
00022782,100,2024-03-24,0
00022783,150,2023-08-19,0
00022784,50,2025-07-15,0
00022785,200,2024-11-02,0
00022786,150,2024-11-03,0
00022787,500,2023-05-05,0
00022788,50,2025-06-30,250
00022789,100,2022-03-06,0
00022790,150,2022-09-17,100000
00022791,150,2023-03-07,0
00022792,500,2023-12-11,0
00022793,150,2022-01-29,0
00022794,200,2022-12-11,0
00022795,150,2025-11-03,0
00022796,150,2022-07-17,0
00022797,100,2022-07-07,0
00022798,200,2023-08-13,0
00022799,200,2022-04-23,1000
00022800,100,2024-06-21,0
00022801,150,2024-06-21,0
00022802,100,2022-08-28,0
00022803,50,2024-05-21,0
00022804,200,2022-02-13,0
00022805,500,2022-02-23,0
00022806,500,2023-10-30,0
00022807,50,2022-09-27,0
00022808,500,2022-07-18,0
00022809,50,2024-10-22,0
00022810,500,2022-01-24,0
00022811,100,2023-07-19,0
00022812,50,2024-09-04,0
00022813,50,2025-02-23,0
00022814,200,2024-08-04,0
00022815,200,2025-05-10,0
00022816,200,2024-06-30,0
00022817,500,2023-10-08,0
00022818,500,2025-11-27,0
00022819,200,2022-05-08,2000
00022820,50,2022-04-02,0
00022821,500,2023-10-23,0
00022822,500,2022-05-19,0
00022823,200,2023-12-19,20000
00022824,500,2022-12-12,0
00022825,100,2024-06-22,100000
00022826,150,2022-10-18,0
00022827,200,2022-09-09,0
00022828,200,2022-05-04,0
00022829,200,2024-10-31,0
00022830,200,2022-10-15,0
00022831,50,2024-06-14,0
00022832,150,2023-06-16,0
00022833,100,2023-03-25,0
00022834,150,2025-02-08,100000
00022835,200,2023-03-04,0
00022836,50,2023-04-13,50
00022837,150,2025-10-25,0
00022838,100,2024-02-26,0
00022839,150,2025-08-07,0
00022840,500,2022-08-24,0
00022841,100,2025-08-10,0
00022842,100,2022-01-16,0
00022843,50,2025-01-08,0
00022844,200,2022-12-05,0
00022845,50,2023-07-29,0
00022846,200,2022-07-09,200
00022847,50,2024-06-09,0
00022848,50,2025-03-18,0
00022849,500,2022-05-20,0
00022850,50,2024-12-19,0
00022851,100,2025-03-21,0
00022852,200,2023-10-27,0
00022853,200,2024-02-28,0
00022854,150,2024-01-01,150
00022855,500,2022-05-27,0
00022856,500,2024-01-14,0
00022857,100,2024-08-08,0
00022858,100,2024-02-28,0
00022859,100,2023-11-27,500
00022860,200,2022-07-19,0
00022861,500,2025-05-19,0
00022862,100,2023-10-01,500
00022863,50,2022-11-15,100000
00022864,100,2023-03-11,0
00022865,100,2022-02-05,10000
00022866,50,2023-04-27,0
00022867,500,2025-04-22,0
00022868,150,2024-08-02,0
00022869,200,2024-01-23,0
00022870,150,2025-08-10,0
00022871,500,2025-04-23,0
00022872,150,2022-10-10,750
00022873,150,2025-06-01,0
00022874,50,2023-01-31,0
00022875,150,2025-04-11,0
00022876,50,2023-01-31,0
00022877,50,2025-04-29,0
00022878,150,2023-10-17,0
00022879,100,2024-02-06,0
00022880,500,2025-12-17,0
00022881,100,2022-12-13,0
00022882,50,2023-06-15,250
00022883,200,2023-02-20,0
00022884,150,2024-12-17,0
00022885,50,2023-04-27,0
00022886,100,2025-08-29,0
00022887,150,2024-05-25,750
00022888,50,2022-06-09,0
00022889,100,2024-10-05,0
00022890,100,2025-11-27,0
00022891,200,2024-08-19,0
00022892,500,2022-04-21,0
00022893,50,2023-03-09,0
00022894,150,2025-07-18,0
00022895,100,2022-06-06,0
00022896,50,2022-08-01,0
00022897,50,2025-03-18,0
00022898,50,2024-11-05,0
00022899,500,2023-03-13,0
00022900,100,2022-04-06,0
00022901,50,2023-01-21,0
00022902,500,2022-06-18,0
00022903,500,2025-02-25,0
00022904,200,2022-02-13,0
00022905,500,2022-11-10,0
00022906,200,2025-09-07,0
00022907,500,2025-07-26,0
00022908,50,2023-06-29,0
00022909,150,2025-08-12,0
00022910,500,2024-05-13,0
00022911,500,2023-05-24,0
00022912,150,2024-11-01,0
00022913,50,2024-01-13,0
00022914,500,2024-07-14,0
00022915,500,2024-06-11,0
00022916,200,2024-04-15,0
00022917,500,2022-04-16,0
00022918,150,2024-05-07,0
00022919,100,2023-02-13,0
00022920,500,2024-12-20,0
00022921,200,2023-07-11,0
00022922,50,2025-11-15,0
00022923,500,2023-01-16,0
00022924,200,2022-03-01,0
00022925,500,2022-03-24,0
00022926,150,2023-06-08,0
00022927,100,2025-08-04,0
00022928,500,2025-02-05,5000
00022929,200,2024-03-03,0
00022930,500,2023-03-01,0
00022931,100,2025-08-18,0
00022932,50,2023-11-19,0
00022933,200,2024-01-02,0
00022934,200,2024-05-03,0
00022935,50,2023-07-14,250
00022936,150,2025-01-08,0
00022937,150,2023-07-22,0
00022938,200,2024-07-20,0
00022939,100,2025-08-28,0
00022940,200,2023-01-25,0
00022941,150,2025-10-29,0
00022942,500,2025-10-03,50000
00022943,150,2025-04-29,0
00022944,50,2025-12-12,0
00022945,200,2024-03-07,0
00022946,150,2025-04-13,100000
00022947,150,2024-08-21,0
00022948,200,2022-03-30,0
00022949,50,2023-06-10,0
00022950,100,2022-12-08,0
00022951,150,2025-04-21,0
00022952,200,2023-12-20,0
00022953,150,2022-12-22,0
00022954,500,2024-01-12,5000
00022955,150,2023-03-16,0
00022956,150,2024-12-29,0
00022957,150,2024-12-29,0
00022958,200,2022-05-16,0
00022959,200,2023-08-06,0
00022960,150,2024-06-22,0
00022961,100,2024-06-04,0
00022962,200,2025-05-10,0
00022963,50,2025-07-25,100000
00022964,500,2025-09-10,0
00022965,100,2025-08-20,0
00022966,100,2024-05-18,0
00022967,500,2025-12-04,0
00022968,50,2024-08-10,0
00022969,200,2024-06-15,0
00022970,150,2023-03-17,0
00022971,50,2025-03-06,0
00022972,200,2022-04-20,0
00022973,150,2022-03-02,0
00022974,100,2023-02-28,0
00022975,150,2023-04-11,0
00022976,200,2022-10-02,0
00022977,200,2025-12-03,0
00022978,200,2025-11-25,0
00022979,500,2024-11-03,0
00022980,150,2022-02-11,0
00022981,200,2022-09-12,0
00022982,50,2022-09-08,0
00022983,500,2023-10-18,0
00022984,100,2024-02-20,0
00022985,100,2023-03-03,0
00022986,50,2024-06-30,0
00022987,500,2025-12-17,0
00022988,150,2024-08-19,0
00022989,500,2023-07-31,0
00022990,50,2024-02-01,0
00022991,100,2022-02-07,0
00022992,50,2022-07-04,0
00022993,200,2024-11-11,0
00022994,100,2024-03-28,0
00022995,150,2022-04-05,100000
00022996,500,2022-07-08,0
00022997,200,2024-06-19,0
00022998,50,2025-01-30,0
00022999,500,2025-11-11,0
00023000,200,2022-06-12,0
00023001,50,2023-02-01,0
00023002,500,2023-07-09,0
00023003,500,2025-02-21,0
00023004,200,2024-04-29,0
00023005,150,2023-03-06,0
00023006,150,2024-06-04,0
00023007,200,2022-08-02,0
00023008,500,2024-04-03,0
00023009,100,2023-10-12,0
00023010,200,2023-04-18,0
00023011,150,2023-11-13,0
00023012,150,2025-11-18,0
00023013,200,2023-01-14,0
00023014,200,2025-05-04,0
00023015,50,2025-11-10,0
00023016,500,2025-01-10,500
00023017,100,2023-05-23,0
00023018,200,2024-11-16,0
00023019,100,2022-08-09,0
00023020,150,2022-11-24,0
00023021,200,2023-05-18,0
00023022,500,2024-07-14,0
00023023,50,2023-07-10,0
00023024,150,2025-12-06,0
00023025,500,2024-12-28,0
00023026,50,2023-03-20,0
00023027,100,2022-11-05,0
00023028,500,2022-03-08,0
00023029,100,2024-11-01,0
00023030,150,2023-11-26,0
00023031,500,2023-08-09,500
00023032,150,2022-11-04,150
00023033,500,2025-03-27,0
00023034,500,2024-11-26,0
00023035,200,2025-12-25,100000
00023036,200,2024-05-05,0
00023037,200,2025-11-08,0
00023038,100,2025-04-05,0
00023039,100,2024-10-07,0
00023040,100,2024-03-06,0
00023041,50,2025-12-12,0
00023042,200,2025-04-06,0
00023043,50,2025-03-07,0
00023044,500,2025-05-12,0
00023045,50,2024-10-20,0
00023046,500,2024-11-13,0
00023047,100,2024-12-01,100
00023048,50,2023-01-23,0
00023049,100,2023-07-29,500
00023050,50,2025-06-02,0
00023051,100,2025-12-18,0
00023052,200,2024-09-13,0
00023053,150,2023-10-21,0
00023054,100,2022-12-31,0
00023055,150,2022-02-16,0
00023056,200,2024-08-12,0
00023057,500,2025-09-14,0
00023058,500,2022-01-24,0
00023059,150,2025-03-29,0
00023060,200,2023-08-11,0
00023061,50,2022-09-19,0
00023062,500,2022-11-02,0
00023063,100,2025-09-17,0
00023064,50,2023-08-30,0
00023065,150,2023-01-30,0
00023066,500,2022-05-04,0
00023067,100,2024-08-02,0
00023068,100,2025-09-13,0
00023069,100,2025-01-01,0
00023070,150,2022-03-07,0
00023071,500,2024-04-05,0
00023072,200,2023-10-11,0
00023073,500,2025-11-08,0
00023074,100,2025-07-08,0
00023075,50,2022-12-27,0
00023076,50,2024-09-19,0
00023077,150,2025-03-14,0
00023078,50,2023-11-07,0
00023079,100,2023-01-12,0
00023080,200,2025-08-28,1000
00023081,50,2023-04-30,0
00023082,100,2024-08-08,0
00023083,50,2022-05-02,0
00023084,150,2022-01-22,0
00023085,200,2023-07-23,0
00023086,100,2025-03-18,0
00023087,500,2024-01-12,0
00023088,50,2024-06-17,0
00023089,100,2022-12-25,0
00023090,50,2022-03-19,0
00023091,500,2022-10-01,0
00023092,150,2023-07-02,0
00023093,500,2022-09-06,0
00023094,200,2022-07-26,2000
00023095,150,2025-09-06,0
00023096,50,2023-07-27,0
00023097,100,2024-04-14,0
00023098,200,2023-07-16,0
00023099,150,2022-08-12,0
00023100,50,2024-11-08,0
00023101,100,2023-08-12,0
00023102,100,2025-03-27,0
00023103,50,2022-02-22,0
00023104,100,2023-02-03,0
00023105,100,2022-09-05,0
00023106,500,2025-07-29,0
00023107,500,2023-10-07,0
00023108,500,2022-09-04,0
00023109,100,2024-10-10,0
00023110,50,2022-12-19,0
00023111,150,2025-06-18,150
00023112,50,2025-11-14,0
00023113,500,2025-04-04,0
00023114,100,2022-07-08,100000
00023115,200,2024-10-25,0
00023116,100,2025-09-17,0
00023117,150,2025-08-30,0
00023118,150,2022-09-04,0
00023119,500,2025-08-19,0
00023120,50,2025-07-03,0
00023121,200,2025-05-26,0
00023122,50,2024-09-21,0
00023123,50,2025-09-23,0
00023124,50,2022-08-10,0
00023125,100,2022-08-22,0
00023126,200,2022-04-17,2000
00023127,50,2022-01-03,0
00023128,150,2025-10-12,0
00023129,500,2024-12-04,0
00023130,50,2024-04-12,0
00023131,150,2024-02-19,0
00023132,50,2025-07-13,100000
00023133,100,2025-07-18,0
00023134,200,2023-01-26,0
00023135,150,2022-10-25,0
00023136,500,2023-02-23,0
00023137,100,2024-02-04,0
00023138,100,2022-04-16,0
00023139,150,2024-02-15,0
00023140,200,2025-06-21,0
00023141,200,2024-06-29,0
00023142,50,2022-10-19,0
00023143,500,2023-09-29,0
00023144,50,2022-07-18,0
00023145,150,2025-03-26,0
00023146,150,2023-02-18,0
00023147,100,2023-09-26,0
00023148,500,2024-07-20,0
00023149,200,2025-09-29,0
00023150,200,2025-02-12,0
00023151,500,2024-11-09,0
00023152,500,2024-06-13,0
00023153,500,2023-01-10,0
00023154,50,2025-12-28,0
00023155,100,2025-11-23,0
00023156,150,2023-08-15,150
00023157,100,2024-04-06,0
00023158,200,2024-03-10,0
00023159,500,2025-09-06,0
00023160,50,2022-07-25,0
00023161,200,2025-08-29,0
00023162,150,2025-01-12,0
00023163,50,2025-06-29,0
00023164,200,2022-01-27,0
00023165,500,2025-01-17,0
00023166,200,2025-01-29,20000
00023167,50,2023-12-01,0
00023168,200,2023-09-09,0
00023169,200,2025-10-18,20000
00023170,100,2025-04-06,0
00023171,200,2025-02-27,0
00023172,150,2023-05-15,0
00023173,150,2023-04-07,0
00023174,150,2023-03-03,750
00023175,200,2025-05-16,0
00023176,500,2025-08-27,0
00023177,50,2022-04-14,0
00023178,100,2022-04-13,0
00023179,100,2022-03-30,0
00023180,200,2023-06-14,0
00023181,500,2022-01-20,0
00023182,150,2023-06-08,100000
00023183,150,2024-06-14,0
00023184,500,2024-01-17,50000
00023185,150,2025-12-02,0
00023186,500,2023-12-09,0
00023187,150,2023-08-31,0
00023188,150,2025-12-13,0
00023189,500,2022-10-14,0
00023190,50,2025-04-29,0
00023191,150,2024-01-19,0
00023192,500,2022-06-27,0
00023193,500,2023-03-08,500
00023194,200,2025-11-28,0
00023195,150,2025-04-10,0
00023196,150,2022-09-27,0
00023197,500,2023-04-30,0
00023198,500,2023-11-18,0
00023199,200,2023-08-30,0
00023200,500,2024-04-20,0
00023201,50,2023-07-24,0
00023202,150,2025-08-17,0
00023203,500,2023-09-15,0
00023204,500,2025-08-28,0
00023205,150,2022-05-18,0
00023206,100,2025-01-23,0
00023207,100,2024-11-02,0
00023208,50,2022-01-28,0
00023209,150,2025-02-28,0
00023210,150,2022-07-29,0
00023211,50,2024-10-29,0
00023212,150,2024-02-20,0
00023213,50,2022-06-21,0
00023214,200,2024-01-27,0
00023215,150,2024-03-10,0
00023216,200,2023-04-01,2000
00023217,100,2023-02-19,0
00023218,50,2022-06-11,0
00023219,150,2022-01-27,0
00023220,150,2023-11-06,0
00023221,500,2023-08-09,0
00023222,150,2024-03-09,0
00023223,200,2023-03-08,0
00023224,100,2025-11-14,0
00023225,500,2024-02-24,0
00023226,150,2024-08-29,0
00023227,150,2025-12-04,0
00023228,200,2022-09-08,0
00023229,200,2024-01-16,0
00023230,200,2023-10-09,0
00023231,200,2023-09-27,1000
00023232,100,2024-02-24,0
00023233,500,2024-03-13,0
00023234,50,2022-06-22,100000
00023235,200,2024-07-30,0
00023236,500,2023-04-07,0
00023237,100,2023-07-29,0
00023238,200,2022-11-13,0
00023239,150,2023-02-16,0
00023240,100,2024-10-27,0
00023241,50,2023-12-07,0
00023242,500,2023-02-27,0
00023243,500,2023-08-06,0
00023244,150,2022-05-22,0
00023245,100,2023-04-03,0
00023246,200,2022-04-25,0
00023247,200,2025-01-06,0
00023248,200,2024-02-24,0
00023249,50,2024-01-24,0
00023250,150,2022-03-16,0
00023251,500,2025-11-16,0
00023252,50,2024-05-26,0
00023253,150,2023-09-26,0
00023254,500,2025-07-09,0
00023255,50,2025-07-09,0
00023256,50,2024-11-13,0
00023257,200,2023-09-10,0
00023258,200,2024-02-10,100000
00023259,150,2024-07-14,0
00023260,150,2024-05-28,0
00023261,50,2023-02-22,0
00023262,100,2025-09-16,0
00023263,150,2022-09-24,0
00023264,200,2024-04-08,0
00023265,200,2022-07-21,0
00023266,100,2022-06-28,0
00023267,200,2024-03-04,0
00023268,150,2024-06-10,0
00023269,100,2025-05-28,100
00023270,200,2022-11-22,0
00023271,200,2022-12-01,0
00023272,100,2024-04-26,0
00023273,200,2024-04-24,2000
00023274,200,2025-12-01,0
00023275,150,2025-11-20,0
00023276,200,2025-07-11,0
00023277,150,2022-02-27,0
00023278,100,2024-03-19,0
00023279,100,2023-02-05,0
00023280,500,2025-12-15,0
00023281,150,2024-07-07,0
00023282,150,2025-05-02,0
00023283,200,2024-05-31,0
00023284,100,2024-05-15,100000
00023285,50,2022-02-22,0
00023286,150,2025-08-14,0
00023287,50,2025-02-24,0
00023288,500,2025-07-30,0
00023289,200,2022-01-26,0
00023290,100,2022-08-26,0
00023291,200,2024-09-16,1000
00023292,100,2025-08-18,0
00023293,50,2024-12-27,0
00023294,50,2025-05-12,0
00023295,500,2025-10-18,0
00023296,200,2025-03-10,0
00023297,100,2023-09-22,0
00023298,500,2025-05-23,0
00023299,500,2022-06-27,2500
00023300,50,2025-01-16,0
00023301,500,2024-06-21,0
00023302,500,2024-02-28,0
00023303,50,2023-06-14,500
00023304,150,2022-07-20,0
00023305,50,2024-03-22,0
00023306,50,2023-02-17,0
00023307,200,2023-02-16,0
00023308,500,2023-12-17,0
00023309,200,2022-06-30,0
00023310,50,2023-08-19,0
00023311,50,2024-11-20,0
00023312,50,2023-10-07,0
00023313,200,2023-06-21,0
00023314,500,2024-12-06,0
00023315,200,2024-01-08,0
00023316,150,2022-04-20,0
00023317,500,2023-05-15,0
00023318,50,2023-03-18,0
00023319,500,2022-10-19,0
00023320,100,2023-11-24,0
00023321,150,2025-11-06,0
00023322,500,2025-06-18,50000
00023323,100,2025-08-28,100
00023324,500,2025-05-14,0
00023325,200,2022-06-03,0
00023326,150,2025-10-23,0
00023327,500,2022-12-16,0
00023328,150,2025-08-03,0
00023329,100,2024-06-08,0
00023330,150,2022-08-15,0
00023331,50,2024-04-22,0
00023332,200,2025-06-18,0
00023333,100,2022-07-02,0
00023334,100,2023-02-08,0
00023335,100,2025-02-20,0
00023336,200,2025-02-02,0
00023337,200,2025-03-15,0
00023338,150,2024-07-05,150
00023339,50,2023-11-06,0
00023340,100,2023-07-08,0
00023341,200,2022-11-11,0
00023342,100,2023-10-21,0
00023343,50,2023-05-04,0
00023344,100,2023-05-06,0
00023345,200,2022-07-01,0
00023346,100,2022-02-03,0
00023347,150,2024-09-25,0
00023348,100,2022-05-22,0
00023349,500,2024-05-20,100000
00023350,100,2024-12-22,0
00023351,100,2025-09-27,0
00023352,200,2022-03-10,0
00023353,150,2024-01-28,0
00023354,150,2023-04-23,0
00023355,50,2024-08-21,0
00023356,500,2025-12-08,500
00023357,50,2025-10-11,0
00023358,50,2025-01-29,0
00023359,200,2023-09-19,0
00023360,150,2025-04-15,0
00023361,150,2024-01-16,0
00023362,200,2022-05-26,0
00023363,50,2024-01-13,0
00023364,200,2023-02-28,0
00023365,50,2024-04-15,0
00023366,50,2022-02-05,0
00023367,50,2023-05-12,0
00023368,100,2022-05-23,0
00023369,50,2023-04-12,0
00023370,200,2022-11-23,0
00023371,150,2024-06-22,0
00023372,50,2025-01-16,100000
00023373,50,2023-02-09,0
00023374,100,2023-07-11,0
00023375,50,2024-03-30,0
00023376,500,2023-12-05,0
00023377,50,2023-07-17,0
00023378,500,2023-11-08,0
00023379,50,2025-07-11,5000
00023380,500,2025-02-17,0
00023381,500,2022-11-24,500
00023382,150,2023-05-20,0
00023383,200,2025-02-01,0
00023384,200,2023-04-24,0
00023385,150,2024-03-02,0
00023386,200,2024-05-27,0
00023387,200,2024-12-23,0
00023388,100,2022-04-22,0
00023389,200,2023-03-04,0
00023390,100,2024-10-31,0
00023391,200,2023-08-19,0
00023392,150,2023-04-21,0
00023393,150,2022-02-04,0
00023394,100,2024-02-01,0
00023395,50,2023-08-02,0
00023396,150,2023-12-15,0
00023397,500,2023-05-19,0
00023398,500,2025-01-09,0
00023399,150,2022-12-19,100000
00023400,150,2023-04-24,0
00023401,50,2023-12-15,0
00023402,200,2025-04-24,0
00023403,150,2024-11-12,0
00023404,100,2022-01-14,0
00023405,500,2024-05-21,0
00023406,500,2022-02-28,0
00023407,200,2024-01-23,0
00023408,100,2025-03-20,0
00023409,500,2025-02-05,0
00023410,200,2024-07-13,0
00023411,200,2022-01-19,0
00023412,150,2023-01-07,0
00023413,500,2024-11-20,0
00023414,200,2023-11-19,0
00023415,500,2025-07-11,0
00023416,150,2025-07-18,0
00023417,100,2024-11-18,0
00023418,50,2024-01-22,0
00023419,200,2023-04-19,0
00023420,50,2025-11-11,0
00023421,500,2022-03-25,0
00023422,200,2025-08-28,0
00023423,500,2022-05-07,0
00023424,150,2023-05-28,0
00023425,100,2025-04-14,0
00023426,500,2023-01-17,0
00023427,500,2022-08-09,0
00023428,50,2025-02-17,0
00023429,150,2025-03-17,0
00023430,500,2025-03-19,0
00023431,50,2023-12-11,0
00023432,200,2024-03-07,0
00023433,200,2025-05-16,0
00023434,200,2022-05-15,0
00023435,150,2022-06-19,0
00023436,200,2022-05-09,0
00023437,200,2025-02-03,0
00023438,150,2025-10-05,0
00023439,50,2023-11-01,0
00023440,100,2022-09-23,0
00023441,100,2023-07-21,0
00023442,50,2023-01-05,0
00023443,150,2025-10-31,0
00023444,200,2025-01-16,0
00023445,150,2023-04-22,0
00023446,500,2024-02-25,0
00023447,200,2023-03-14,0
00023448,50,2023-03-25,0
00023449,50,2022-08-16,0
00023450,100,2023-07-22,0
00023451,200,2022-06-18,0
00023452,150,2024-09-15,0
00023453,500,2023-09-04,0
00023454,50,2025-01-20,0
00023455,50,2025-05-09,0
00023456,500,2023-02-21,0
00023457,200,2024-05-08,0
00023458,500,2025-04-20,0
00023459,500,2022-10-22,0
00023460,200,2022-08-13,100000
00023461,200,2022-01-24,0
00023462,100,2023-04-08,0
00023463,500,2022-02-11,0
00023464,100,2022-11-08,0
00023465,100,2022-09-21,0
00023466,200,2023-10-09,0
00023467,50,2022-07-30,0
00023468,150,2025-03-20,0
00023469,500,2024-07-02,0
00023470,500,2024-01-25,5000
00023471,200,2024-06-23,0
00023472,50,2024-02-26,0
00023473,150,2025-06-14,0
00023474,500,2022-04-14,0
00023475,200,2022-10-19,0
00023476,200,2024-11-13,0
00023477,50,2022-07-11,0
00023478,500,2022-05-15,0
00023479,500,2023-04-18,0
00023480,150,2025-12-29,0
00023481,50,2022-09-25,0
00023482,50,2025-09-30,0
00023483,100,2023-11-13,0
00023484,500,2025-03-06,0
00023485,100,2024-02-07,0
00023486,50,2024-11-08,0
00023487,500,2023-08-18,0
00023488,50,2023-09-06,0
00023489,150,2025-07-11,0
00023490,500,2023-01-02,0
00023491,200,2024-08-15,0
00023492,200,2024-07-13,0
00023493,500,2024-04-18,0
00023494,500,2022-06-06,0
00023495,150,2025-08-14,0
00023496,500,2022-09-24,0
00023497,50,2023-02-14,0
00023498,100,2024-09-27,0
00023499,100,2024-03-20,0
00023500,50,2024-12-01,500
00023501,150,2023-08-10,0
00023502,50,2022-10-26,500
00023503,100,2024-08-15,0
00023504,500,2025-04-06,0
00023505,100,2022-07-10,0
00023506,500,2024-05-26,0
00023507,150,2025-12-14,0
00023508,500,2022-12-01,0
00023509,200,2022-06-12,0
00023510,50,2023-10-04,0
00023511,500,2024-07-05,500
00023512,500,2022-04-08,0
00023513,150,2024-05-23,0
00023514,150,2022-11-08,0
00023515,50,2025-07-10,0
00023516,100,2022-11-07,0
00023517,100,2023-06-01,0
00023518,200,2024-04-29,0
00023519,500,2022-11-16,0
00023520,50,2024-05-18,0
00023521,150,2023-06-18,0
00023522,200,2025-08-09,0
00023523,200,2024-10-11,1000
00023524,200,2022-04-09,0
00023525,50,2022-04-15,0
00023526,150,2024-01-18,0
00023527,150,2023-04-24,0
00023528,500,2022-09-22,0
00023529,200,2025-02-11,0
00023530,100,2024-07-28,100
00023531,200,2025-08-18,0
00023532,500,2023-12-19,0
00023533,200,2025-06-19,0
00023534,50,2024-08-25,0
00023535,500,2022-06-15,0
00023536,200,2023-11-05,0
00023537,500,2022-07-01,0
00023538,500,2022-09-02,0
00023539,200,2022-10-12,0
00023540,100,2024-08-13,0
00023541,50,2024-10-28,0
00023542,50,2025-03-23,0
00023543,50,2023-12-07,0
00023544,100,2022-08-06,100
00023545,50,2023-06-14,0
00023546,50,2025-03-15,0
00023547,50,2024-06-08,0
00023548,200,2024-11-22,0
00023549,500,2022-03-20,0
00023550,100,2024-06-28,0
00023551,500,2024-05-03,0
00023552,50,2023-09-12,0
00023553,100,2025-04-21,500
00023554,200,2025-07-21,0
00023555,100,2024-08-22,0
00023556,500,2023-02-02,0
00023557,200,2022-10-10,0
00023558,50,2023-07-18,0
00023559,50,2022-10-26,0
00023560,50,2024-01-29,0
00023561,100,2025-07-02,0
00023562,200,2025-04-19,0
00023563,100,2024-03-05,0
00023564,50,2023-04-21,0
00023565,50,2023-05-31,0
00023566,200,2024-06-14,0
00023567,100,2025-12-14,0
00023568,200,2022-09-26,0
00023569,50,2022-06-16,0
00023570,100,2022-09-03,0
00023571,500,2025-01-17,0
00023572,150,2025-04-23,1500
00023573,500,2023-01-18,0
00023574,100,2024-10-16,0
00023575,150,2024-07-03,0
00023576,500,2025-12-04,0
00023577,100,2023-09-01,0
00023578,500,2022-09-13,0
00023579,200,2024-12-29,0
00023580,100,2023-03-13,0
00023581,200,2022-11-01,0
00023582,100,2025-02-07,0
00023583,100,2025-06-21,0
00023584,200,2023-10-17,0
00023585,100,2024-12-21,0
00023586,150,2023-10-16,0
00023587,150,2022-02-25,0
00023588,150,2025-11-12,0
00023589,150,2023-12-22,0
00023590,150,2022-08-19,0
00023591,200,2025-06-22,20000
00023592,50,2022-11-20,0
00023593,150,2025-04-10,0
00023594,50,2023-07-23,0
00023595,50,2025-11-14,0
00023596,50,2024-08-24,0
00023597,200,2024-11-19,0
00023598,200,2023-12-31,0
00023599,200,2022-01-22,2000
00023600,150,2023-12-02,0
00023601,150,2022-10-14,0
00023602,150,2023-04-17,0
00023603,200,2023-03-02,0
00023604,200,2025-11-10,0
00023605,150,2023-02-16,0
00023606,150,2023-10-02,0
00023607,200,2022-09-04,0
00023608,100,2024-02-13,0
00023609,150,2022-05-30,0
00023610,100,2024-05-02,0
00023611,50,2022-05-04,0
00023612,100,2023-12-10,0
00023613,500,2024-02-05,0
00023614,150,2022-04-15,0
00023615,200,2022-02-04,0
00023616,500,2023-12-28,0
00023617,500,2024-08-24,50000
00023618,150,2022-03-13,15000
00023619,150,2025-02-09,0
00023620,200,2025-02-14,0
00023621,200,2023-04-01,0
00023622,200,2025-05-31,0
00023623,200,2022-05-22,100000
00023624,500,2025-08-16,0
00023625,500,2022-02-17,0
00023626,150,2024-09-19,0
00023627,50,2023-11-02,500
00023628,50,2023-11-14,0
00023629,500,2022-01-27,0
00023630,50,2023-05-12,0
00023631,200,2025-07-21,0
00023632,100,2024-08-02,0
00023633,200,2022-06-04,2000
00023634,50,2022-04-30,0
00023635,500,2022-07-22,0
00023636,50,2025-06-23,0
00023637,100,2024-06-21,0
00023638,50,2024-08-02,0
00023639,150,2022-01-13,0
00023640,500,2024-12-10,0
00023641,500,2024-06-23,0
00023642,100,2022-06-03,0
00023643,50,2024-01-13,0
00023644,150,2023-10-23,0
00023645,50,2024-05-12,0
00023646,100,2025-11-13,0
00023647,500,2022-09-25,0
00023648,100,2024-03-01,0
00023649,200,2022-01-04,20000
00023650,150,2022-08-04,0
00023651,500,2025-01-27,0
00023652,100,2025-02-04,0
00023653,200,2023-12-24,0
00023654,50,2025-04-18,0
00023655,500,2025-01-24,0
00023656,100,2025-07-22,0
00023657,100,2022-04-17,0
00023658,150,2025-11-21,0
00023659,200,2025-01-29,0
00023660,50,2024-02-17,0
00023661,500,2023-06-01,0
00023662,100,2022-01-14,100000
00023663,100,2022-11-26,0
00023664,200,2023-08-22,0
00023665,50,2024-05-10,0
00023666,200,2022-12-19,0
00023667,500,2023-05-08,0
00023668,50,2025-04-27,0
00023669,50,2022-03-01,0
00023670,500,2025-12-07,0
00023671,100,2025-05-07,0
00023672,500,2025-11-08,50000
00023673,150,2025-05-06,0
00023674,100,2025-02-19,100
00023675,150,2022-08-08,0
00023676,100,2022-12-14,0
00023677,150,2025-08-08,0
00023678,50,2025-12-04,0
00023679,200,2022-12-24,0
00023680,100,2023-12-08,0
00023681,100,2024-05-18,0
00023682,200,2024-12-23,0
00023683,100,2022-02-05,0
00023684,100,2022-11-01,0
00023685,100,2024-05-21,100
00023686,50,2025-01-09,0
00023687,100,2023-05-16,0
00023688,200,2023-03-12,0
00023689,500,2025-09-08,500
00023690,100,2022-12-07,1000
00023691,100,2025-10-29,0
00023692,200,2023-12-19,0
00023693,50,2022-05-04,5000
00023694,150,2023-11-13,0
00023695,50,2023-12-14,0
00023696,50,2025-04-21,0
00023697,50,2022-05-17,0
00023698,200,2022-08-28,0
00023699,50,2024-11-11,0
00023700,50,2022-06-20,0
00023701,50,2023-10-24,500
00023702,50,2022-12-06,0
00023703,150,2022-05-03,0
00023704,50,2022-12-08,0
00023705,200,2023-11-10,100000
00023706,100,2024-03-20,0
00023707,50,2023-02-04,0
00023708,500,2024-09-20,0
00023709,50,2024-06-17,0
00023710,50,2023-08-06,0
00023711,100,2024-10-06,0
00023712,50,2025-05-14,500
00023713,150,2022-08-15,0
00023714,150,2024-02-21,0
00023715,500,2022-09-05,0
00023716,150,2024-04-18,100000
00023717,150,2025-02-11,0
00023718,150,2025-01-09,0
00023719,150,2025-05-05,750
00023720,200,2023-11-19,0
00023721,200,2023-01-14,0
00023722,200,2025-06-11,0
00023723,50,2023-12-26,0
00023724,100,2025-10-30,0
00023725,150,2024-09-02,0
00023726,500,2022-05-24,0
00023727,500,2023-01-31,0
00023728,200,2023-01-28,0
00023729,200,2023-07-08,0
00023730,150,2024-12-16,0
00023731,500,2025-02-05,100000
00023732,150,2023-12-19,0
00023733,50,2024-08-22,0
00023734,200,2024-07-13,0
00023735,200,2024-06-06,0
00023736,200,2022-05-27,20000
00023737,50,2022-03-11,0
00023738,50,2023-05-27,250
00023739,150,2023-04-25,0
00023740,500,2022-10-22,0
00023741,50,2023-10-22,0
00023742,200,2025-01-03,20000
00023743,500,2024-02-26,0
00023744,200,2025-05-23,100000
00023745,150,2023-05-18,0
00023746,200,2023-11-02,0
00023747,200,2023-09-02,0
00023748,50,2023-06-14,0
00023749,150,2023-05-01,0
00023750,150,2023-07-29,0
00023751,500,2022-12-11,0
00023752,100,2024-04-28,0
00023753,500,2023-12-06,100000
00023754,50,2023-04-13,0
00023755,100,2023-01-22,0
00023756,500,2025-08-13,0
00023757,50,2023-10-16,0
00023758,100,2025-03-21,0
00023759,500,2022-11-23,0
00023760,200,2025-10-20,0
00023761,100,2024-01-27,0
00023762,500,2025-08-18,0
00023763,200,2022-02-17,1000
00023764,50,2022-08-27,0
00023765,200,2024-10-24,0
00023766,500,2024-08-23,0
00023767,200,2025-09-25,0
00023768,500,2022-12-06,0
00023769,100,2022-04-30,0
00023770,200,2024-08-24,0
00023771,150,2025-02-09,0
00023772,50,2025-05-26,0
00023773,200,2023-01-18,0
00023774,50,2025-04-14,0
00023775,150,2024-04-16,0
00023776,200,2022-01-08,0
00023777,50,2024-05-02,0
00023778,50,2023-01-09,0
00023779,150,2022-11-17,0
00023780,500,2025-05-07,0
00023781,200,2025-07-31,0
00023782,50,2024-06-24,0
00023783,150,2022-08-24,0
00023784,100,2023-07-04,0
00023785,200,2025-10-22,0
00023786,50,2024-10-12,0
00023787,100,2023-01-26,0
00023788,500,2025-07-20,0
00023789,100,2022-03-07,0
00023790,50,2023-11-05,0
00023791,100,2022-04-25,0
00023792,500,2022-11-25,0
00023793,500,2024-05-25,0
00023794,50,2023-06-14,0
00023795,150,2022-04-04,0
00023796,50,2023-05-24,0
00023797,150,2025-12-23,0
00023798,200,2022-09-04,0
00023799,200,2024-01-04,20000
00023800,50,2023-10-25,0
00023801,50,2022-01-22,0
00023802,500,2024-11-20,0
00023803,500,2022-11-02,0
00023804,100,2022-04-24,100
00023805,100,2022-08-09,0
00023806,100,2024-04-08,0
00023807,100,2022-04-09,0
00023808,200,2025-11-04,0
00023809,150,2025-12-29,0
00023810,150,2025-10-23,0
00023811,500,2024-06-06,0
00023812,200,2022-10-16,0
00023813,50,2024-06-12,0
00023814,200,2023-05-17,0
00023815,500,2024-07-07,0
00023816,500,2023-06-19,0
00023817,100,2025-09-11,0
00023818,150,2022-08-10,0
00023819,500,2022-06-10,0
00023820,500,2023-02-10,2500
00023821,150,2024-07-28,100000
00023822,50,2025-04-25,0
00023823,200,2024-05-20,0
00023824,200,2024-04-18,0
00023825,500,2022-06-25,0
00023826,500,2023-05-07,0
00023827,200,2022-02-14,0
00023828,200,2022-06-08,0
00023829,150,2023-11-30,0
00023830,200,2023-12-06,0
00023831,500,2023-02-05,0
00023832,200,2025-01-01,0
00023833,200,2023-06-29,0
00023834,500,2023-02-08,0
00023835,150,2023-09-21,0
00023836,50,2023-01-10,0
00023837,500,2023-11-17,0
00023838,150,2025-04-30,0
00023839,50,2022-04-26,0
00023840,200,2022-08-10,0
00023841,200,2024-02-13,0
00023842,100,2023-10-04,0
00023843,50,2023-02-03,0
00023844,500,2022-05-21,0
00023845,500,2023-02-18,0
00023846,50,2024-08-15,0
00023847,100,2025-02-07,0
00023848,200,2023-11-05,0
00023849,100,2024-06-30,100
00023850,100,2024-03-17,0
00023851,500,2023-01-02,0
00023852,200,2025-08-20,0
00023853,150,2025-03-17,0
00023854,200,2022-07-04,0
00023855,100,2023-09-28,0
00023856,200,2024-08-29,0
00023857,200,2022-03-31,200
00023858,50,2025-07-03,0
00023859,200,2022-09-27,0
00023860,100,2022-06-12,0
00023861,150,2024-10-05,0
00023862,100,2024-03-10,0
00023863,100,2024-07-22,0
00023864,50,2024-04-04,0
00023865,200,2024-05-16,0
00023866,200,2024-01-02,0
00023867,150,2025-01-14,0
00023868,150,2023-01-12,0
00023869,500,2022-06-21,0
00023870,100,2024-06-25,0
00023871,200,2023-02-01,0
00023872,150,2024-04-29,0
00023873,50,2022-11-23,0
00023874,100,2023-09-06,0
00023875,200,2024-06-04,0
00023876,150,2022-06-03,0
00023877,200,2025-10-02,0
00023878,100,2022-05-14,0
00023879,500,2022-06-20,0
00023880,200,2024-12-12,0
00023881,500,2025-12-07,0
00023882,100,2024-10-24,0
00023883,200,2024-06-05,0
00023884,100,2023-01-01,0
00023885,200,2022-06-22,0
00023886,50,2023-03-18,0
00023887,50,2025-08-07,0
00023888,100,2024-04-13,0
00023889,500,2023-08-12,0
00023890,150,2025-05-23,0
00023891,500,2023-02-26,0
00023892,200,2023-07-26,0
00023893,100,2022-12-13,0
00023894,150,2024-07-13,0
00023895,500,2023-11-08,0
00023896,150,2023-07-10,0
00023897,200,2025-01-11,0
00023898,100,2024-07-24,0
00023899,50,2023-06-18,250
00023900,500,2022-07-09,0
00023901,50,2024-09-22,100000
00023902,500,2023-08-11,0
00023903,100,2025-08-16,0
00023904,100,2025-04-08,0
00023905,100,2023-07-12,0
00023906,50,2023-09-28,0
00023907,150,2023-10-22,0
00023908,150,2024-08-19,0
00023909,100,2022-04-12,500
00023910,50,2024-02-24,0
00023911,500,2022-03-31,0
00023912,500,2023-01-07,0
00023913,100,2025-06-21,0
00023914,200,2025-07-31,0
00023915,200,2023-10-18,0
00023916,500,2025-03-08,0
00023917,100,2025-03-28,0
00023918,200,2025-12-07,0
00023919,500,2025-03-20,100000
00023920,500,2023-09-08,0
00023921,500,2025-08-19,0
00023922,150,2024-11-16,0
00023923,200,2023-08-29,0
00023924,50,2022-05-17,0
00023925,500,2022-01-09,0
00023926,150,2024-04-01,0
00023927,50,2024-05-15,0
00023928,200,2025-05-17,0
00023929,150,2024-10-01,0
00023930,50,2022-03-02,0
00023931,200,2023-05-18,0
00023932,50,2025-11-03,0
00023933,50,2025-02-25,0
00023934,500,2022-09-19,0
00023935,50,2024-03-29,0
00023936,50,2023-12-05,0
00023937,150,2025-06-06,0
00023938,150,2025-06-13,150
00023939,200,2023-12-13,0
00023940,150,2022-05-06,0
00023941,50,2022-05-28,0
00023942,150,2022-02-20,0
00023943,100,2023-10-29,0
00023944,50,2023-08-14,5000
00023945,200,2022-02-18,2000
00023946,100,2023-02-01,0
00023947,500,2024-10-10,0
00023948,100,2025-09-17,0
00023949,500,2022-12-11,0
00023950,100,2023-05-09,0
00023951,50,2022-06-14,0
00023952,200,2023-07-24,0
00023953,50,2022-04-24,0
00023954,150,2023-04-03,0
00023955,200,2022-12-03,0
00023956,150,2023-03-11,0
00023957,100,2025-09-14,0
00023958,50,2025-07-16,0
00023959,150,2024-02-12,0
00023960,100,2025-04-29,0
00023961,100,2023-08-09,0
00023962,100,2022-10-11,0
00023963,200,2023-08-10,0
00023964,100,2024-10-24,0
00023965,100,2023-03-26,0
00023966,100,2022-11-21,0
00023967,50,2025-11-06,0
00023968,100,2022-10-06,0
00023969,200,2023-11-08,0
00023970,200,2025-08-25,0
00023971,150,2024-12-16,0
00023972,150,2025-10-07,0
00023973,200,2023-03-25,100000
00023974,50,2024-11-21,0
00023975,500,2025-12-24,0
00023976,100,2023-08-15,0
00023977,100,2023-07-28,0
00023978,100,2025-05-12,0
00023979,100,2023-12-31,0
00023980,200,2024-01-29,0
00023981,500,2025-11-26,0
00023982,100,2022-03-05,0
00023983,100,2025-04-20,0
00023984,150,2025-06-19,0
00023985,50,2025-05-26,0
00023986,100,2024-04-14,0
00023987,500,2024-01-24,0
00023988,150,2023-12-17,0
00023989,500,2023-10-01,0
00023990,150,2022-10-16,0
00023991,500,2025-08-15,0
00023992,100,2024-09-28,0
00023993,500,2023-01-21,0
00023994,100,2023-02-23,0
00023995,150,2024-12-27,0
00023996,200,2025-10-11,0
00023997,200,2025-07-30,0
00023998,100,2024-10-05,0
00023999,50,2023-04-20,0
00024000,100,2022-06-06,0
00024001,200,2023-11-07,0
00024002,100,2024-05-10,0
00024003,200,2025-11-23,0
00024004,200,2024-06-29,0
00024005,200,2022-03-13,0
00024006,50,2024-09-07,100000
00024007,50,2025-08-28,0
00024008,100,2023-04-09,0
00024009,200,2022-12-08,0
00024010,150,2023-11-21,750
00024011,150,2025-02-02,0
00024012,50,2025-12-18,0
00024013,150,2022-06-20,750
00024014,200,2023-01-30,0
00024015,100,2022-02-18,0
00024016,100,2022-09-28,10000
00024017,100,2025-01-11,0
00024018,100,2025-07-15,0
00024019,50,2024-03-23,0
00024020,500,2025-11-25,0
00024021,200,2024-05-12,0
00024022,200,2022-02-03,0
00024023,200,2023-08-05,0
00024024,500,2024-04-14,0
00024025,500,2025-06-04,0
00024026,200,2023-10-03,0
00024027,500,2022-07-21,0
00024028,500,2025-03-11,0
00024029,500,2022-06-15,500
00024030,100,2025-06-20,0
00024031,150,2025-04-06,0
00024032,500,2023-01-25,0
00024033,500,2023-05-17,0
00024034,200,2024-01-26,0
00024035,500,2024-03-06,0
00024036,500,2024-03-22,0
00024037,100,2022-04-24,0
00024038,50,2023-05-12,0
00024039,50,2024-03-22,0
00024040,100,2023-02-17,0
00024041,500,2025-11-16,0
00024042,500,2022-05-25,0
00024043,500,2024-02-12,0
00024044,50,2022-06-01,0
00024045,200,2023-08-24,0
00024046,150,2024-04-25,0
00024047,500,2022-10-29,0
00024048,200,2024-02-07,0
00024049,500,2024-08-25,0
00024050,200,2025-04-12,100000
00024051,50,2022-01-08,0
00024052,50,2023-02-12,0
00024053,200,2022-03-24,0
00024054,500,2024-10-29,0
00024055,500,2023-09-19,0
00024056,100,2025-02-27,1000
00024057,500,2024-07-30,0
00024058,50,2024-01-18,0
00024059,500,2024-12-19,0
00024060,500,2023-03-30,0
00024061,100,2025-06-30,0
00024062,150,2023-07-12,0
00024063,100,2023-05-03,0
00024064,50,2024-06-02,50
00024065,50,2025-09-21,0
00024066,200,2022-10-31,0
00024067,500,2025-07-01,0
00024068,100,2025-12-30,0
00024069,50,2022-09-16,0
00024070,50,2022-03-22,500
00024071,50,2022-01-12,0
00024072,50,2025-05-12,0
00024073,500,2023-09-12,0
00024074,50,2023-07-31,0
00024075,100,2025-12-03,10000
00024076,200,2025-10-10,0
00024077,200,2025-10-05,0
00024078,50,2022-03-09,500
00024079,150,2023-02-16,1500
00024080,100,2022-10-03,0
00024081,200,2023-11-01,0
00024082,100,2022-12-03,0
00024083,150,2024-09-13,0
00024084,100,2025-08-11,0
00024085,50,2024-09-13,0
00024086,100,2023-02-06,0
00024087,100,2024-07-27,0
00024088,150,2022-03-22,0
00024089,150,2023-09-25,0
00024090,150,2024-11-19,0
00024091,200,2025-09-25,0
00024092,500,2023-03-15,0
00024093,50,2022-05-31,0
00024094,200,2024-11-15,0
00024095,200,2023-04-03,0
00024096,200,2023-02-14,0
00024097,100,2025-09-08,0
00024098,150,2025-01-21,0
00024099,100,2024-04-05,0
00024100,50,2024-06-28,0
00024101,50,2023-03-10,0
00024102,500,2025-02-15,0
00024103,50,2022-10-22,0
00024104,200,2025-02-11,0
00024105,100,2025-10-09,0
00024106,100,2025-10-19,0
00024107,150,2024-12-20,0
00024108,100,2023-07-15,0
00024109,100,2025-09-06,0
00024110,150,2022-09-26,0
00024111,150,2022-06-05,1500
00024112,150,2022-10-17,0
00024113,50,2024-01-14,0
00024114,200,2023-11-23,0
00024115,200,2024-05-12,20000
00024116,50,2025-07-18,0
00024117,150,2022-09-12,0
00024118,100,2023-09-11,0
00024119,50,2025-01-13,0
00024120,500,2025-01-03,0
00024121,500,2023-02-14,0
00024122,500,2022-02-24,0
00024123,50,2024-06-10,0
00024124,150,2024-03-09,0
00024125,500,2022-01-22,0
00024126,100,2024-03-14,0
00024127,500,2024-08-31,0
00024128,500,2023-12-09,0
00024129,50,2024-07-01,0
00024130,200,2025-09-20,0
00024131,200,2022-08-23,0
00024132,200,2025-11-02,0
00024133,500,2023-10-30,0
00024134,500,2024-07-23,0
00024135,150,2024-05-26,0
00024136,200,2024-01-23,0
00024137,50,2023-01-10,0
00024138,100,2024-08-26,0
00024139,200,2025-12-01,0
00024140,500,2023-07-23,0
00024141,500,2023-01-11,0
00024142,150,2023-10-04,0
00024143,100,2023-08-27,0
00024144,200,2025-09-30,0
00024145,100,2022-03-25,500
00024146,200,2025-09-19,0
00024147,100,2024-01-12,0
00024148,100,2025-10-12,0
00024149,100,2024-09-20,0
00024150,150,2022-12-21,0
00024151,50,2023-08-13,0
00024152,150,2023-04-11,0
00024153,150,2022-11-21,15000
00024154,50,2023-11-23,0
00024155,200,2022-10-03,0
00024156,200,2024-07-19,0
00024157,100,2022-03-31,0
00024158,50,2022-10-25,0
00024159,50,2023-01-29,250
00024160,100,2022-04-10,0
00024161,200,2024-08-07,0
00024162,50,2022-02-27,0
00024163,100,2022-07-02,0
00024164,100,2023-01-05,0
00024165,500,2023-09-25,100000
00024166,500,2023-11-25,0
00024167,50,2024-05-29,0
00024168,200,2022-09-09,0
00024169,50,2024-02-26,0
00024170,500,2024-12-30,0
00024171,150,2025-01-17,15000
00024172,200,2024-02-21,0
00024173,200,2022-10-15,0
00024174,50,2025-09-24,0
00024175,200,2023-10-23,2000
00024176,50,2022-09-29,0
00024177,150,2023-05-28,0
00024178,100,2024-09-15,500
00024179,50,2023-09-14,0
00024180,100,2023-04-28,0
00024181,200,2024-12-18,0
00024182,50,2022-02-25,100000
00024183,150,2023-07-10,0
00024184,50,2024-04-13,0
00024185,100,2023-11-29,0
00024186,200,2023-05-07,0
00024187,500,2025-09-03,0
00024188,100,2023-10-26,0
00024189,100,2025-08-29,0
00024190,50,2024-03-15,0
00024191,100,2024-10-07,0
00024192,50,2022-09-23,0
00024193,50,2025-07-14,0
00024194,200,2023-05-20,0
00024195,200,2024-05-08,0
00024196,50,2023-05-11,100000
00024197,200,2024-06-10,100000
00024198,50,2023-07-05,0
00024199,200,2022-02-14,2000
00024200,500,2023-04-30,0
00024201,500,2025-04-01,0
00024202,100,2023-07-15,0
00024203,500,2022-05-19,0
00024204,200,2022-06-24,0
00024205,50,2023-01-18,0
00024206,200,2025-06-02,0
00024207,100,2024-05-03,0
00024208,100,2023-10-27,0
00024209,150,2024-07-01,0
00024210,50,2025-06-23,0
00024211,150,2025-07-20,0
00024212,50,2024-12-03,0
00024213,500,2022-03-20,0
00024214,50,2023-04-21,0
00024215,150,2022-01-28,0
00024216,50,2025-12-24,0
00024217,50,2024-05-02,0
00024218,50,2023-05-18,0
00024219,100,2023-05-24,0
00024220,150,2023-10-24,0
00024221,100,2024-12-29,500
00024222,100,2022-12-31,0
00024223,200,2023-06-12,0
00024224,150,2024-11-11,1500
00024225,500,2023-07-14,0
00024226,50,2023-11-04,0
00024227,500,2024-04-19,0
00024228,150,2025-06-07,0
00024229,200,2024-08-13,0
00024230,50,2025-07-14,0
00024231,500,2023-06-01,0
00024232,200,2025-09-01,0
00024233,500,2025-11-15,500
00024234,500,2022-07-23,0
00024235,200,2022-05-08,0
00024236,100,2025-11-26,0
00024237,100,2022-10-30,0
00024238,500,2025-04-12,0
00024239,200,2022-05-18,0
00024240,50,2024-04-19,0
00024241,500,2024-03-14,0
00024242,50,2022-02-07,0
00024243,50,2023-01-09,0
00024244,500,2024-07-12,0
00024245,200,2023-09-14,0
00024246,200,2022-01-15,0
00024247,500,2024-04-18,0
00024248,50,2024-04-06,0
00024249,50,2022-10-18,0
00024250,200,2022-10-03,0
00024251,500,2023-12-12,5000
00024252,50,2024-05-14,0
00024253,100,2024-10-24,0
00024254,50,2022-12-25,0
00024255,50,2023-07-17,0
00024256,100,2024-12-12,0
00024257,150,2024-10-19,0
00024258,500,2024-09-23,0
00024259,50,2023-03-08,0
00024260,500,2022-05-31,0
00024261,500,2022-02-14,0
00024262,150,2024-02-10,0
00024263,150,2025-11-05,0
00024264,50,2022-03-29,0
00024265,100,2024-07-10,0
00024266,100,2025-06-04,100
00024267,150,2022-09-12,0
00024268,50,2023-01-05,0
00024269,150,2024-12-05,0
00024270,500,2023-08-20,2500
00024271,200,2025-07-20,0
00024272,100,2024-02-08,0
00024273,100,2022-07-05,0
00024274,150,2025-04-13,0
00024275,50,2024-08-12,0
00024276,500,2022-11-24,0
00024277,100,2022-08-11,0
00024278,100,2025-01-19,0
00024279,100,2022-10-02,0
00024280,500,2023-03-23,0
00024281,50,2023-09-30,0
00024282,100,2022-06-12,1000
00024283,200,2025-04-06,0
00024284,50,2023-06-12,0
00024285,500,2024-12-28,0
00024286,100,2022-06-10,0
00024287,100,2022-02-05,0
00024288,50,2023-10-06,0
00024289,500,2023-12-02,0
00024290,150,2023-05-16,0
00024291,100,2024-11-19,0
00024292,50,2022-09-24,0
00024293,500,2023-03-05,0
00024294,500,2024-11-11,0
00024295,50,2022-01-07,0
00024296,500,2022-06-14,0
00024297,500,2024-07-12,0
00024298,150,2023-01-01,0
00024299,50,2022-01-13,0
00024300,50,2022-07-27,0
00024301,200,2022-05-05,0
00024302,200,2025-07-28,0
00024303,500,2023-02-08,0
00024304,500,2022-10-30,0
00024305,50,2022-06-13,0
00024306,100,2024-11-10,0
00024307,50,2024-04-30,0
00024308,50,2024-08-08,0
00024309,100,2024-11-28,0
00024310,500,2024-08-07,0
00024311,50,2024-07-20,0
00024312,50,2024-10-28,0
00024313,500,2025-06-25,0
00024314,200,2024-05-08,0
00024315,150,2025-08-09,1500
00024316,200,2024-01-11,0
00024317,100,2023-07-27,0
00024318,50,2022-04-13,0
00024319,200,2025-10-30,0
00024320,50,2024-04-23,250
00024321,200,2024-06-30,0
00024322,500,2025-03-05,0
00024323,150,2023-03-07,0
00024324,200,2022-07-12,0
00024325,500,2024-04-13,0
00024326,50,2023-07-26,0
00024327,100,2025-08-28,0
00024328,500,2024-01-28,0
00024329,500,2023-05-10,500
00024330,150,2025-10-16,0
00024331,500,2022-10-24,0
00024332,500,2023-06-30,0
00024333,500,2025-07-03,0
00024334,50,2024-04-14,0
00024335,50,2022-08-27,0
00024336,200,2022-03-16,0
00024337,50,2022-02-11,0
00024338,100,2022-05-03,0
00024339,200,2023-04-18,0
00024340,200,2024-04-02,0
00024341,200,2022-08-25,0
00024342,150,2024-09-15,0
00024343,50,2023-01-26,0
00024344,100,2025-01-24,0
00024345,150,2022-05-28,0
00024346,200,2025-10-21,0
00024347,100,2025-08-21,0
00024348,200,2022-12-15,0
00024349,500,2022-02-28,0
00024350,100,2023-12-07,0
00024351,100,2022-09-05,0
00024352,50,2025-11-30,0
00024353,50,2022-03-04,0
00024354,500,2022-08-10,0
00024355,500,2024-12-15,0
00024356,150,2024-12-06,0
00024357,200,2022-07-12,0
00024358,50,2022-07-18,500
00024359,500,2022-02-23,0
00024360,50,2022-04-27,0
00024361,50,2022-12-07,500
00024362,150,2025-10-08,0
00024363,500,2024-09-01,0
00024364,500,2024-02-11,0
00024365,150,2023-10-22,0
00024366,150,2024-03-11,0
00024367,50,2025-06-23,0
00024368,100,2023-01-29,0
00024369,50,2022-01-19,0
00024370,200,2023-04-23,0
00024371,200,2025-10-28,0
00024372,150,2024-09-06,0
00024373,50,2024-11-27,50
00024374,500,2025-12-24,50000
00024375,200,2025-01-12,0
00024376,200,2024-12-14,0
00024377,50,2023-08-19,0
00024378,150,2024-03-23,0
00024379,150,2024-01-17,0
00024380,100,2022-05-17,100
00024381,100,2024-04-20,0
00024382,500,2025-06-01,0
00024383,150,2023-01-10,0
00024384,200,2022-05-26,0
00024385,500,2022-05-09,0
00024386,150,2023-12-18,0
00024387,50,2025-10-23,0
00024388,100,2025-06-01,0
00024389,500,2023-05-28,0
00024390,150,2022-01-20,1500
00024391,500,2025-08-17,0
00024392,200,2024-12-13,0
00024393,150,2025-03-29,0
00024394,200,2022-11-24,0
00024395,150,2022-12-13,0
00024396,100,2022-11-02,0
00024397,100,2023-01-21,100000
00024398,500,2022-05-30,0
00024399,500,2023-08-01,0
00024400,200,2022-08-04,0
00024401,150,2022-03-16,0
00024402,100,2025-10-07,0
00024403,150,2022-08-26,0
00024404,100,2025-10-09,0
00024405,50,2022-05-07,0
00024406,150,2022-03-24,0
00024407,200,2023-06-17,0
00024408,50,2025-03-07,0
00024409,500,2023-02-19,0
00024410,500,2024-01-28,0
00024411,50,2022-01-13,0
00024412,200,2025-12-04,0
00024413,200,2022-03-05,0
00024414,100,2023-08-30,0
00024415,50,2024-04-28,0
00024416,500,2023-04-03,0
00024417,200,2025-08-11,0
00024418,200,2024-08-06,0
00024419,500,2024-08-24,0
00024420,200,2024-06-22,0
00024421,50,2025-11-24,0
00024422,100,2022-08-30,0
00024423,200,2025-02-09,0
00024424,500,2025-12-06,0
00024425,100,2024-09-17,0
00024426,50,2022-04-24,0
00024427,500,2025-08-25,0
00024428,200,2023-08-19,0
00024429,200,2023-05-23,0
00024430,200,2024-03-03,0
00024431,150,2024-11-16,0
00024432,200,2023-01-31,200
00024433,100,2024-01-20,0
00024434,500,2023-01-05,0
00024435,200,2024-08-20,0
00024436,200,2023-08-19,0
00024437,100,2022-09-03,0
00024438,500,2022-08-15,0
00024439,150,2024-03-01,15000
00024440,500,2023-01-16,0
00024441,100,2025-09-16,0
00024442,500,2025-12-26,5000
00024443,200,2022-01-08,0
00024444,150,2024-03-01,0
00024445,200,2023-09-02,1000
00024446,150,2024-12-18,0
00024447,50,2022-08-11,0
00024448,500,2025-06-26,0
00024449,50,2024-09-26,0
00024450,50,2025-01-12,0
00024451,500,2022-06-16,0
00024452,100,2024-09-30,0
00024453,50,2022-05-29,0
00024454,100,2024-10-07,0
00024455,50,2024-08-11,0
00024456,100,2024-05-21,500
00024457,100,2022-03-14,0
00024458,200,2023-05-27,0
00024459,100,2023-02-02,0
00024460,500,2022-07-15,0
00024461,500,2024-07-23,0
00024462,50,2022-08-02,0
00024463,100,2022-02-23,0
00024464,200,2024-03-04,100000
00024465,200,2024-07-26,0
00024466,500,2024-06-19,0
00024467,200,2025-05-01,0
00024468,50,2024-02-19,0
00024469,200,2024-09-29,2000
00024470,50,2024-06-06,0
00024471,100,2024-04-13,0
00024472,150,2025-04-04,0
00024473,50,2024-06-30,0
00024474,100,2022-08-16,0
00024475,100,2024-07-14,500
00024476,50,2023-12-27,0
00024477,500,2024-06-28,0
00024478,50,2025-05-27,0
00024479,100,2024-07-28,0
00024480,200,2024-08-30,0
00024481,150,2025-03-08,0
00024482,500,2023-06-15,0
00024483,200,2024-11-30,0
00024484,50,2024-07-05,0
00024485,150,2022-01-20,0
00024486,500,2023-12-15,0
00024487,50,2022-09-20,50
00024488,100,2024-02-13,0
00024489,200,2023-05-25,0
00024490,50,2023-07-08,0
00024491,500,2024-07-23,0
00024492,150,2024-12-13,0
00024493,500,2022-09-15,0
00024494,200,2025-02-10,0
00024495,100,2025-11-08,0
00024496,500,2023-04-24,0
00024497,500,2025-11-03,0
00024498,500,2024-10-03,0
00024499,500,2023-03-15,0
00024500,200,2023-06-29,0
00024501,150,2022-05-19,750
00024502,200,2022-05-17,0
00024503,500,2022-05-16,0
00024504,500,2025-12-28,0
00024505,200,2023-10-08,0
00024506,150,2023-01-27,0
00024507,500,2025-12-10,0
00024508,200,2024-05-26,0
00024509,200,2023-04-13,0
00024510,100,2024-05-13,0
00024511,150,2022-11-28,0
00024512,200,2024-07-10,0
00024513,50,2022-06-28,0
00024514,100,2023-02-18,0
00024515,100,2024-09-21,0
00024516,150,2023-05-06,0
00024517,200,2022-05-29,0
00024518,200,2022-10-18,0
00024519,200,2024-03-31,0
00024520,200,2024-12-18,0
00024521,150,2024-12-04,0
00024522,150,2024-02-26,0
00024523,50,2023-04-15,50
00024524,200,2024-04-02,0
00024525,50,2022-11-11,0
00024526,200,2022-10-21,0
00024527,150,2022-08-29,0
00024528,150,2024-04-21,100000
00024529,50,2022-06-05,0
00024530,500,2022-01-30,0
00024531,50,2022-04-30,0
00024532,150,2025-04-30,0
00024533,150,2025-11-07,750
00024534,200,2023-03-22,0
00024535,100,2024-05-30,0
00024536,100,2024-08-30,0
00024537,150,2025-07-17,0
00024538,100,2023-01-14,0
00024539,50,2022-11-21,0
00024540,150,2024-03-07,0
00024541,100,2023-08-04,0
00024542,200,2025-11-10,0
00024543,200,2023-11-19,0
00024544,150,2024-01-01,0
00024545,50,2022-10-23,0
00024546,50,2024-08-22,0
00024547,50,2022-03-30,0
00024548,200,2023-09-19,200
00024549,200,2024-07-10,0
00024550,50,2024-02-03,0
00024551,200,2025-06-04,0
00024552,100,2023-08-11,0
00024553,500,2024-10-11,0
00024554,50,2023-10-10,0
00024555,150,2022-02-04,0
00024556,200,2024-04-29,0
00024557,500,2024-02-10,0
00024558,500,2023-01-10,100000
00024559,50,2025-03-13,0
00024560,100,2023-07-19,0
00024561,50,2023-08-02,0
00024562,200,2024-01-20,0
00024563,150,2022-06-12,0
00024564,50,2025-12-29,0
00024565,200,2022-04-14,1000
00024566,100,2022-11-07,0
00024567,150,2025-12-28,0
00024568,500,2025-06-21,0
00024569,200,2022-10-03,0
00024570,150,2022-07-19,0
00024571,500,2025-09-08,5000
00024572,500,2025-10-19,0
00024573,500,2025-06-03,0
00024574,200,2024-01-09,0
00024575,500,2024-02-22,0
00024576,200,2025-06-09,0
00024577,50,2025-11-18,100000
00024578,100,2025-10-24,0
00024579,200,2024-01-13,0
00024580,50,2022-12-16,0
00024581,500,2024-08-27,0
00024582,50,2025-10-21,0
00024583,150,2024-08-29,0
00024584,500,2024-03-03,0
00024585,50,2023-04-11,0
00024586,50,2023-06-05,50
00024587,500,2024-04-15,0
00024588,500,2023-04-20,0
00024589,150,2025-07-23,0
00024590,150,2023-01-12,0
00024591,500,2023-03-23,0
00024592,500,2022-06-20,0
00024593,50,2022-11-05,0
00024594,500,2023-11-18,0
00024595,150,2023-03-16,0
00024596,150,2022-09-02,0
00024597,200,2024-04-28,0
00024598,100,2025-09-07,100000
00024599,150,2024-03-13,0
00024600,50,2025-06-10,250
00024601,500,2025-01-27,0
00024602,150,2022-05-21,150
00024603,50,2025-07-27,0
00024604,50,2024-01-05,5000
00024605,50,2023-11-18,0
00024606,150,2022-11-06,0
00024607,200,2025-10-05,0
00024608,150,2022-05-13,0
00024609,150,2024-01-03,0
00024610,500,2025-01-02,0
00024611,150,2024-06-03,0
00024612,500,2022-02-13,0
00024613,500,2022-02-21,0
00024614,150,2025-07-02,0
00024615,100,2024-02-19,100
00024616,500,2024-01-26,0
00024617,200,2023-07-21,0
00024618,100,2024-09-22,0
00024619,500,2022-08-08,0
00024620,100,2023-03-04,1000
00024621,500,2024-12-28,0
00024622,100,2024-04-30,0
00024623,50,2022-12-25,0
00024624,150,2023-07-03,0
00024625,150,2025-02-28,0
00024626,500,2024-07-04,0
00024627,100,2024-04-23,0
00024628,200,2022-03-19,0
00024629,150,2024-04-20,0
00024630,150,2023-08-05,0
00024631,100,2022-10-27,0
00024632,50,2025-12-26,0
00024633,500,2022-06-30,0
00024634,200,2022-03-30,0
00024635,500,2024-04-21,0
00024636,100,2025-03-03,0
00024637,200,2022-07-07,0
00024638,50,2023-10-27,0
00024639,50,2022-01-15,0
00024640,150,2025-07-09,0
00024641,500,2025-11-05,0
00024642,100,2022-01-19,0
00024643,500,2024-11-15,0
00024644,50,2022-04-11,0
00024645,200,2024-08-13,0
00024646,150,2024-07-04,0
00024647,150,2024-01-12,0
00024648,150,2024-02-29,0
00024649,100,2025-03-24,0
00024650,200,2024-05-02,0
00024651,200,2025-12-12,0
00024652,150,2023-11-22,0
00024653,150,2025-06-22,0
00024654,50,2025-04-01,0
00024655,500,2025-02-01,0
00024656,50,2025-04-16,0
00024657,500,2022-05-06,0
00024658,50,2023-03-17,0
00024659,200,2024-04-11,0
00024660,100,2025-11-23,0
00024661,50,2022-04-23,0
00024662,150,2023-05-24,15000
00024663,50,2023-05-05,0
00024664,100,2023-07-20,0
00024665,200,2024-05-07,0
00024666,200,2025-02-07,0
00024667,200,2022-01-11,0
00024668,150,2022-07-03,150
00024669,500,2025-09-15,0
00024670,50,2024-08-20,0
00024671,500,2025-06-11,0
00024672,200,2022-12-17,0
00024673,500,2023-11-25,0
00024674,150,2025-07-17,0
00024675,100,2023-06-13,0
00024676,150,2025-03-20,150
00024677,50,2022-04-19,0
00024678,150,2024-10-05,0
00024679,50,2023-11-17,0
00024680,100,2025-08-29,0
00024681,150,2025-04-28,0
00024682,100,2025-07-05,0
00024683,200,2024-02-07,1000
00024684,200,2025-02-17,0
00024685,100,2025-02-28,0
00024686,100,2024-11-04,0
00024687,100,2024-02-09,0
00024688,100,2023-05-31,0
00024689,50,2022-05-11,0
00024690,100,2023-12-31,0
00024691,50,2025-08-23,0
00024692,50,2024-06-02,0
00024693,150,2023-03-10,0
00024694,50,2023-12-09,0
00024695,200,2025-03-13,0
00024696,50,2023-07-20,0
00024697,200,2025-02-16,0
00024698,100,2023-11-26,0
00024699,100,2025-07-03,0
00024700,50,2025-04-05,0
00024701,100,2025-10-28,0
00024702,50,2022-07-07,0
00024703,50,2024-01-23,0
00024704,100,2024-05-28,0
00024705,100,2022-08-19,0
00024706,150,2022-11-18,0
00024707,50,2023-12-02,0
00024708,500,2025-07-06,0
00024709,200,2025-05-16,0
00024710,200,2022-01-15,0
00024711,200,2022-03-22,0
00024712,500,2025-06-23,0
00024713,50,2023-04-22,250
00024714,500,2025-01-07,0
00024715,500,2024-12-01,0
00024716,200,2023-02-03,0
00024717,150,2022-07-25,0
00024718,50,2025-10-07,0
00024719,150,2024-02-15,0
00024720,150,2023-10-03,0
00024721,200,2022-03-15,0
00024722,150,2022-11-15,0
00024723,200,2023-03-03,0
00024724,150,2022-05-20,0
00024725,100,2022-08-13,0
00024726,500,2022-06-16,0
00024727,100,2023-01-28,0
00024728,50,2023-10-01,0
00024729,150,2022-04-27,0
00024730,200,2023-07-11,0
00024731,150,2024-06-06,0
00024732,100,2024-01-16,0
00024733,100,2022-10-07,0
00024734,500,2023-01-11,0
00024735,50,2024-08-21,0
00024736,50,2025-10-05,0
00024737,500,2024-02-28,0
00024738,200,2024-11-06,0
00024739,100,2025-07-29,0
00024740,150,2023-10-24,0
00024741,50,2022-12-05,0
00024742,50,2025-07-09,0
00024743,50,2023-07-06,0
00024744,50,2025-04-01,0
00024745,100,2024-05-16,0
00024746,200,2022-03-27,1000
00024747,50,2024-01-23,0
00024748,500,2023-06-26,0
00024749,200,2023-08-03,0
00024750,50,2022-05-08,500
00024751,100,2025-08-08,500
00024752,100,2022-12-01,0
00024753,200,2023-09-05,0
00024754,100,2023-03-30,0
00024755,100,2023-09-01,0
00024756,150,2022-03-12,0
00024757,100,2024-10-28,0
00024758,100,2023-09-16,0
00024759,150,2025-06-27,0
00024760,100,2025-12-25,0
00024761,100,2023-10-16,0
00024762,200,2024-08-31,0
00024763,100,2022-11-19,0
00024764,200,2022-05-10,0
00024765,500,2023-06-08,0
00024766,150,2022-09-07,0
00024767,150,2025-10-10,0
00024768,200,2022-03-23,0
00024769,100,2024-10-27,0
00024770,150,2023-12-18,0
00024771,150,2025-03-16,0
00024772,500,2025-03-05,0
00024773,50,2023-03-27,0
00024774,200,2024-07-29,0
00024775,150,2023-07-15,0
00024776,500,2023-12-17,0
00024777,500,2023-11-16,0
00024778,500,2022-08-03,0
00024779,50,2023-04-02,0
00024780,500,2023-03-02,0
00024781,50,2023-01-17,0
00024782,200,2022-07-27,0
00024783,200,2024-05-09,0
00024784,50,2025-03-22,0
00024785,50,2025-08-02,100000
00024786,500,2025-07-26,0
00024787,100,2022-07-12,0
00024788,150,2022-10-17,0
00024789,50,2022-01-04,0
00024790,200,2023-08-04,0
00024791,500,2025-01-24,0
00024792,500,2024-09-08,500
00024793,150,2023-06-08,0
00024794,50,2023-07-16,0
00024795,500,2022-04-19,50000
00024796,200,2024-04-20,0
00024797,50,2023-10-07,0
00024798,500,2023-05-24,0
00024799,200,2022-11-15,0
00024800,100,2023-05-09,0
00024801,100,2024-02-28,0
00024802,200,2025-03-19,0
00024803,500,2025-10-24,0
00024804,150,2025-11-25,0
00024805,500,2022-10-21,5000
00024806,500,2025-02-15,0
00024807,50,2024-08-15,0
00024808,100,2024-01-25,0
00024809,50,2024-04-17,0
00024810,500,2025-10-28,50000
00024811,200,2022-12-06,0
00024812,100,2024-01-17,0
00024813,100,2022-03-23,0
00024814,200,2024-05-05,0
00024815,100,2023-11-28,0
00024816,200,2022-01-24,200
00024817,50,2025-01-31,0
00024818,200,2024-01-19,0
00024819,500,2024-11-14,0
00024820,100,2024-09-07,0
00024821,150,2024-11-15,0
00024822,500,2023-04-04,0
00024823,200,2024-11-18,0
00024824,500,2024-08-22,0
00024825,200,2023-02-25,0
00024826,150,2023-04-22,0
00024827,200,2025-11-21,0
00024828,200,2022-01-25,0
00024829,200,2025-07-13,0
00024830,200,2025-03-04,0
00024831,200,2022-10-17,0
00024832,50,2023-02-20,0
00024833,50,2025-12-23,0
00024834,500,2025-03-26,0
00024835,200,2024-01-27,0
00024836,50,2023-01-17,0
00024837,150,2024-09-16,0
00024838,100,2023-02-08,0
00024839,150,2025-06-06,0
00024840,50,2025-01-15,0
00024841,50,2024-06-09,0
00024842,100,2025-07-02,0
00024843,100,2024-03-22,0
00024844,50,2023-07-10,0
00024845,200,2024-09-30,0
00024846,150,2023-11-25,0
00024847,500,2023-07-19,0
00024848,500,2023-04-11,0
00024849,50,2025-01-14,0
00024850,500,2024-12-09,0
00024851,50,2025-04-15,0
00024852,100,2022-02-10,0
00024853,200,2023-08-07,0
00024854,500,2022-05-14,0
00024855,150,2023-12-28,0
00024856,150,2025-12-24,0
00024857,50,2025-07-06,0
00024858,150,2023-10-21,0
00024859,150,2022-02-27,0
00024860,100,2022-04-15,0
00024861,200,2023-02-15,0
00024862,200,2024-04-18,1000
00024863,200,2024-11-27,0
00024864,100,2023-05-27,0
00024865,50,2025-08-11,0
00024866,500,2023-03-05,0
00024867,100,2022-03-23,0
00024868,500,2022-09-15,0
00024869,150,2024-12-10,0
00024870,200,2024-08-11,0
00024871,100,2025-07-12,0
00024872,150,2024-10-28,0
00024873,500,2024-12-02,0
00024874,200,2022-10-09,0
00024875,50,2024-06-17,0
00024876,150,2022-01-14,0
00024877,50,2025-11-09,0
00024878,200,2022-05-14,0
00024879,500,2024-11-24,50000
00024880,500,2025-08-07,0
00024881,50,2023-04-22,50
00024882,150,2022-12-01,0
00024883,200,2023-02-15,0
00024884,200,2023-06-02,0
00024885,500,2024-03-07,0
00024886,500,2024-02-13,0
00024887,50,2022-05-05,0
00024888,200,2025-01-28,0
00024889,50,2022-12-18,0
00024890,500,2023-06-11,0
00024891,200,2024-05-19,0
00024892,150,2024-11-15,0
00024893,500,2024-11-08,0
00024894,500,2022-05-14,0
00024895,100,2024-09-15,100000
00024896,50,2023-08-07,0
00024897,50,2024-12-04,0
00024898,150,2024-05-02,0
00024899,100,2023-05-01,0
00024900,500,2025-10-12,0
00024901,200,2024-10-18,0
00024902,50,2022-03-13,0
00024903,100,2025-10-24,0
00024904,200,2022-05-01,0
00024905,500,2025-09-19,0
00024906,500,2024-01-03,0
00024907,100,2022-04-18,0
00024908,150,2024-01-22,0
00024909,500,2022-03-12,0
00024910,100,2023-12-20,0
00024911,100,2025-08-03,1000
00024912,200,2025-08-17,0
00024913,50,2025-02-07,0
00024914,100,2025-09-10,0
00024915,100,2022-01-05,0
00024916,100,2022-04-21,0
00024917,100,2025-07-07,0
00024918,200,2023-06-17,0
00024919,500,2023-07-19,0
00024920,200,2022-07-26,0
00024921,150,2025-08-16,0
00024922,500,2025-01-01,0
00024923,50,2025-11-23,0
00024924,100,2022-08-29,0
00024925,50,2023-02-12,100000
00024926,500,2023-01-14,0
00024927,150,2024-04-04,0
00024928,50,2022-06-28,0
00024929,50,2022-12-15,0
00024930,150,2023-03-06,0
00024931,500,2022-01-31,0
00024932,50,2022-11-25,0
00024933,200,2022-05-28,0
00024934,200,2025-01-22,0
00024935,100,2025-11-16,0
00024936,500,2023-05-27,0
00024937,100,2023-07-19,0
00024938,150,2022-10-09,0
00024939,100,2025-10-02,0
00024940,200,2025-10-25,0
00024941,50,2024-03-06,0
00024942,50,2023-07-16,0
00024943,200,2024-04-30,0
00024944,200,2023-11-25,0
00024945,50,2024-09-05,0
00024946,50,2025-11-12,0
00024947,50,2024-04-16,0
00024948,150,2022-04-23,0
00024949,50,2023-08-05,0
00024950,50,2024-02-12,0
00024951,50,2023-06-24,0
00024952,50,2024-03-09,0
00024953,150,2023-11-23,0
00024954,100,2022-01-14,100000
00024955,150,2022-05-12,0
00024956,150,2023-06-04,0
00024957,200,2022-07-18,0
00024958,150,2024-04-14,0
00024959,200,2022-01-06,0
00024960,100,2024-11-13,0
00024961,500,2024-11-27,0
00024962,100,2025-07-04,0
00024963,100,2025-12-28,0
00024964,200,2024-06-19,0
00024965,500,2025-02-02,0
00024966,150,2023-02-22,0
00024967,100,2023-12-27,0
00024968,50,2024-10-13,250
00024969,150,2024-10-22,0
00024970,50,2025-10-21,0
00024971,150,2024-02-06,0
00024972,150,2022-10-03,0
00024973,500,2025-06-21,0
00024974,50,2024-10-31,0
00024975,100,2022-01-27,0
00024976,200,2022-07-07,0
00024977,500,2022-02-24,0
00024978,50,2022-08-01,0
00024979,100,2022-05-15,0
00024980,200,2022-09-09,200
00024981,200,2025-11-13,0
00024982,100,2025-03-16,0
00024983,200,2024-08-23,0
00024984,200,2025-12-13,0
00024985,200,2024-11-13,2000
00024986,500,2023-02-03,0
00024987,100,2025-05-01,0
00024988,150,2025-01-18,0
00024989,150,2024-06-23,0
00024990,50,2025-01-14,0
00024991,150,2024-09-25,15000
00024992,50,2023-10-17,0
00024993,150,2024-12-04,0
00024994,200,2023-06-02,0
00024995,100,2025-12-31,0
00024996,200,2025-04-17,0
00024997,50,2024-12-29,0
00024998,50,2023-10-29,0
00024999,500,2025-06-09,0
00025000,500,2025-06-16,0
00025001,100,2024-03-05,0
00025002,100,2022-04-17,0
00025003,200,2022-11-19,2000
00025004,500,2022-10-04,0
00025005,50,2023-12-13,0
00025006,200,2023-03-01,0
00025007,50,2022-05-19,0
00025008,500,2024-06-29,0
00025009,100,2025-11-23,0
00025010,150,2024-09-04,750
00025011,150,2025-02-14,0
00025012,500,2025-06-14,0
00025013,500,2025-12-05,0
00025014,200,2023-04-25,0
00025015,100,2022-07-31,0
00025016,500,2024-07-01,0
00025017,500,2022-07-29,0
00025018,500,2024-01-28,0
00025019,500,2023-05-28,2500
00025020,150,2023-04-14,150
00025021,500,2023-12-28,0
00025022,100,2023-07-20,0
00025023,500,2025-12-22,0
00025024,200,2023-11-27,0
00025025,500,2024-08-28,5000
00025026,150,2022-11-08,0
00025027,100,2025-09-16,0
00025028,50,2025-06-24,0
00025029,150,2024-02-06,0
00025030,100,2022-03-13,0
00025031,50,2023-10-20,0
00025032,200,2025-01-29,0
00025033,500,2022-04-17,0
00025034,200,2023-07-14,0
00025035,100,2025-01-20,0
00025036,50,2025-01-09,0
00025037,200,2024-07-14,0
00025038,100,2025-03-16,0
00025039,150,2022-06-07,0
00025040,150,2023-03-29,0
00025041,500,2022-08-09,0
00025042,200,2022-04-26,0
00025043,100,2024-02-29,0
00025044,50,2024-04-18,0
00025045,100,2024-10-14,0
00025046,150,2024-07-19,0
00025047,500,2025-04-05,0
00025048,200,2024-08-21,0
00025049,50,2024-07-17,250
00025050,100,2025-04-25,0
00025051,150,2022-09-30,0
00025052,150,2025-10-12,0
00025053,150,2025-11-17,0
00025054,150,2024-06-28,0
00025055,500,2022-09-09,0
00025056,50,2022-03-16,0
00025057,200,2023-10-19,0
00025058,150,2023-05-15,1500
00025059,50,2024-09-14,0
00025060,150,2023-02-12,0
00025061,500,2023-02-22,0
00025062,100,2025-09-17,0
00025063,50,2024-08-31,0
00025064,150,2025-05-26,0
00025065,100,2023-12-22,0
00025066,100,2023-08-09,0
00025067,500,2023-09-06,0
00025068,100,2023-05-21,0
00025069,500,2025-04-22,50000
00025070,50,2022-03-17,0
00025071,200,2024-12-11,0
00025072,50,2025-01-22,0
00025073,500,2023-05-13,0
00025074,500,2025-11-04,0
00025075,150,2023-06-18,0
00025076,150,2024-10-19,0
00025077,50,2022-10-01,0
00025078,150,2022-04-24,0
00025079,500,2023-06-23,0
00025080,150,2025-02-05,0
00025081,200,2022-01-14,0
00025082,500,2022-07-09,0
00025083,50,2025-01-25,0
00025084,100,2022-09-23,0
00025085,100,2023-11-01,0
00025086,150,2022-04-17,0
00025087,100,2023-01-23,0
00025088,150,2023-07-14,1500
00025089,500,2025-09-30,0
00025090,500,2025-06-14,0
00025091,100,2023-02-07,0
00025092,500,2024-09-23,0
00025093,100,2023-10-31,0
00025094,50,2023-10-31,0
00025095,500,2022-11-27,0
00025096,500,2024-12-23,0
00025097,150,2025-03-10,0
00025098,50,2023-08-03,0
00025099,500,2022-01-25,0
00025100,500,2023-11-16,5000
00025101,200,2024-09-26,0
00025102,150,2022-10-01,0
00025103,100,2024-08-05,0
00025104,50,2024-04-30,0
00025105,150,2024-08-06,100000
00025106,200,2022-05-03,0
00025107,100,2024-12-22,0
00025108,50,2023-07-10,0
00025109,500,2025-06-02,0
00025110,100,2025-06-24,0
00025111,150,2024-06-26,0
00025112,100,2025-07-25,0
00025113,200,2025-05-18,0
00025114,100,2024-11-11,1000
00025115,200,2022-03-25,0
00025116,50,2023-02-12,0
00025117,200,2022-01-23,0
00025118,500,2022-08-11,0
00025119,50,2024-10-06,0
00025120,200,2022-02-13,0
00025121,200,2025-04-01,0
00025122,200,2023-03-20,100000
00025123,50,2022-12-21,0
00025124,50,2023-04-13,0
00025125,100,2023-01-08,0
00025126,150,2024-09-22,0
00025127,50,2025-02-28,250
00025128,100,2022-10-02,500
00025129,500,2024-11-06,0
00025130,50,2025-02-10,0
00025131,50,2024-08-25,500
00025132,50,2025-11-16,0
00025133,150,2024-10-12,0
00025134,150,2022-07-01,0
00025135,500,2023-11-29,0
00025136,150,2023-12-19,0
00025137,100,2024-03-09,0
00025138,500,2025-09-15,500
00025139,150,2023-02-13,0
00025140,150,2022-01-20,0
00025141,150,2024-10-14,0
00025142,500,2023-01-10,0
00025143,100,2022-03-27,0
00025144,50,2022-04-13,0
00025145,500,2025-04-09,0
00025146,100,2023-07-08,0
00025147,150,2022-05-27,0
00025148,500,2025-09-26,50000
00025149,100,2024-03-06,0
00025150,150,2025-09-21,0
00025151,100,2023-04-07,0
00025152,100,2023-10-12,0
00025153,500,2025-03-03,100000
00025154,50,2025-08-31,0
00025155,100,2024-09-11,500
00025156,100,2024-07-15,0
00025157,100,2022-10-13,0
00025158,100,2024-12-17,0
00025159,50,2024-08-16,0
00025160,500,2022-05-10,0
00025161,500,2023-01-24,0
00025162,50,2024-10-05,0
00025163,50,2024-01-06,0
00025164,150,2022-01-26,0
00025165,200,2025-08-10,0
00025166,150,2023-09-29,0
00025167,50,2025-12-13,0
00025168,150,2024-08-27,0
00025169,200,2022-07-07,0
00025170,150,2023-08-31,1500
00025171,200,2025-04-11,0
00025172,500,2025-01-28,0
00025173,50,2023-11-30,0
00025174,200,2025-12-26,0
00025175,50,2022-08-14,5000
00025176,150,2024-06-09,0
00025177,50,2024-04-11,0
00025178,100,2022-01-20,0
00025179,50,2022-02-22,0
00025180,200,2023-12-12,0
00025181,100,2022-11-17,500
00025182,50,2025-08-07,0
00025183,100,2023-07-25,0
00025184,50,2023-06-20,0
00025185,150,2024-10-23,0
00025186,50,2022-06-04,0
00025187,200,2022-10-10,0
00025188,50,2025-02-22,0
00025189,100,2022-04-20,0
00025190,500,2023-10-12,0
00025191,500,2025-10-24,0
00025192,200,2023-10-24,0
00025193,500,2023-04-09,0
00025194,500,2023-09-02,0
00025195,200,2023-09-20,0
00025196,50,2022-09-15,0
00025197,100,2022-02-25,0
00025198,200,2025-08-30,0
00025199,500,2023-03-15,0
00025200,200,2022-08-22,0
00025201,200,2024-12-03,0
00025202,100,2022-01-27,0
00025203,500,2022-12-19,0
00025204,500,2024-10-10,0
00025205,150,2025-02-13,0
00025206,500,2023-06-01,0
00025207,200,2023-06-28,0
00025208,500,2025-07-03,50000
00025209,150,2022-05-05,15000
00025210,150,2023-07-23,0
00025211,150,2022-03-08,0
00025212,50,2024-05-06,0
00025213,500,2022-09-08,0
00025214,100,2024-05-25,0
00025215,50,2025-10-03,0
00025216,200,2025-02-21,1000
00025217,50,2022-02-08,0
00025218,50,2024-12-21,0
00025219,50,2025-12-08,0
00025220,50,2025-10-06,0
00025221,200,2023-11-25,0
00025222,150,2023-08-31,0
00025223,150,2022-03-19,0
00025224,500,2024-10-22,0
00025225,50,2023-02-08,0
00025226,100,2022-05-19,0
00025227,500,2023-02-24,500
00025228,500,2022-02-04,0
00025229,150,2025-02-15,0
00025230,200,2022-02-05,0
00025231,150,2024-05-09,0
00025232,500,2024-10-19,0
00025233,500,2023-09-17,0
00025234,100,2022-07-24,0
00025235,200,2023-04-18,0
00025236,150,2023-02-12,0
00025237,200,2024-05-11,0
00025238,100,2025-07-11,0
00025239,100,2024-11-04,1000
00025240,200,2023-09-21,0
00025241,100,2025-08-13,0
00025242,150,2023-10-29,0
00025243,150,2023-10-03,0
00025244,500,2023-04-15,0
00025245,200,2023-12-07,0
00025246,150,2022-05-28,0
00025247,500,2022-03-03,0
00025248,200,2025-08-03,0
00025249,150,2023-05-24,0
00025250,200,2025-03-10,0
00025251,50,2023-01-16,0
00025252,100,2023-01-16,0
00025253,100,2023-04-27,0
00025254,200,2025-09-06,1000
00025255,100,2025-07-23,0
00025256,100,2024-12-11,0
00025257,500,2025-05-29,0
00025258,50,2025-10-20,0
00025259,200,2022-03-04,2000
00025260,100,2022-05-06,0
00025261,50,2022-03-04,0
00025262,500,2023-08-12,0
00025263,50,2024-03-01,0
00025264,200,2024-08-28,0
00025265,200,2023-11-22,0
00025266,100,2023-05-12,0
00025267,100,2025-09-23,0
00025268,200,2023-02-25,0
00025269,150,2022-10-25,0
00025270,500,2023-11-17,0
00025271,200,2022-11-25,0
00025272,500,2025-09-23,0
00025273,150,2025-12-13,0
00025274,200,2025-05-17,2000
00025275,100,2023-03-11,0
00025276,50,2025-08-22,0
00025277,500,2022-07-01,0
00025278,50,2024-12-06,100000
00025279,50,2024-08-29,0
00025280,150,2025-12-08,0
00025281,200,2023-10-18,0
00025282,200,2022-01-20,0
00025283,150,2022-08-16,0
00025284,100,2023-02-15,0
00025285,200,2022-11-24,0
00025286,150,2022-06-11,100000
00025287,100,2024-10-02,0
00025288,50,2023-05-15,0
00025289,500,2023-04-22,0
00025290,50,2025-10-04,0
00025291,200,2025-09-05,0
00025292,50,2023-05-15,0
00025293,150,2024-07-11,100000
00025294,500,2025-05-08,0
00025295,500,2025-08-25,0
00025296,500,2022-03-03,500
00025297,500,2023-12-16,0
00025298,150,2022-01-24,0
00025299,200,2023-06-16,0
00025300,200,2022-02-16,0
00025301,500,2022-06-25,0
00025302,200,2022-07-19,0
00025303,150,2024-09-17,0
00025304,50,2024-08-29,0
00025305,100,2022-10-19,0
00025306,100,2023-04-26,0
00025307,100,2024-03-23,0
00025308,50,2025-11-19,0
00025309,200,2024-04-01,0
00025310,50,2025-12-10,0
00025311,100,2024-03-01,0
00025312,500,2023-05-12,0
00025313,500,2024-01-19,0
00025314,150,2022-12-21,0
00025315,50,2024-12-03,0
00025316,150,2023-03-31,0
00025317,200,2023-03-14,0
00025318,500,2024-10-04,0
00025319,100,2023-06-05,0
00025320,150,2025-04-14,750
00025321,150,2022-10-19,0
00025322,500,2022-11-17,0
00025323,150,2023-06-06,0
00025324,100,2022-01-14,0
00025325,50,2024-01-29,0
00025326,150,2025-09-04,0
00025327,500,2025-06-05,0
00025328,50,2025-05-04,0
00025329,200,2024-10-01,0
00025330,100,2025-02-02,0
00025331,200,2023-10-12,0
00025332,200,2024-04-07,0
00025333,50,2024-10-03,0
00025334,150,2025-11-27,0
00025335,200,2022-09-12,200
00025336,200,2024-11-16,2000
00025337,150,2022-03-18,0
00025338,150,2024-09-02,0
00025339,100,2022-06-07,0
00025340,200,2025-10-26,0
00025341,100,2022-04-05,0
00025342,200,2024-03-19,0
00025343,200,2025-03-20,0
00025344,200,2024-07-21,0
00025345,50,2025-11-15,0
00025346,100,2023-08-30,0
00025347,200,2024-06-23,0
00025348,200,2022-12-11,0
00025349,500,2024-02-28,0
00025350,100,2024-07-03,0
00025351,200,2022-09-03,0
00025352,50,2023-06-19,0
00025353,500,2024-10-07,0
00025354,200,2024-09-13,0
00025355,150,2022-04-27,0
00025356,150,2022-03-04,0
00025357,500,2022-12-08,0
00025358,50,2025-05-21,0
00025359,50,2022-06-27,0
00025360,150,2024-05-28,0
00025361,100,2025-06-16,0
00025362,200,2025-10-01,0
00025363,100,2024-04-09,0
00025364,500,2022-01-23,0
00025365,150,2024-06-06,0
00025366,500,2023-03-25,0
00025367,500,2023-04-30,0
00025368,50,2022-11-06,0
00025369,200,2025-02-21,0
00025370,100,2025-10-15,0
00025371,100,2025-10-16,0
00025372,150,2022-07-03,0
00025373,50,2023-01-31,0
00025374,500,2024-07-12,0
00025375,150,2022-06-16,0
00025376,50,2022-12-28,50
00025377,50,2025-04-06,5000
00025378,200,2023-04-17,0
00025379,500,2023-10-16,0
00025380,100,2024-07-20,0
00025381,150,2024-08-08,0
00025382,50,2023-11-16,0
00025383,150,2025-04-11,0
00025384,200,2023-01-26,0
00025385,150,2022-01-20,150
00025386,50,2022-05-08,0
00025387,100,2022-07-06,0
00025388,50,2025-09-27,0
00025389,200,2024-04-24,0
00025390,200,2025-12-07,0
00025391,500,2024-12-24,0
00025392,200,2023-08-17,0
00025393,100,2024-11-24,0
00025394,100,2023-02-22,0
00025395,200,2025-07-12,0
00025396,200,2024-03-30,1000
00025397,50,2022-03-23,0
00025398,200,2023-01-26,0
00025399,100,2023-04-28,0
00025400,150,2022-06-12,0
00025401,150,2022-07-05,0
00025402,150,2024-09-09,0
00025403,500,2025-01-02,0
00025404,100,2024-07-26,0
00025405,50,2025-06-11,0
00025406,100,2023-11-10,0
00025407,150,2022-05-28,0
00025408,500,2024-12-22,0
00025409,150,2023-11-29,0
00025410,200,2024-10-18,0
00025411,50,2022-01-22,0
00025412,150,2025-10-31,0
00025413,50,2022-07-23,0
00025414,500,2022-02-09,0
00025415,200,2022-03-08,0
00025416,50,2022-09-04,0
00025417,500,2024-05-07,500
00025418,50,2024-12-21,0
00025419,50,2024-01-31,0
00025420,100,2024-07-08,0
00025421,50,2022-04-03,0
00025422,150,2024-04-16,0
00025423,500,2024-12-27,0
00025424,500,2025-09-13,0
00025425,50,2025-05-16,0
00025426,100,2025-01-20,0
00025427,50,2025-05-11,0
00025428,200,2023-07-31,0
00025429,50,2024-01-07,0
00025430,100,2023-05-25,0
00025431,50,2025-01-15,0
00025432,150,2024-09-11,0
00025433,500,2023-12-07,0
00025434,500,2023-04-21,0
00025435,200,2022-09-16,0
00025436,50,2025-05-30,0
00025437,200,2025-02-10,0
00025438,50,2025-01-18,0
00025439,100,2024-08-06,0
00025440,500,2025-02-19,0
00025441,200,2024-11-15,0
00025442,500,2024-02-27,0
00025443,200,2025-12-08,0
00025444,500,2025-06-09,0
00025445,500,2024-12-02,0
00025446,500,2023-10-23,0
00025447,500,2025-09-10,0
00025448,200,2023-12-16,0
00025449,200,2023-03-24,0
00025450,150,2024-12-12,0
00025451,200,2023-07-05,0
00025452,500,2022-02-18,0
00025453,150,2022-08-27,0
00025454,500,2023-08-06,0
00025455,100,2025-09-16,0
00025456,200,2023-09-16,0
00025457,50,2022-11-18,0
00025458,50,2024-01-19,0
00025459,150,2025-03-30,0
00025460,150,2025-07-26,0
00025461,500,2024-12-07,100000
00025462,100,2023-12-11,0
00025463,100,2024-07-05,0
00025464,500,2023-01-05,0
00025465,50,2024-06-12,0
00025466,200,2022-03-15,0
00025467,150,2022-01-10,0
00025468,50,2025-10-04,0
00025469,500,2022-12-10,0
00025470,50,2022-07-12,0
00025471,500,2025-12-22,0
00025472,500,2023-10-30,0
00025473,50,2024-02-10,0
00025474,500,2023-05-02,0
00025475,100,2022-10-11,0
00025476,200,2024-10-01,0
00025477,100,2024-03-29,0
00025478,150,2022-04-08,100000
00025479,200,2023-03-15,0
00025480,50,2022-12-15,250
00025481,200,2022-12-13,0
00025482,200,2023-05-11,0
00025483,200,2023-08-28,0
00025484,50,2025-06-20,0
00025485,100,2025-01-26,0
00025486,200,2023-05-12,0
00025487,150,2022-02-02,0
00025488,150,2025-01-08,0
00025489,150,2023-08-19,0
00025490,100,2023-05-27,0
00025491,200,2024-05-29,0
00025492,100,2025-04-05,0
00025493,200,2024-02-10,0
00025494,500,2022-02-05,0
00025495,200,2023-07-22,0
00025496,200,2024-05-16,0
00025497,500,2025-07-09,0
00025498,100,2022-10-31,0
00025499,50,2022-01-20,0
00025500,100,2025-08-08,0
00025501,200,2022-02-13,0
00025502,100,2022-05-27,0
00025503,200,2025-10-02,0
00025504,100,2024-03-08,0
00025505,100,2025-04-20,0
00025506,500,2022-07-06,0
00025507,150,2023-12-05,0
00025508,150,2025-09-29,0
00025509,500,2024-06-23,0
00025510,50,2025-11-10,0
00025511,150,2022-11-20,0
00025512,500,2025-10-27,0
00025513,500,2024-06-18,0
00025514,50,2024-02-23,0
00025515,50,2023-04-06,0
00025516,100,2024-07-11,0
00025517,50,2025-04-01,250
00025518,50,2023-05-07,0
00025519,200,2023-10-02,0
00025520,100,2025-05-21,100
00025521,150,2025-10-16,0
00025522,100,2025-03-29,0
00025523,500,2023-04-05,0
00025524,100,2025-11-18,0
00025525,200,2024-01-09,100000
00025526,50,2022-08-30,0
00025527,500,2022-05-25,0
00025528,500,2025-06-08,0
00025529,200,2023-09-06,0
00025530,50,2023-05-21,0
00025531,50,2022-04-28,0
00025532,500,2025-04-28,2500
00025533,150,2024-04-16,0
00025534,50,2024-02-21,0
00025535,50,2024-02-26,0
00025536,50,2022-10-24,0
00025537,200,2023-09-30,0
00025538,200,2024-09-20,0
00025539,150,2022-03-21,0
00025540,500,2025-01-24,0
00025541,200,2024-10-13,0
00025542,150,2025-08-04,0
00025543,200,2024-03-08,0
00025544,200,2025-12-19,20000
00025545,100,2023-09-06,0
00025546,100,2022-07-29,0
00025547,50,2024-11-11,0
00025548,100,2022-08-11,0
00025549,500,2024-10-31,0
00025550,100,2024-10-17,0
00025551,500,2024-02-01,0
00025552,150,2022-10-01,0
00025553,50,2023-11-06,0
00025554,500,2022-02-17,0
00025555,100,2024-01-05,0
00025556,100,2024-03-22,0
00025557,200,2023-12-24,0
00025558,500,2025-10-20,0
00025559,50,2024-02-06,0
00025560,50,2023-02-03,0
00025561,50,2022-02-03,0
00025562,200,2025-07-19,0
00025563,150,2022-08-12,150
00025564,50,2025-02-28,0
00025565,150,2022-01-07,100000
00025566,200,2022-12-14,0
00025567,200,2022-10-21,0
00025568,200,2024-07-22,0
00025569,100,2022-01-20,0
00025570,100,2023-11-14,0
00025571,50,2024-01-27,0
00025572,100,2023-04-27,0
00025573,150,2023-01-15,0
00025574,200,2023-08-03,0
00025575,150,2025-01-12,0
00025576,500,2025-04-05,0
00025577,500,2024-10-04,0
00025578,200,2023-10-30,100000
00025579,150,2024-05-17,0
00025580,150,2024-02-15,0
00025581,50,2024-03-21,250
00025582,100,2025-08-09,0
00025583,500,2024-11-13,0
00025584,150,2025-10-06,0
00025585,500,2024-09-17,0
00025586,500,2023-09-13,0
00025587,200,2022-09-16,0
00025588,100,2025-11-17,0
00025589,100,2024-11-29,0
00025590,500,2022-01-22,0
00025591,500,2022-11-26,0
00025592,50,2023-10-02,0
00025593,50,2025-09-19,0
00025594,150,2022-11-02,750
00025595,500,2025-11-16,0
00025596,500,2022-03-04,0
00025597,200,2025-03-21,0
00025598,50,2025-01-15,0
00025599,100,2023-10-10,0
00025600,200,2024-10-11,0
00025601,500,2025-04-14,0
00025602,500,2023-11-06,0
00025603,200,2022-05-25,0
00025604,100,2022-08-30,0
00025605,50,2024-07-29,0
00025606,500,2025-09-18,0
00025607,500,2024-12-01,0
00025608,50,2024-06-08,0
00025609,200,2024-05-15,0
00025610,500,2024-11-06,0
00025611,100,2022-11-25,0
00025612,100,2024-12-21,0
00025613,150,2023-09-16,0
00025614,200,2022-05-21,100000
00025615,150,2023-09-11,0
00025616,150,2024-07-27,0
00025617,50,2024-06-22,0
00025618,150,2025-06-15,0
00025619,150,2025-08-24,0
00025620,150,2023-01-30,0
00025621,50,2023-06-12,0
00025622,50,2025-11-08,0
00025623,500,2023-03-24,2500
00025624,100,2022-07-13,0
00025625,500,2022-08-13,0
00025626,200,2022-03-23,0
00025627,500,2022-08-01,0
00025628,200,2022-08-11,200
00025629,200,2022-09-19,0
00025630,200,2024-02-19,0
00025631,150,2022-05-25,0
00025632,150,2022-04-27,0
00025633,200,2023-08-13,200
00025634,150,2025-02-02,0
00025635,150,2023-08-26,0
00025636,100,2024-10-26,0
00025637,200,2022-10-14,0
00025638,100,2025-01-01,0
00025639,50,2022-08-14,0
00025640,200,2023-08-05,0
00025641,500,2024-09-01,0
00025642,150,2024-12-10,0
00025643,100,2023-10-09,0
00025644,150,2024-10-11,0
00025645,500,2024-01-20,0
00025646,100,2023-02-27,0
00025647,150,2025-04-04,0
00025648,100,2023-04-03,0
00025649,500,2023-01-19,0
00025650,100,2025-01-27,0
00025651,500,2024-09-27,0
00025652,500,2023-06-02,0
00025653,200,2023-12-07,0
00025654,500,2025-09-29,0
00025655,500,2025-07-10,0
00025656,150,2025-08-17,0
00025657,200,2024-11-29,1000
00025658,150,2024-08-18,0
00025659,200,2024-01-01,0
00025660,50,2023-01-24,500
00025661,200,2023-01-20,0
00025662,200,2022-11-06,0
00025663,200,2022-01-26,0
00025664,500,2023-08-07,0
00025665,500,2023-07-19,0
00025666,200,2025-07-09,0
00025667,200,2022-10-04,0
00025668,150,2025-09-27,0
00025669,500,2025-04-17,0
00025670,200,2023-10-03,100000
00025671,150,2024-12-18,0
00025672,100,2025-10-13,0
00025673,100,2024-03-25,0
00025674,100,2025-06-17,0
00025675,200,2022-03-03,0
00025676,150,2023-07-11,0
00025677,150,2025-11-04,0
00025678,500,2025-11-07,0
00025679,50,2025-03-24,0
00025680,150,2023-11-04,0
00025681,500,2024-03-15,500
00025682,500,2024-07-19,0
00025683,150,2022-06-22,0
00025684,150,2022-07-31,0
00025685,100,2024-02-19,0
00025686,50,2023-10-29,0
00025687,100,2024-01-12,0
00025688,500,2023-03-29,0
00025689,100,2024-08-05,0
00025690,200,2023-01-26,0
00025691,50,2023-10-29,0
00025692,100,2022-09-02,0
00025693,150,2023-11-22,0
00025694,100,2022-09-23,0
00025695,50,2024-04-03,0
00025696,200,2023-06-12,0
00025697,100,2025-08-02,0
00025698,150,2023-12-08,0
00025699,100,2024-07-04,0
00025700,500,2022-07-24,0
00025701,50,2023-12-27,0
00025702,150,2024-10-03,15000
00025703,500,2024-12-19,0
00025704,100,2022-01-10,0
00025705,500,2024-05-04,0
00025706,50,2023-12-09,0
00025707,100,2023-04-22,0
00025708,150,2022-04-09,0
00025709,200,2024-04-15,0
00025710,500,2022-11-26,0
00025711,100,2025-02-16,0
00025712,200,2023-05-17,0
00025713,500,2024-04-11,0
00025714,200,2022-12-20,0
00025715,150,2022-04-06,0
00025716,150,2025-01-08,0
00025717,500,2022-05-31,0
00025718,200,2024-11-05,0
00025719,50,2023-07-26,0
00025720,500,2022-07-07,0
00025721,200,2024-09-20,0
00025722,200,2024-08-07,0
00025723,100,2025-10-20,0
00025724,500,2025-08-06,0
00025725,100,2024-09-06,0
00025726,500,2024-08-21,0
00025727,100,2024-08-02,0
00025728,50,2023-07-13,5000
00025729,150,2022-04-28,0
00025730,500,2022-01-17,0
00025731,500,2025-07-31,0
00025732,50,2024-05-25,0
00025733,200,2022-04-08,0
00025734,150,2025-01-31,0
00025735,200,2023-11-24,0
00025736,150,2022-03-15,0
00025737,100,2023-01-04,0
00025738,150,2023-12-08,0
00025739,500,2024-11-13,0
00025740,100,2022-10-22,0
00025741,500,2022-05-14,0
00025742,200,2022-06-28,0
00025743,50,2025-01-28,0
00025744,500,2022-09-03,0
00025745,50,2023-03-16,0
00025746,500,2025-12-01,0
00025747,150,2025-07-30,0
00025748,100,2023-03-09,0
00025749,500,2023-04-20,0
00025750,500,2023-08-01,0
00025751,500,2022-03-08,0
00025752,200,2024-09-26,0
00025753,500,2022-07-13,0
00025754,100,2023-04-21,0
00025755,50,2025-12-13,0
00025756,500,2024-04-14,0
00025757,200,2025-12-27,0
00025758,150,2024-07-14,0
00025759,500,2023-05-26,0
00025760,150,2024-02-13,0
00025761,500,2024-11-22,0
00025762,100,2024-11-10,0
00025763,200,2022-01-19,0
00025764,500,2024-08-24,0
00025765,200,2023-04-29,2000
00025766,100,2025-03-31,0
00025767,150,2022-05-04,0
00025768,200,2022-03-21,0
00025769,100,2024-06-04,0
00025770,50,2025-09-22,0
00025771,200,2023-04-19,0
00025772,100,2022-10-17,0
00025773,50,2023-12-07,0
00025774,200,2022-05-26,0
00025775,150,2025-04-15,0
00025776,50,2022-12-26,0
00025777,500,2025-08-30,0
00025778,200,2023-01-23,0
00025779,500,2023-06-17,0
00025780,500,2023-06-09,0
00025781,100,2025-08-13,0
00025782,150,2025-10-23,0
00025783,500,2023-11-10,0
00025784,500,2022-04-24,0
00025785,50,2023-01-06,0
00025786,50,2023-10-26,0
00025787,100,2022-07-27,0
00025788,500,2022-01-27,0
00025789,200,2022-05-24,0
00025790,500,2022-11-13,500
00025791,500,2023-09-02,0
00025792,150,2025-05-02,0
00025793,100,2022-01-25,0
00025794,500,2022-04-21,0
00025795,200,2022-10-26,0
00025796,100,2024-11-30,10000
00025797,150,2025-02-05,0
00025798,150,2024-05-07,0
00025799,150,2023-12-10,0
00025800,50,2024-01-07,0
00025801,50,2024-03-29,0
00025802,500,2022-07-25,0
00025803,150,2025-07-05,100000
00025804,500,2024-01-17,0
00025805,50,2024-07-11,0
00025806,100,2025-07-20,0
00025807,200,2022-09-24,0
00025808,500,2023-01-16,0
00025809,150,2024-04-24,0
00025810,500,2023-09-09,0
00025811,50,2025-09-08,0
00025812,100,2024-07-15,0
00025813,50,2025-09-11,0
00025814,200,2024-07-02,0
00025815,150,2025-07-15,150
00025816,50,2025-07-23,0
00025817,150,2024-08-08,0
00025818,200,2024-02-29,0
00025819,150,2023-01-27,0
00025820,200,2022-02-18,0
00025821,50,2022-10-26,0
00025822,50,2025-01-31,0
00025823,200,2024-02-23,0
00025824,100,2022-03-01,0
00025825,150,2024-02-21,0
00025826,150,2024-07-18,0
00025827,50,2023-01-20,0
00025828,500,2024-12-17,0
00025829,150,2025-07-17,0
00025830,200,2022-07-31,2000
00025831,150,2025-08-09,0
00025832,200,2022-05-03,0
00025833,50,2022-02-23,0
00025834,150,2022-04-23,0
00025835,500,2024-07-18,0
00025836,100,2022-11-26,0
00025837,200,2024-11-03,20000
00025838,200,2024-06-28,0
00025839,500,2022-05-24,0
00025840,100,2022-01-24,0
00025841,50,2024-03-27,0
00025842,200,2024-10-25,0
00025843,150,2022-09-14,0
00025844,200,2023-05-10,0
00025845,200,2022-06-17,0
00025846,500,2022-07-13,0
00025847,150,2023-11-29,0
00025848,200,2024-01-16,0
00025849,200,2022-10-24,0
00025850,500,2022-08-19,0
00025851,500,2023-06-08,0
00025852,150,2024-08-08,0
00025853,100,2024-11-09,10000
00025854,200,2022-04-29,0
00025855,500,2023-08-16,0
00025856,500,2024-05-22,0
00025857,200,2022-06-29,0
00025858,200,2023-07-25,200
00025859,150,2024-05-10,100000
00025860,500,2022-06-28,0
00025861,100,2024-05-29,0
00025862,100,2022-10-29,0
00025863,100,2025-05-27,0
00025864,500,2022-01-10,0
00025865,50,2023-03-12,0
00025866,200,2022-11-06,0
00025867,50,2025-03-02,0
00025868,100,2025-01-07,0
00025869,200,2024-03-04,0
00025870,50,2025-07-01,0
00025871,100,2024-06-27,0
00025872,200,2022-02-21,0
00025873,500,2022-12-21,0
00025874,500,2025-05-04,2500
00025875,500,2023-05-01,0
00025876,200,2025-10-12,0
00025877,50,2023-12-04,0
00025878,50,2025-02-01,0
00025879,100,2023-03-12,0
00025880,50,2022-07-30,0
00025881,200,2022-08-18,0
00025882,50,2025-07-26,0
00025883,500,2024-11-23,0
00025884,100,2024-09-26,500
00025885,100,2023-08-31,0
00025886,500,2022-05-12,0
00025887,50,2023-09-19,0
00025888,200,2023-07-03,0
00025889,200,2025-08-13,0
00025890,100,2025-03-12,0
00025891,50,2025-01-02,250
00025892,200,2023-11-11,0
00025893,150,2025-12-22,0
00025894,100,2024-09-27,0
00025895,500,2023-09-14,0
00025896,200,2025-05-21,0
00025897,100,2024-08-08,0
00025898,50,2022-06-20,0
00025899,100,2023-06-07,0
00025900,200,2023-12-29,0
00025901,200,2025-06-15,0
00025902,100,2023-05-19,0
00025903,50,2025-05-15,0
00025904,50,2024-08-07,100000
00025905,200,2022-08-15,0
00025906,50,2024-12-17,0
00025907,50,2024-08-15,5000
00025908,200,2022-05-20,0
00025909,100,2023-08-13,0
00025910,50,2024-05-26,0
00025911,150,2023-11-06,0
00025912,500,2023-06-15,0
00025913,150,2022-11-29,0
00025914,200,2022-10-01,0
00025915,200,2023-12-10,0
00025916,500,2025-07-09,0
00025917,500,2025-11-11,0
00025918,50,2022-07-03,0
00025919,500,2022-10-31,0
00025920,500,2022-12-10,0
00025921,200,2025-06-04,0
00025922,100,2024-01-22,0
00025923,500,2024-02-20,0
00025924,150,2022-01-18,0
00025925,50,2022-09-05,0
00025926,50,2024-04-03,0
00025927,500,2024-03-27,0
00025928,50,2023-12-11,0
00025929,50,2023-05-03,0
00025930,150,2025-02-05,0
00025931,500,2025-10-19,500
00025932,200,2024-03-29,0
00025933,150,2024-05-17,0
00025934,200,2024-09-10,0
00025935,100,2025-08-02,0
00025936,200,2022-02-06,2000
00025937,100,2025-01-10,100
00025938,200,2023-05-19,0
00025939,500,2023-04-25,0
00025940,100,2023-05-15,0
00025941,50,2022-01-28,0
00025942,500,2024-10-19,0
00025943,200,2022-12-12,0
00025944,50,2025-03-26,5000
00025945,100,2025-10-03,100000
00025946,50,2024-06-03,0
00025947,200,2025-01-18,2000
00025948,200,2023-01-13,0
00025949,100,2023-11-08,0
00025950,50,2022-02-11,0
00025951,150,2024-11-07,0
00025952,50,2024-09-19,0
00025953,100,2022-01-21,1000
00025954,150,2025-09-14,0
00025955,50,2025-01-18,0
00025956,500,2025-03-31,500
00025957,150,2023-01-19,0
00025958,150,2022-10-23,0
00025959,150,2023-12-10,0
00025960,100,2025-08-16,0
00025961,500,2022-12-17,0
00025962,100,2022-12-23,0
00025963,50,2022-12-21,0
00025964,100,2022-01-15,0
00025965,500,2025-09-08,0
00025966,100,2023-05-20,0
00025967,100,2024-03-29,0
00025968,100,2022-10-04,0
00025969,200,2024-05-15,0
00025970,50,2023-06-07,0
00025971,200,2025-09-03,0
00025972,200,2025-09-02,0
00025973,50,2025-05-24,0
00025974,500,2022-07-28,0
00025975,50,2024-06-30,0
00025976,500,2022-01-28,0
00025977,500,2024-09-26,0
00025978,200,2024-09-11,0
00025979,150,2023-02-27,0
00025980,100,2023-08-18,0
00025981,100,2023-05-12,0
00025982,200,2024-11-15,0
00025983,200,2022-03-22,0
00025984,50,2024-11-05,0
00025985,50,2023-02-12,0
00025986,200,2022-06-21,0
00025987,100,2024-09-11,0
00025988,150,2022-02-19,0
00025989,150,2022-05-04,0
00025990,150,2022-07-19,0
00025991,50,2024-03-20,0
00025992,200,2025-02-13,0
00025993,150,2023-12-26,0
00025994,200,2025-07-04,0
00025995,200,2022-12-11,0
00025996,100,2022-01-27,0
00025997,100,2024-06-05,0
00025998,50,2022-12-12,0
00025999,100,2023-01-18,0
00026000,200,2025-06-17,0
00026001,200,2022-10-04,0
00026002,200,2022-02-23,0
00026003,500,2023-09-12,0
00026004,50,2025-04-18,0
00026005,150,2022-06-16,0
00026006,50,2022-01-08,0
00026007,500,2023-05-01,0
00026008,150,2022-01-24,0
00026009,500,2024-04-25,0
00026010,200,2025-02-15,0
00026011,150,2025-07-17,0
00026012,150,2025-05-26,0
00026013,500,2025-09-12,50000
00026014,50,2023-03-08,0
00026015,50,2023-04-01,0
00026016,500,2022-10-25,0
00026017,150,2023-09-03,0
00026018,100,2022-08-08,0
00026019,150,2023-02-22,0
00026020,50,2023-05-13,0
00026021,100,2022-03-18,0
00026022,50,2023-08-16,0
00026023,100,2025-06-26,0
00026024,50,2023-01-24,250
00026025,500,2023-02-12,0
00026026,500,2023-11-24,0
00026027,200,2025-08-08,0
00026028,100,2022-02-18,0
00026029,150,2022-11-10,750
00026030,150,2024-01-02,0
00026031,100,2022-06-21,0
00026032,200,2022-01-15,0
00026033,100,2023-04-02,0
00026034,50,2023-06-29,0
00026035,200,2023-07-31,0
00026036,200,2023-05-18,1000
00026037,150,2025-06-15,0
00026038,200,2024-04-27,0
00026039,50,2025-04-16,0
00026040,200,2024-02-22,0
00026041,100,2023-10-29,0
00026042,100,2025-05-28,0
00026043,200,2024-09-21,0
00026044,150,2025-01-30,0
00026045,100,2025-03-30,500
00026046,50,2023-04-19,0
00026047,150,2024-03-15,0
00026048,150,2022-05-09,0
00026049,100,2022-05-24,0
00026050,50,2022-07-28,0
00026051,500,2025-02-22,0
00026052,500,2023-09-25,0
00026053,500,2024-01-24,0
00026054,100,2024-08-04,0
00026055,500,2023-06-08,0
00026056,100,2025-01-02,0
00026057,50,2025-01-04,0
00026058,500,2024-11-03,0
00026059,100,2024-10-24,100000
00026060,150,2022-11-01,150
00026061,50,2023-08-11,0
00026062,200,2023-07-01,0
00026063,150,2025-12-23,1500
00026064,150,2025-03-08,0
00026065,150,2025-01-11,0
00026066,50,2023-01-21,0
00026067,100,2022-09-05,0
00026068,50,2023-05-05,0
00026069,50,2025-09-27,0
00026070,500,2025-01-26,0
00026071,100,2023-04-20,0
00026072,150,2025-06-19,0
00026073,100,2022-05-22,0
00026074,500,2025-11-22,50000
00026075,500,2022-05-23,0
00026076,200,2023-02-22,0
00026077,200,2022-10-27,0
00026078,150,2024-06-05,0
00026079,200,2023-11-15,0
00026080,50,2024-01-18,0
00026081,200,2022-09-20,0
00026082,100,2023-11-24,0
00026083,50,2024-09-09,0
00026084,150,2025-11-11,0
00026085,200,2025-05-03,0
00026086,200,2022-03-29,0
00026087,500,2025-05-11,0
00026088,150,2024-02-13,750
00026089,150,2023-04-09,0
00026090,200,2025-12-17,0
00026091,150,2024-10-17,0
00026092,50,2024-05-14,0
00026093,200,2023-09-22,200
00026094,100,2024-02-29,100000
00026095,200,2025-07-30,20000
00026096,50,2022-08-09,500
00026097,500,2022-04-19,0
00026098,100,2023-02-03,0
00026099,150,2025-10-10,0
00026100,200,2025-02-27,0
00026101,500,2022-02-02,100000
00026102,500,2022-07-22,0
00026103,150,2025-01-13,0
00026104,150,2024-03-04,0
00026105,150,2023-06-21,150
00026106,100,2023-07-22,0
00026107,100,2022-10-23,0
00026108,50,2024-05-19,0
00026109,50,2023-05-27,0
00026110,100,2022-09-03,0
00026111,100,2025-07-02,0
00026112,100,2025-11-09,10000
00026113,200,2024-06-27,0
00026114,100,2023-03-10,0
00026115,500,2024-04-12,0
00026116,200,2024-07-19,0
00026117,150,2025-04-12,0
00026118,500,2024-03-24,0
00026119,500,2024-08-25,0
00026120,500,2023-12-17,0
00026121,200,2022-08-14,0
00026122,50,2024-12-04,0
00026123,200,2025-11-24,0
00026124,500,2022-08-21,0
00026125,200,2022-02-07,0
00026126,100,2023-03-22,0
00026127,500,2024-07-22,0
00026128,200,2022-11-09,0
00026129,200,2023-03-10,0
00026130,200,2024-11-28,0
00026131,200,2022-05-15,0
00026132,500,2023-04-01,0
00026133,50,2024-09-16,0
00026134,100,2022-04-05,0
00026135,100,2025-10-09,0
00026136,50,2024-09-13,0
00026137,500,2023-10-22,0
00026138,200,2023-01-07,0
00026139,150,2022-07-02,0
00026140,100,2023-07-27,0
00026141,50,2022-09-22,0
00026142,50,2023-08-08,0
00026143,50,2023-07-07,0
00026144,150,2024-12-02,0
00026145,150,2023-12-02,0
00026146,50,2023-05-30,0
00026147,100,2025-01-14,0
00026148,150,2022-05-05,15000
00026149,500,2025-04-19,0
00026150,50,2023-12-16,250
00026151,150,2025-11-20,0
00026152,150,2025-04-27,0
00026153,500,2025-09-08,0
00026154,500,2023-01-20,0
00026155,150,2022-11-08,0
00026156,150,2022-10-05,0
00026157,200,2022-01-23,0
00026158,50,2023-07-18,0
00026159,200,2024-03-22,0
00026160,100,2024-03-21,0
00026161,50,2024-10-06,0
00026162,50,2023-04-26,0
00026163,100,2023-10-02,0
00026164,100,2023-08-02,10000
00026165,200,2025-04-17,0
00026166,100,2025-11-13,0
00026167,50,2024-07-26,500
00026168,100,2023-08-13,0
00026169,500,2024-03-16,500
00026170,50,2022-11-23,0
00026171,50,2024-09-12,0
00026172,50,2025-02-27,0
00026173,150,2022-02-03,0
00026174,50,2025-08-09,0
00026175,150,2023-02-07,0
00026176,150,2022-12-15,0
00026177,500,2025-06-19,0
00026178,50,2024-08-25,0
00026179,200,2023-01-10,0
00026180,200,2025-11-24,0
00026181,150,2024-04-14,0
00026182,500,2025-01-16,0
00026183,150,2025-10-02,0
00026184,150,2025-08-18,1500
00026185,200,2025-03-23,0
00026186,200,2022-11-24,0
00026187,100,2024-03-01,0
00026188,200,2023-09-26,0
00026189,500,2025-07-12,0
00026190,500,2024-08-20,0
00026191,50,2025-11-24,0
00026192,200,2023-04-24,0
00026193,150,2023-01-27,0
00026194,100,2023-05-14,0
00026195,50,2025-11-23,0
00026196,200,2022-04-17,0
00026197,150,2023-10-18,0
00026198,500,2023-02-24,0
00026199,500,2025-09-04,0
00026200,50,2023-07-26,0
00026201,200,2025-05-28,0
00026202,50,2023-05-05,250
00026203,100,2024-08-30,0
00026204,50,2024-04-08,100000
00026205,150,2022-01-04,0
00026206,200,2024-03-27,0
00026207,200,2023-06-12,0
00026208,50,2025-05-08,0
00026209,50,2025-12-08,0
00026210,200,2024-06-20,0
00026211,50,2023-08-19,0
00026212,200,2025-04-14,0
00026213,200,2022-02-15,2000
00026214,100,2025-02-16,0
00026215,150,2024-09-27,0
00026216,500,2024-10-28,0
00026217,150,2022-08-07,0
00026218,150,2023-09-01,0
00026219,50,2023-05-14,0
00026220,500,2025-01-22,0
00026221,150,2025-01-12,0
00026222,100,2025-09-15,0
00026223,100,2024-03-14,0
00026224,100,2023-05-18,0
00026225,50,2024-02-25,0
00026226,200,2024-09-07,0
00026227,500,2025-02-28,2500
00026228,500,2025-11-21,500
00026229,50,2024-03-23,0
00026230,50,2023-10-08,0
00026231,150,2022-02-27,0
00026232,200,2022-09-12,0
00026233,150,2024-11-19,0
00026234,200,2022-08-20,0
00026235,200,2025-05-05,1000
00026236,100,2025-02-13,0
00026237,50,2022-04-27,0
00026238,50,2022-04-05,0
00026239,50,2023-07-26,0
00026240,500,2025-05-17,0
00026241,200,2025-02-10,0
00026242,50,2025-03-21,0
00026243,500,2025-05-18,0
00026244,500,2023-01-31,0
00026245,100,2025-10-07,0
00026246,150,2024-03-11,0
00026247,200,2025-07-23,0
00026248,500,2024-05-25,2500
00026249,500,2022-11-14,0
00026250,100,2025-10-31,0
00026251,500,2025-07-16,0
00026252,100,2023-05-06,0
00026253,200,2023-10-11,0
00026254,200,2022-10-06,0
00026255,50,2023-11-14,0
00026256,150,2022-02-27,0
00026257,500,2025-07-13,0
00026258,200,2022-11-07,100000
00026259,200,2024-01-08,0
00026260,200,2024-10-13,0
00026261,200,2025-01-24,0
00026262,500,2024-08-23,0
00026263,50,2024-11-15,0
00026264,500,2023-03-08,0
00026265,100,2022-01-04,0
00026266,200,2025-12-11,0
00026267,100,2025-06-18,0
00026268,500,2025-02-27,0
00026269,200,2023-12-26,0
00026270,500,2025-04-15,0
00026271,100,2024-03-31,0
00026272,50,2024-06-02,0
00026273,500,2025-12-06,0
00026274,200,2024-01-04,1000
00026275,500,2022-06-07,0
00026276,150,2025-08-20,750
00026277,500,2025-01-12,5000
00026278,100,2022-05-24,0
00026279,50,2022-01-22,0
00026280,500,2023-03-07,0
00026281,100,2023-09-12,0
00026282,150,2025-08-29,0
00026283,150,2023-01-12,0
00026284,200,2022-05-21,0
00026285,50,2024-06-23,0
00026286,150,2023-03-24,0
00026287,200,2024-03-09,100000
00026288,100,2023-01-18,0
00026289,200,2025-10-23,0
00026290,50,2025-12-05,0
00026291,150,2025-11-26,0
00026292,100,2025-08-13,0
00026293,100,2023-06-19,0
00026294,200,2025-04-29,0
00026295,200,2022-04-16,0
00026296,100,2023-11-03,0
00026297,500,2022-02-13,0
00026298,50,2022-05-22,0
00026299,100,2025-03-20,0
00026300,500,2025-03-22,0
00026301,500,2023-08-19,0
00026302,100,2023-07-27,0
00026303,150,2024-01-12,0
00026304,150,2023-04-25,0
00026305,100,2023-10-08,0
00026306,50,2022-11-19,0
00026307,500,2024-04-05,0
00026308,150,2022-10-19,0
00026309,100,2025-07-14,0
00026310,50,2022-04-11,0
00026311,500,2024-02-21,0
00026312,150,2022-10-05,150
00026313,50,2025-12-11,0
00026314,150,2025-05-06,750
00026315,100,2025-08-02,0
00026316,200,2022-02-16,0
00026317,150,2023-08-11,0
00026318,50,2023-06-16,0
00026319,100,2023-07-26,0
00026320,50,2023-01-11,0
00026321,500,2023-10-27,0
00026322,500,2024-01-17,0
00026323,150,2024-06-27,0
00026324,100,2025-05-25,0
00026325,100,2025-08-03,0
00026326,50,2025-01-18,0
00026327,50,2022-10-05,0
00026328,200,2022-11-19,0
00026329,150,2025-04-16,0
00026330,150,2025-10-17,0
00026331,100,2023-10-11,0
00026332,500,2024-01-09,0
00026333,150,2024-04-14,0
00026334,50,2024-08-10,0
00026335,50,2024-08-23,5000
00026336,200,2025-06-20,0
00026337,500,2025-05-13,0
00026338,200,2023-02-01,0
00026339,50,2022-07-17,0
00026340,100,2024-08-24,0
00026341,100,2024-08-16,0
00026342,500,2022-07-10,0
00026343,150,2023-07-18,0
00026344,500,2025-04-02,0
00026345,150,2022-11-04,0
00026346,500,2023-08-05,0
00026347,500,2022-02-16,2500
00026348,150,2023-10-21,0
00026349,200,2024-11-11,0
00026350,200,2023-02-12,0
00026351,100,2022-02-15,0
00026352,50,2023-04-20,0
00026353,100,2025-07-13,0
00026354,50,2024-01-19,0
00026355,100,2025-11-06,0
00026356,50,2022-07-16,0
00026357,200,2025-01-17,0
00026358,50,2025-12-25,0
00026359,50,2025-07-02,0
00026360,100,2023-02-10,0
00026361,500,2025-01-03,0
00026362,500,2023-10-17,2500
00026363,50,2023-08-15,0
00026364,150,2025-01-06,0
00026365,500,2025-09-28,0
00026366,100,2022-02-15,0
00026367,200,2022-05-18,0
00026368,150,2022-03-02,150
00026369,200,2024-09-14,0
00026370,500,2025-12-29,0
00026371,150,2022-02-12,0
00026372,150,2024-08-12,0
00026373,50,2022-01-24,0
00026374,200,2023-01-11,0
00026375,50,2022-06-05,0
00026376,200,2023-11-14,0
00026377,200,2025-11-05,0
00026378,500,2025-08-13,0
00026379,500,2022-12-31,0
00026380,500,2023-03-29,0
00026381,50,2025-12-05,0
00026382,150,2024-09-19,150
00026383,200,2024-06-06,2000
00026384,200,2025-06-17,0
00026385,150,2022-09-20,0
00026386,500,2025-02-15,0
00026387,50,2022-07-15,0
00026388,150,2025-04-28,0
00026389,100,2022-10-13,0
00026390,50,2024-11-21,0
00026391,500,2024-07-08,0
00026392,50,2024-06-03,0
00026393,150,2025-11-02,0
00026394,150,2022-05-25,0
00026395,200,2022-06-18,0
00026396,50,2023-05-15,0
00026397,500,2025-10-02,0
00026398,200,2024-12-02,0
00026399,50,2023-10-13,0
00026400,100,2025-07-04,0
00026401,150,2023-05-11,0
00026402,500,2022-08-26,0
00026403,50,2025-11-01,0
00026404,150,2023-07-23,0
00026405,150,2025-01-10,750
00026406,50,2025-03-29,0
00026407,100,2024-10-10,0
00026408,500,2025-07-22,0
00026409,50,2024-07-08,0
00026410,50,2025-05-03,0
00026411,100,2022-02-14,0
00026412,200,2025-01-25,0
00026413,100,2022-01-28,0
00026414,500,2023-08-02,0
00026415,100,2025-02-12,0
00026416,150,2025-03-19,0
00026417,150,2024-07-04,0
00026418,100,2023-04-03,0
00026419,200,2022-06-25,0
00026420,100,2025-01-31,0
00026421,50,2024-12-10,0
00026422,50,2023-10-17,0
00026423,50,2025-10-08,0
00026424,150,2022-05-15,0
00026425,500,2025-07-13,0
00026426,200,2022-12-20,0
00026427,100,2025-09-24,0
00026428,150,2025-08-09,0
00026429,200,2022-02-03,0
00026430,100,2023-08-21,0
00026431,100,2022-05-28,0
00026432,150,2022-10-07,0
00026433,150,2022-11-10,0
00026434,50,2024-03-28,0
00026435,50,2025-04-11,0
00026436,200,2023-12-29,0
00026437,150,2022-08-23,0
00026438,50,2023-05-29,0
00026439,500,2022-04-11,0
00026440,150,2024-10-14,0
00026441,100,2025-06-01,0
00026442,50,2025-09-04,0
00026443,500,2024-03-03,0
00026444,200,2022-06-01,0
00026445,50,2024-12-17,0
00026446,200,2022-04-28,0
00026447,200,2023-07-06,0
00026448,500,2025-05-28,0
00026449,50,2024-05-01,50
00026450,100,2022-03-08,0
00026451,50,2024-02-05,0
00026452,200,2024-08-03,0
00026453,150,2023-01-16,0
00026454,200,2023-02-05,0
00026455,100,2025-07-05,0
00026456,150,2023-09-09,0
00026457,150,2022-03-01,0
00026458,150,2023-09-20,0
00026459,500,2025-03-28,5000
00026460,150,2025-06-30,0
00026461,500,2025-04-12,0
00026462,150,2025-10-26,0
00026463,50,2023-09-22,0
00026464,500,2022-02-13,0
00026465,150,2022-10-25,0
00026466,100,2022-01-03,0
00026467,200,2023-03-14,0
00026468,50,2022-01-23,0
00026469,150,2023-01-18,0
00026470,100,2023-05-16,0
00026471,500,2022-08-12,0
00026472,100,2025-07-29,0
00026473,150,2022-07-25,0
00026474,100,2025-03-18,0
00026475,500,2023-08-21,0
00026476,200,2022-05-25,0
00026477,150,2024-04-20,0
00026478,500,2022-02-22,0
00026479,150,2022-08-14,0
00026480,500,2022-04-15,0
00026481,100,2023-04-22,0
00026482,100,2025-03-11,0
00026483,200,2022-03-14,0
00026484,150,2025-11-29,0
00026485,50,2025-10-23,0
00026486,50,2022-05-26,0
00026487,200,2024-09-29,0
00026488,200,2025-11-01,0
00026489,100,2024-10-26,0
00026490,150,2024-12-25,0
00026491,100,2022-02-23,0
00026492,200,2022-06-08,0
00026493,100,2022-03-12,0
00026494,100,2024-12-08,0
00026495,500,2023-07-17,0
00026496,100,2025-10-13,0
00026497,50,2023-12-27,0
00026498,200,2024-01-03,0
00026499,150,2025-09-18,0
00026500,500,2023-04-06,0
00026501,100,2023-01-19,0
00026502,500,2022-05-28,0
00026503,500,2022-05-18,0
00026504,50,2025-05-31,0
00026505,500,2022-06-23,0
00026506,50,2022-06-14,0
00026507,500,2023-01-18,0
00026508,200,2025-08-16,0
00026509,50,2024-07-24,0
00026510,200,2024-10-13,0
00026511,500,2024-06-15,0
00026512,200,2022-09-09,0
00026513,200,2024-09-29,0
00026514,150,2023-06-13,0
00026515,150,2024-02-13,0
00026516,150,2023-03-15,0
00026517,200,2023-11-19,0
00026518,500,2024-12-17,0
00026519,500,2022-06-02,0
00026520,500,2022-08-27,0
00026521,50,2022-07-14,0
00026522,500,2025-11-06,0
00026523,500,2023-07-13,0
00026524,150,2024-07-05,0
00026525,150,2022-12-07,0
00026526,50,2024-07-04,0
00026527,150,2025-07-08,0
00026528,50,2023-02-09,0
00026529,150,2024-06-02,0
00026530,150,2022-10-21,0
00026531,50,2023-06-22,0
00026532,150,2023-10-20,0
00026533,100,2022-05-18,0
00026534,500,2022-04-26,0
00026535,100,2024-05-14,0
00026536,100,2025-04-16,0
00026537,100,2025-03-19,0
00026538,200,2023-04-04,0
00026539,50,2025-09-02,0
00026540,50,2025-05-11,0
00026541,50,2023-03-24,0
00026542,500,2022-06-20,0
00026543,100,2022-10-26,0
00026544,200,2022-07-22,0
00026545,150,2022-11-06,0
00026546,50,2022-06-28,0
00026547,500,2024-08-28,0
00026548,100,2022-11-19,0
00026549,500,2023-11-04,0
00026550,50,2025-12-01,0
00026551,100,2025-06-30,0
00026552,200,2022-02-23,0
00026553,50,2025-06-29,0
00026554,50,2025-01-01,100000
00026555,150,2023-09-24,0
00026556,200,2022-10-25,0
00026557,200,2025-08-29,0
00026558,50,2025-02-23,0
00026559,50,2024-09-07,0
00026560,150,2022-10-04,0
00026561,200,2023-08-19,0
00026562,500,2023-06-03,0
00026563,200,2025-01-31,0
00026564,500,2022-11-10,0
00026565,200,2025-11-14,0
00026566,150,2025-11-06,0
00026567,200,2025-05-14,0
00026568,150,2022-11-26,0
00026569,50,2025-08-11,100000
00026570,50,2024-03-14,0
00026571,100,2024-11-14,100
00026572,50,2024-09-30,50
00026573,150,2025-12-27,0
00026574,500,2025-09-05,0
00026575,200,2023-04-17,0
00026576,500,2022-04-11,0
00026577,50,2025-11-07,0
00026578,50,2022-09-20,250
00026579,500,2024-09-16,0
00026580,50,2025-07-11,250
00026581,50,2024-05-16,0
00026582,150,2024-11-19,0
00026583,50,2024-07-13,0
00026584,500,2024-03-21,0
00026585,200,2024-06-08,0
00026586,150,2022-05-16,0
00026587,200,2022-04-15,0
00026588,500,2023-11-24,0
00026589,500,2025-01-12,0
00026590,150,2023-06-29,0
00026591,150,2023-11-30,1500
00026592,500,2024-11-04,0
00026593,150,2023-12-27,0
00026594,200,2025-02-18,0
00026595,150,2023-10-10,0
00026596,200,2023-11-07,0
00026597,200,2024-05-01,0
00026598,200,2023-05-02,0
00026599,150,2024-01-26,0
00026600,150,2022-07-08,0
00026601,500,2023-03-12,0
00026602,50,2022-06-11,0
00026603,500,2022-08-12,0
00026604,500,2024-01-29,50000
00026605,100,2023-09-03,0
00026606,500,2025-10-15,0
00026607,500,2024-10-03,0
00026608,50,2022-01-03,0
00026609,200,2024-10-30,0
00026610,500,2023-01-11,0
00026611,100,2023-09-12,0
00026612,150,2023-01-10,0
00026613,500,2023-01-14,0
00026614,500,2025-07-31,0
00026615,50,2023-11-11,0
00026616,50,2023-03-06,0
00026617,200,2022-12-27,0
00026618,200,2022-08-29,0
00026619,50,2022-05-14,0
00026620,50,2025-12-23,0
00026621,500,2024-08-14,0
00026622,200,2022-08-21,0
00026623,150,2024-08-15,0
00026624,100,2022-05-21,0
00026625,200,2022-09-15,0
00026626,200,2025-07-15,0
00026627,100,2022-03-09,100
00026628,50,2025-08-14,0
00026629,100,2024-06-09,0
00026630,150,2022-11-15,0
00026631,200,2023-08-04,0
00026632,500,2022-01-21,0
00026633,100,2023-04-19,0
00026634,150,2022-11-24,0
00026635,500,2025-07-14,0
00026636,150,2025-05-08,0
00026637,500,2023-03-16,0
00026638,500,2023-09-23,0
00026639,200,2023-08-14,0
00026640,50,2024-03-16,0
00026641,500,2024-12-05,0
00026642,150,2023-11-01,0
00026643,50,2023-02-01,0
00026644,200,2025-11-30,2000
00026645,200,2025-08-16,0
00026646,50,2025-07-21,250
00026647,150,2022-10-08,0
00026648,500,2023-06-17,0
00026649,500,2025-04-28,0
00026650,100,2023-05-16,0
00026651,150,2024-09-03,15000
00026652,500,2025-12-30,0
00026653,500,2023-07-10,0
00026654,150,2022-02-15,0
00026655,150,2024-07-15,0
00026656,100,2024-08-18,0
00026657,200,2022-11-12,0
00026658,500,2022-10-12,0
00026659,200,2022-05-31,0
00026660,50,2025-11-01,0
00026661,200,2023-06-10,20000
00026662,500,2025-01-14,0
00026663,200,2023-04-29,0
00026664,500,2024-12-11,0
00026665,150,2022-11-01,0
00026666,150,2022-11-27,0
00026667,200,2023-08-22,0
00026668,50,2025-11-19,0
00026669,50,2022-08-16,0
00026670,50,2024-12-11,0
00026671,500,2023-10-30,0
00026672,500,2025-08-22,0
00026673,50,2022-06-17,0
00026674,50,2025-11-21,0
00026675,150,2024-05-15,0
00026676,100,2025-02-25,0
00026677,200,2025-03-11,0
00026678,150,2022-10-30,0
00026679,200,2025-04-29,0
00026680,50,2024-08-14,0
00026681,200,2025-06-27,0
00026682,150,2023-04-14,0
00026683,200,2022-05-06,0
00026684,500,2025-07-21,0
00026685,100,2025-05-20,0
00026686,500,2024-12-06,0
00026687,200,2023-11-26,0
00026688,150,2025-08-04,0
00026689,100,2024-04-15,0
00026690,100,2025-03-10,0
00026691,500,2022-04-24,0
00026692,150,2023-01-04,150
00026693,500,2022-12-07,0
00026694,50,2023-01-18,0
00026695,500,2023-07-17,50000
00026696,200,2022-04-30,0
00026697,100,2022-02-25,0
00026698,150,2023-07-26,0
00026699,50,2024-09-26,0
00026700,150,2022-05-02,0
00026701,200,2024-06-14,0
00026702,200,2023-07-07,0
00026703,500,2025-11-15,0
00026704,150,2025-03-26,0
00026705,150,2024-12-26,0
00026706,200,2025-03-08,0
00026707,200,2025-01-24,1000
00026708,100,2022-01-31,0
00026709,200,2024-05-14,0
00026710,150,2023-02-17,15000
00026711,150,2025-11-09,0
00026712,150,2025-03-04,0
00026713,200,2023-06-26,0
00026714,100,2023-04-20,0
00026715,50,2022-11-10,0
00026716,100,2023-08-12,0
00026717,100,2025-07-28,0
00026718,50,2023-05-09,0
00026719,100,2024-03-14,0
00026720,200,2024-11-15,0
00026721,150,2023-04-13,0
00026722,50,2024-02-23,0
00026723,50,2023-01-22,0
00026724,200,2025-02-02,0
00026725,100,2023-04-27,0
00026726,200,2024-03-23,0
00026727,50,2024-02-10,0
00026728,500,2024-10-24,0
00026729,50,2022-09-04,0
00026730,100,2023-11-24,0
00026731,150,2024-09-11,0
00026732,50,2023-12-17,0
00026733,100,2023-09-23,0
00026734,50,2025-07-28,0
00026735,100,2025-05-24,0
00026736,500,2022-01-12,0
00026737,150,2023-07-11,0
00026738,200,2022-01-05,0
00026739,500,2023-05-27,0
00026740,200,2022-04-19,20000
00026741,500,2025-03-18,0
00026742,500,2023-03-16,0
00026743,50,2024-04-01,5000
00026744,200,2023-01-06,0
00026745,500,2022-10-02,5000
00026746,50,2022-08-20,0
00026747,500,2024-05-31,0
00026748,200,2025-04-25,0
00026749,500,2022-08-19,2500
00026750,50,2022-10-09,0
00026751,50,2022-07-22,0
00026752,100,2025-02-19,100000
00026753,150,2025-11-27,0
00026754,50,2022-10-20,0
00026755,200,2024-09-27,0
00026756,50,2025-06-19,0
00026757,150,2023-05-15,0
00026758,50,2023-08-07,100000
00026759,150,2024-12-18,0
00026760,100,2024-05-08,0
00026761,200,2025-11-30,0
00026762,100,2023-06-26,100
00026763,100,2022-03-16,10000
00026764,100,2023-04-23,0
00026765,100,2023-01-19,0
00026766,500,2022-08-22,0
00026767,100,2023-03-28,0
00026768,200,2024-09-22,0
00026769,100,2025-05-09,0
00026770,200,2025-11-28,0
00026771,200,2023-11-14,0
00026772,50,2023-08-12,0
00026773,100,2025-08-23,0
00026774,100,2023-12-06,0
00026775,100,2025-09-26,10000
00026776,50,2022-10-16,0
00026777,100,2023-09-09,0
00026778,200,2023-09-20,0
00026779,500,2024-09-10,0
00026780,100,2024-10-08,1000
00026781,150,2022-05-27,0
00026782,50,2023-03-04,0
00026783,500,2024-07-14,0
00026784,500,2024-07-25,0
00026785,500,2022-02-03,0
00026786,500,2025-07-22,0
00026787,50,2024-07-26,0
00026788,200,2024-08-23,0
00026789,100,2025-06-15,0
00026790,100,2024-06-10,0
00026791,500,2023-09-09,0
00026792,500,2025-04-15,0
00026793,200,2023-01-15,200
00026794,100,2023-10-11,0
00026795,50,2023-09-12,0
00026796,50,2022-08-31,0
00026797,150,2024-05-04,0
00026798,50,2023-05-12,0
00026799,500,2023-04-11,0
00026800,100,2024-12-08,0
00026801,150,2025-03-23,0
00026802,150,2025-11-24,0
00026803,100,2023-07-25,0
00026804,200,2022-08-17,2000
00026805,50,2024-08-09,0
00026806,500,2023-11-12,0
00026807,50,2022-01-14,0
00026808,50,2022-05-25,0
00026809,50,2023-07-02,100000
00026810,200,2025-09-08,0
00026811,50,2022-08-15,0
00026812,500,2022-02-11,0
00026813,50,2023-07-21,0
00026814,500,2025-04-19,5000
00026815,500,2022-10-29,100000
00026816,50,2022-12-14,250
00026817,150,2023-08-12,1500
00026818,50,2022-05-22,0
00026819,200,2024-05-09,0
00026820,50,2023-11-28,0
00026821,50,2025-05-24,0
00026822,200,2023-11-08,0
00026823,50,2022-06-01,0
00026824,150,2023-03-31,750
00026825,100,2025-05-16,0
00026826,50,2023-06-15,0
00026827,500,2022-10-02,0
00026828,500,2025-08-16,0
00026829,100,2023-03-02,0
00026830,500,2024-04-02,0
00026831,200,2022-12-09,0
00026832,200,2022-12-07,0
00026833,200,2022-08-02,0
00026834,100,2025-03-16,1000
00026835,100,2024-06-27,0
00026836,200,2023-02-12,20000
00026837,100,2025-10-15,0
00026838,50,2023-04-24,0
00026839,500,2022-03-24,2500
00026840,150,2025-09-17,0
00026841,200,2025-12-23,0
00026842,200,2025-10-02,0
00026843,200,2024-01-20,0
00026844,200,2022-10-26,0
00026845,200,2025-12-19,0
00026846,100,2022-11-18,0
00026847,100,2023-02-21,0
00026848,150,2023-11-12,0
00026849,150,2022-08-11,0
00026850,100,2022-01-10,1000
00026851,500,2022-01-03,0
00026852,500,2023-01-09,0
00026853,50,2023-05-03,250
00026854,100,2025-10-10,0
00026855,150,2023-02-17,0
00026856,150,2024-01-27,0
00026857,100,2022-02-17,0
00026858,50,2024-02-15,0
00026859,150,2025-01-30,1500
00026860,500,2023-07-09,50000
00026861,200,2023-09-10,0
00026862,150,2022-05-17,0
00026863,50,2024-09-21,0
00026864,100,2025-11-23,0
00026865,50,2022-01-26,0
00026866,500,2024-10-27,0
00026867,150,2025-03-29,0
00026868,100,2025-01-03,0
00026869,150,2023-11-11,0
00026870,50,2024-08-31,0
00026871,100,2025-06-19,0
00026872,100,2025-01-20,10000
00026873,500,2025-11-02,0
00026874,50,2022-04-18,50
00026875,150,2024-06-06,0
00026876,500,2024-09-17,0
00026877,50,2023-04-05,0
00026878,200,2023-06-12,0
00026879,500,2024-02-11,0
00026880,100,2025-10-03,0
00026881,50,2024-04-04,0
00026882,500,2025-05-27,0
00026883,500,2024-06-04,0
00026884,500,2024-07-18,0
00026885,500,2023-04-25,0
00026886,500,2023-10-17,0
00026887,100,2024-01-10,0
00026888,100,2025-09-25,0
00026889,50,2023-10-09,0
00026890,200,2022-03-10,0
00026891,200,2025-04-30,0
00026892,50,2023-10-04,0
00026893,500,2022-09-02,0
00026894,50,2022-06-08,0
00026895,150,2023-09-24,0
00026896,50,2023-01-03,0
00026897,150,2024-10-01,0
00026898,500,2025-11-28,0
00026899,500,2022-03-19,0
00026900,100,2022-01-09,0
00026901,100,2022-12-11,0
00026902,500,2024-10-09,0
00026903,50,2024-06-23,0
00026904,500,2024-02-27,0
00026905,200,2024-12-14,0
00026906,100,2022-11-04,0
00026907,100,2024-02-04,0
00026908,500,2025-12-14,0
00026909,150,2024-01-09,0
00026910,100,2022-12-31,0
00026911,100,2023-05-12,0
00026912,200,2022-03-17,2000
00026913,150,2022-10-22,0
00026914,500,2024-12-02,0
00026915,100,2022-12-09,100000
00026916,500,2025-07-16,5000
00026917,100,2023-03-03,0
00026918,100,2025-09-01,0
00026919,50,2024-05-06,100000
00026920,150,2023-11-11,0
00026921,200,2022-10-22,0
00026922,150,2024-09-09,0
00026923,100,2025-12-19,0
00026924,100,2025-09-16,0
00026925,150,2025-02-15,0
00026926,200,2022-06-12,0
00026927,200,2023-04-24,0
00026928,500,2022-04-10,0
00026929,50,2023-05-13,0
00026930,50,2022-08-19,0
00026931,100,2024-09-21,0
00026932,100,2022-08-28,0
00026933,150,2025-08-01,0
00026934,200,2023-07-04,0
00026935,50,2025-01-07,0
00026936,150,2025-07-19,0
00026937,200,2025-10-15,0
00026938,150,2022-06-20,0
00026939,50,2022-10-19,5000
00026940,150,2023-11-29,0
00026941,100,2022-06-26,0
00026942,50,2024-01-18,5000
00026943,100,2024-11-13,0
00026944,500,2025-09-01,0
00026945,500,2023-12-18,0
00026946,50,2025-07-15,0
00026947,50,2023-02-03,0
00026948,150,2023-03-31,0
00026949,150,2025-04-23,0
00026950,150,2023-02-06,0
00026951,100,2022-01-23,0
00026952,150,2024-04-27,15000
00026953,150,2022-10-14,750
00026954,100,2024-01-13,0
00026955,100,2025-06-19,0
00026956,200,2022-04-07,0
00026957,50,2022-03-29,0
00026958,50,2022-07-24,0
00026959,50,2025-12-11,0
00026960,50,2023-04-04,0
00026961,100,2025-09-26,0
00026962,150,2025-12-24,0
00026963,100,2025-11-10,0
00026964,150,2023-10-15,0
00026965,200,2025-12-08,0
00026966,200,2022-03-19,0
00026967,200,2024-08-31,0
00026968,50,2022-12-19,5000
00026969,100,2024-11-06,0
00026970,150,2025-04-10,0
00026971,100,2022-12-10,0
00026972,100,2025-06-25,0
00026973,100,2023-07-25,0
00026974,500,2023-06-22,0
00026975,200,2025-12-05,0
00026976,500,2025-04-20,0
00026977,50,2024-07-28,0
00026978,500,2022-06-12,500
00026979,150,2025-07-14,15000
00026980,50,2025-07-09,0
00026981,500,2022-06-08,0
00026982,150,2023-02-14,0
00026983,150,2025-03-23,0
00026984,500,2024-01-12,0
00026985,50,2024-01-18,0
00026986,100,2025-07-04,0
00026987,50,2025-06-17,0
00026988,100,2025-09-01,0
00026989,150,2022-11-05,0
00026990,500,2023-11-10,500
00026991,150,2022-12-15,0
00026992,500,2022-01-30,50000
00026993,150,2024-12-15,0
00026994,50,2025-07-05,0
00026995,200,2025-04-21,0
00026996,100,2023-07-04,0
00026997,500,2025-08-28,0
00026998,150,2025-05-24,0
00026999,500,2025-04-21,0
00027000,500,2025-06-19,0
00027001,500,2024-04-23,0
00027002,50,2023-01-14,0
00027003,200,2025-03-13,0
00027004,100,2022-04-21,1000
00027005,200,2024-04-04,0
00027006,100,2023-08-13,0
00027007,150,2022-10-18,0
00027008,100,2025-01-11,100000
00027009,100,2022-11-13,0
00027010,50,2022-11-21,0
00027011,500,2022-05-15,0
00027012,500,2023-01-08,0
00027013,100,2025-05-25,0
00027014,100,2022-08-19,0
00027015,500,2025-11-15,50000
00027016,200,2022-02-09,0
00027017,100,2025-04-15,0
00027018,50,2024-04-20,0
00027019,50,2022-08-28,0
00027020,150,2022-05-03,0
00027021,50,2025-10-20,0
00027022,50,2024-09-10,0
00027023,500,2024-09-26,0
00027024,200,2024-09-04,0
00027025,500,2023-03-20,0
00027026,150,2022-02-15,0
00027027,50,2023-07-11,0
00027028,100,2022-03-30,0
00027029,200,2024-04-07,0
00027030,200,2024-12-23,0
00027031,150,2025-12-02,0
00027032,150,2023-05-26,150
00027033,100,2022-09-23,0
00027034,150,2022-08-30,0
00027035,150,2023-05-30,0
00027036,50,2024-10-30,0
00027037,50,2025-08-16,0
00027038,150,2022-03-24,0
00027039,100,2022-10-28,10000
00027040,100,2024-02-07,0
00027041,100,2022-12-22,0
00027042,150,2022-01-18,0
00027043,500,2023-08-27,0
00027044,200,2023-08-27,0
00027045,500,2023-05-13,0
00027046,50,2024-04-13,0
00027047,100,2022-10-26,0
00027048,100,2024-11-10,0
00027049,150,2022-02-22,0
00027050,50,2023-02-07,0
00027051,100,2024-09-07,0
00027052,50,2023-02-28,0
00027053,100,2022-09-10,0
00027054,200,2023-11-01,0
00027055,50,2024-03-06,0
00027056,100,2025-07-05,0
00027057,150,2022-05-10,0
00027058,500,2024-11-04,0
00027059,100,2022-08-19,0
00027060,50,2023-10-24,0
00027061,100,2022-01-18,0
00027062,200,2025-04-12,2000
00027063,200,2023-02-14,0
00027064,50,2024-10-16,0
00027065,50,2025-01-26,0
00027066,150,2025-06-26,0
00027067,200,2024-07-29,0
00027068,100,2023-12-21,0
00027069,150,2025-07-28,1500
00027070,100,2023-01-31,0
00027071,150,2025-10-23,0
00027072,100,2023-02-08,0
00027073,150,2022-02-09,0
00027074,500,2023-08-18,0
00027075,100,2023-03-23,0
00027076,500,2022-02-11,0
00027077,150,2024-10-18,0
00027078,100,2024-08-27,0
00027079,50,2024-03-17,0
00027080,150,2025-02-04,0
00027081,200,2024-09-15,0
00027082,200,2024-11-21,0
00027083,200,2024-10-21,0
00027084,150,2022-08-14,0
00027085,50,2022-07-15,0
00027086,100,2024-05-12,500
00027087,200,2022-01-25,0
00027088,150,2023-11-21,0
00027089,200,2025-12-26,0
00027090,150,2023-07-13,0
00027091,150,2022-12-27,0
00027092,500,2024-05-06,5000
00027093,150,2022-02-13,0
00027094,50,2023-04-06,0
00027095,500,2022-12-15,0
00027096,150,2024-11-20,150
00027097,50,2025-07-26,50
00027098,50,2025-03-27,50
00027099,150,2023-09-23,0
00027100,500,2022-07-28,0
00027101,150,2024-10-29,0
00027102,50,2025-08-21,0
00027103,50,2022-03-12,0
00027104,200,2025-12-05,0
00027105,150,2024-01-01,0
00027106,200,2022-10-21,0
00027107,150,2025-12-22,0
00027108,150,2024-05-02,0
00027109,500,2022-11-21,0
00027110,200,2025-02-15,0
00027111,150,2024-12-30,0
00027112,150,2025-04-21,0
00027113,100,2022-04-09,0
00027114,50,2025-11-08,50
00027115,50,2022-10-14,0
00027116,150,2025-10-13,0
00027117,200,2024-07-27,0
00027118,200,2022-09-06,0
00027119,50,2022-09-29,0
00027120,200,2024-04-02,0
00027121,200,2023-12-01,0
00027122,150,2025-09-20,0
00027123,500,2023-09-01,0
00027124,50,2025-10-24,0
00027125,100,2024-02-24,0
00027126,200,2022-07-08,1000
00027127,150,2023-02-20,0
00027128,100,2025-05-27,0
00027129,500,2024-03-25,0
00027130,500,2025-08-24,50000
00027131,500,2023-02-16,0
00027132,200,2023-11-28,0
00027133,100,2025-07-05,0
00027134,100,2024-09-06,0
00027135,50,2023-03-20,500
00027136,500,2024-02-16,0
00027137,50,2024-08-24,250
00027138,500,2025-03-17,0
00027139,200,2025-09-26,0
00027140,500,2023-11-20,0
00027141,50,2024-06-28,0
00027142,150,2023-05-20,0
00027143,150,2022-06-23,0
00027144,100,2024-04-15,0
00027145,200,2025-11-20,0
00027146,500,2023-10-26,100000
00027147,200,2024-07-23,0
00027148,50,2024-03-24,0
00027149,150,2024-08-01,0
00027150,150,2024-01-29,0
00027151,100,2024-09-01,0
00027152,50,2024-04-18,500
00027153,200,2022-03-30,0
00027154,200,2024-11-07,0
00027155,50,2022-09-29,0
00027156,100,2025-02-12,0
00027157,100,2024-01-11,0
00027158,500,2024-01-03,0
00027159,100,2025-07-01,0
00027160,100,2025-06-20,0
00027161,500,2022-05-06,0
00027162,150,2024-08-23,15000
00027163,150,2022-07-17,0
00027164,200,2024-09-26,0
00027165,150,2024-12-12,0
00027166,200,2022-09-01,0
00027167,150,2022-07-31,0
00027168,200,2022-01-30,200
00027169,150,2023-08-05,0
00027170,150,2025-01-02,0
00027171,150,2022-08-06,15000
00027172,200,2022-03-10,0
00027173,200,2025-07-08,0
00027174,100,2025-11-05,0
00027175,150,2023-03-31,15000
00027176,100,2023-07-30,500
00027177,200,2023-07-20,0
00027178,100,2022-06-24,0
00027179,500,2022-09-06,0
00027180,50,2025-06-01,0
00027181,100,2024-12-12,100000
00027182,50,2025-01-11,0
00027183,150,2023-01-22,0
00027184,150,2022-08-07,0
00027185,100,2024-05-05,500
00027186,200,2025-07-19,0
00027187,200,2023-06-30,0
00027188,500,2024-03-01,100000
00027189,500,2025-07-25,0
00027190,150,2022-09-25,0
00027191,200,2022-11-05,0
00027192,150,2025-01-02,0
00027193,500,2022-09-23,0
00027194,50,2022-11-26,0
00027195,100,2023-12-16,0
00027196,200,2023-12-14,0
00027197,100,2022-11-14,500
00027198,500,2023-08-11,0
00027199,50,2023-04-24,500
00027200,50,2023-12-06,0
00027201,50,2024-03-12,0
00027202,50,2025-05-18,0
00027203,150,2024-04-19,0
00027204,100,2025-05-08,1000
00027205,150,2022-08-06,0
00027206,50,2024-06-28,50
00027207,100,2024-10-26,0
00027208,150,2022-05-17,0
00027209,100,2024-01-10,0
00027210,200,2024-03-29,0
00027211,150,2025-01-04,0
00027212,500,2023-10-24,0
00027213,200,2024-04-17,0
00027214,200,2025-03-07,0
00027215,150,2024-11-11,0
00027216,200,2023-03-11,0
00027217,100,2022-08-11,0
00027218,200,2024-03-13,0
00027219,200,2023-06-16,0
00027220,200,2023-09-14,0
00027221,50,2024-09-11,0
00027222,100,2024-01-08,0
00027223,150,2023-12-17,0
00027224,500,2023-11-04,100000
00027225,100,2025-04-13,0
00027226,50,2025-06-06,50
00027227,50,2022-12-16,0
00027228,500,2025-10-25,500
00027229,500,2025-04-08,2500
00027230,500,2023-07-12,0
00027231,500,2023-05-22,0
00027232,100,2025-05-15,100
00027233,200,2025-09-06,0
00027234,50,2024-12-27,0
00027235,200,2022-12-27,0
00027236,500,2024-09-22,5000
00027237,150,2022-04-23,0
00027238,500,2025-07-13,0
00027239,100,2025-09-24,1000
00027240,150,2024-03-29,0
00027241,500,2023-08-06,0
00027242,100,2025-06-10,0
00027243,200,2023-08-18,0
00027244,150,2024-10-01,0
00027245,500,2023-03-30,2500
00027246,50,2023-07-17,0
00027247,500,2022-11-25,0
00027248,100,2023-05-07,0
00027249,100,2022-03-16,100000
00027250,100,2025-01-29,0
00027251,500,2022-11-29,0
00027252,200,2022-12-21,0
00027253,200,2022-07-25,2000
00027254,100,2024-04-20,10000
00027255,150,2024-03-05,0
00027256,200,2025-02-16,0
00027257,100,2024-01-02,0
00027258,100,2022-05-25,0
00027259,150,2023-08-23,0
00027260,200,2025-05-13,100000
00027261,500,2023-02-16,0
00027262,100,2023-08-07,0
00027263,200,2025-02-06,0
00027264,50,2022-08-06,0
00027265,200,2024-07-26,100000
00027266,200,2025-05-01,0
00027267,150,2022-03-23,0
00027268,50,2022-04-16,0
00027269,150,2024-04-04,0
00027270,50,2023-09-04,0
00027271,200,2024-07-17,0
00027272,150,2022-10-21,150
00027273,150,2023-09-22,0
00027274,50,2023-01-27,0
00027275,500,2023-04-24,0
00027276,500,2025-07-13,0
00027277,500,2025-03-19,0
00027278,100,2025-06-05,0
00027279,500,2022-03-28,0
00027280,500,2024-01-31,0
00027281,500,2023-10-25,0
00027282,500,2022-06-25,0
00027283,100,2024-11-19,0
00027284,100,2022-08-30,0
00027285,200,2024-06-07,0
00027286,500,2024-05-28,0
00027287,100,2024-12-24,0
00027288,150,2024-10-02,0
00027289,500,2024-05-31,0
00027290,150,2024-05-14,0
00027291,200,2022-09-01,0
00027292,50,2022-05-17,0
00027293,50,2023-11-23,500
00027294,50,2025-06-30,5000
00027295,500,2024-04-11,500
00027296,150,2022-02-14,0
00027297,200,2024-07-14,2000
00027298,200,2022-02-12,1000
00027299,200,2023-01-27,0
00027300,150,2025-10-08,0
00027301,150,2024-02-08,0
00027302,150,2022-03-30,0
00027303,150,2024-07-25,0
00027304,50,2025-02-28,0
00027305,500,2023-05-13,0
00027306,500,2023-03-20,0
00027307,150,2025-03-14,0
00027308,50,2024-03-15,0
00027309,150,2025-03-03,0
00027310,200,2022-05-16,0
00027311,100,2024-01-11,0
00027312,50,2022-07-31,0
00027313,150,2023-08-29,0
00027314,50,2023-01-29,0
00027315,500,2024-07-23,0
00027316,200,2024-06-24,0
00027317,50,2022-08-06,0
00027318,50,2024-08-10,0
00027319,50,2023-01-09,0
00027320,50,2025-10-27,0
00027321,200,2022-06-04,0
00027322,50,2025-06-23,0
00027323,150,2024-03-31,0
00027324,50,2022-01-11,0
00027325,100,2023-09-03,0
00027326,50,2022-05-01,0
00027327,150,2025-08-02,0
00027328,500,2023-01-22,0
00027329,200,2023-09-27,0
00027330,100,2022-07-10,0
00027331,500,2024-10-23,5000
00027332,200,2025-03-02,0
00027333,100,2024-03-03,0
00027334,200,2025-09-25,0
00027335,500,2023-12-01,0
00027336,200,2025-05-27,0
00027337,500,2022-05-02,0
00027338,100,2025-06-19,0
00027339,500,2022-10-01,0
00027340,50,2024-10-05,0
00027341,100,2025-06-09,0
00027342,100,2022-05-19,1000
00027343,500,2022-12-12,0
00027344,500,2023-08-21,0
00027345,150,2025-09-24,0
00027346,50,2022-11-24,100000
00027347,100,2025-01-06,0
00027348,100,2025-04-17,1000
00027349,150,2024-08-16,1500
00027350,150,2023-05-24,0
00027351,50,2022-11-12,0
00027352,150,2025-09-01,0
00027353,150,2023-01-29,0
00027354,150,2023-08-22,0
00027355,500,2023-01-11,0
00027356,200,2024-11-19,0
00027357,50,2022-02-20,0
00027358,50,2025-01-27,0
00027359,500,2025-12-25,0
00027360,50,2025-01-12,0
00027361,50,2024-04-10,0
00027362,200,2022-11-26,0
00027363,100,2024-04-03,0
00027364,150,2022-07-24,0
00027365,50,2024-08-08,0
00027366,150,2022-05-09,0
00027367,100,2023-08-15,0
00027368,150,2024-05-18,0
00027369,500,2023-08-08,5000
00027370,50,2025-06-14,0
00027371,50,2024-06-29,0
00027372,150,2024-04-19,0
00027373,200,2025-02-11,0
00027374,50,2024-12-01,0
00027375,50,2023-10-30,50
00027376,50,2024-03-22,0
00027377,50,2025-04-27,0
00027378,50,2022-12-25,0
00027379,500,2025-03-20,0
00027380,100,2025-11-01,0
00027381,100,2024-03-04,0
00027382,50,2024-01-20,0
00027383,200,2024-06-25,0
00027384,150,2022-09-27,0
00027385,500,2024-10-24,0
00027386,200,2025-02-27,0
00027387,150,2024-08-01,0
00027388,100,2023-02-08,0
00027389,50,2023-05-14,0
00027390,150,2025-07-18,0
00027391,50,2023-01-01,0
00027392,500,2022-01-12,0
00027393,50,2022-08-27,0
00027394,150,2025-06-12,0
00027395,50,2025-07-14,0
00027396,500,2022-11-06,0
00027397,100,2022-06-21,0
00027398,150,2022-06-05,0
00027399,500,2025-01-11,0
00027400,50,2025-12-06,0
00027401,500,2023-12-05,0
00027402,200,2024-04-13,0
00027403,500,2025-12-13,0
00027404,150,2024-03-21,0
00027405,150,2022-04-30,150
00027406,150,2025-10-15,0
00027407,500,2024-03-14,100000
00027408,500,2022-11-16,0
00027409,200,2023-09-21,0
00027410,50,2024-09-11,0
00027411,150,2022-12-21,0
00027412,500,2025-06-21,0
00027413,500,2025-08-18,0
00027414,200,2024-03-28,0
00027415,500,2022-09-05,0
00027416,50,2024-07-08,0
00027417,150,2022-06-18,0
00027418,150,2025-10-22,0
00027419,50,2022-05-30,0
00027420,500,2023-12-14,50000
00027421,100,2023-11-20,0
00027422,200,2024-06-27,0
00027423,150,2023-04-01,1500
00027424,150,2024-03-04,0
00027425,150,2025-08-13,0
00027426,50,2025-02-10,0
00027427,200,2023-05-15,0
00027428,150,2023-03-05,0
00027429,150,2022-01-18,0
00027430,150,2022-07-03,0
00027431,100,2024-08-09,0
00027432,500,2025-08-25,0
00027433,200,2022-10-20,0
00027434,500,2024-12-21,0
00027435,50,2023-11-27,0
00027436,200,2022-01-15,0
00027437,500,2025-02-28,0
00027438,100,2022-10-27,0
00027439,50,2025-03-26,0
00027440,150,2024-04-02,0
00027441,200,2023-02-28,0
00027442,500,2022-10-31,0
00027443,500,2022-04-05,0
00027444,500,2024-06-27,0
00027445,50,2025-12-02,0
00027446,200,2025-01-05,100000
00027447,500,2022-08-27,500
00027448,500,2024-10-19,0
00027449,50,2022-12-25,0
00027450,500,2025-04-07,0
00027451,200,2023-11-13,0
00027452,50,2022-03-28,0
00027453,100,2022-05-12,0
00027454,500,2023-10-10,0
00027455,500,2022-11-22,0
00027456,150,2022-10-16,0
00027457,500,2025-08-04,0
00027458,100,2022-04-19,0
00027459,150,2024-12-07,0
00027460,50,2023-01-04,0
00027461,200,2023-04-21,0
00027462,500,2022-07-10,50000
00027463,500,2022-04-19,0
00027464,200,2022-11-01,0
00027465,100,2022-12-19,0
00027466,150,2024-02-03,0
00027467,200,2024-08-03,0
00027468,200,2023-07-01,0
00027469,150,2022-01-02,0
00027470,100,2023-01-05,0
00027471,50,2025-05-16,0
00027472,200,2022-10-29,0
00027473,50,2024-02-12,0
00027474,200,2024-11-08,0
00027475,500,2025-05-16,0
00027476,200,2022-10-28,0
00027477,150,2022-08-03,0
00027478,500,2024-08-02,0
00027479,200,2024-11-03,0
00027480,150,2022-12-12,0
00027481,200,2024-11-12,0
00027482,100,2023-11-02,0
00027483,500,2024-03-20,0
00027484,100,2025-11-21,0
00027485,500,2024-01-03,0
00027486,50,2025-07-04,0
00027487,50,2024-08-31,0
00027488,200,2025-03-12,0
00027489,100,2024-12-30,0
00027490,100,2024-01-07,0
00027491,150,2023-11-12,0
00027492,50,2023-06-24,0
00027493,150,2025-05-27,0
00027494,100,2022-05-14,0
00027495,50,2025-05-02,0
00027496,150,2023-04-14,0
00027497,500,2025-03-26,0
00027498,100,2022-08-05,0
00027499,150,2025-11-06,0
00027500,150,2025-09-23,0
00027501,200,2024-01-25,0
00027502,100,2023-04-19,0
00027503,500,2022-04-02,0
00027504,50,2025-05-21,0
00027505,150,2022-12-22,0
00027506,50,2024-11-17,0
00027507,200,2025-07-01,0
00027508,150,2025-09-27,0
00027509,200,2022-07-27,0
00027510,200,2025-09-05,0
00027511,100,2023-09-07,0
00027512,50,2025-06-10,0
00027513,150,2024-11-24,0
00027514,100,2025-09-02,0
00027515,500,2023-04-17,0
00027516,200,2023-06-17,0
00027517,500,2024-01-16,0
00027518,50,2022-04-10,0
00027519,50,2025-01-09,0
00027520,50,2022-01-20,0
00027521,200,2022-03-16,0
00027522,200,2025-09-05,0
00027523,500,2023-09-22,0
00027524,200,2023-04-22,0
00027525,500,2024-03-29,50000
00027526,150,2025-01-21,0
00027527,200,2025-05-18,0
00027528,100,2023-08-22,0
00027529,150,2025-02-08,0
00027530,100,2025-01-16,0
00027531,50,2023-02-14,0
00027532,200,2022-02-03,0
00027533,200,2022-02-28,0
00027534,100,2022-04-16,0
00027535,50,2023-07-27,100000
00027536,100,2024-03-04,0
00027537,200,2025-11-20,20000
00027538,500,2022-12-09,0
00027539,50,2024-08-28,0
00027540,200,2023-07-14,0
00027541,200,2024-10-20,2000
00027542,200,2023-09-04,0
00027543,50,2023-12-06,50
00027544,500,2022-03-18,0
00027545,50,2022-05-09,0
00027546,100,2024-05-06,0
00027547,200,2023-01-15,200
00027548,50,2025-06-13,0
00027549,200,2025-01-02,0
00027550,50,2025-05-27,50
00027551,150,2022-12-01,0
00027552,200,2025-07-30,0
00027553,100,2025-12-12,0
00027554,200,2023-09-25,0
00027555,150,2022-03-10,0
00027556,500,2025-10-25,0
00027557,100,2025-08-12,0
00027558,500,2022-10-17,0
00027559,100,2022-05-09,0
00027560,500,2025-08-09,0
00027561,100,2022-02-23,0
00027562,200,2023-06-21,0
00027563,100,2023-12-05,0
00027564,100,2024-01-19,0
00027565,50,2025-08-12,0
00027566,100,2025-11-11,0
00027567,50,2022-09-12,0
00027568,200,2024-09-10,0
00027569,50,2025-08-01,0
00027570,200,2022-11-08,0
00027571,150,2025-02-28,0
00027572,500,2025-12-02,0
00027573,150,2024-09-09,0
00027574,200,2025-08-04,0
00027575,500,2025-11-18,0
00027576,50,2024-10-08,0
00027577,200,2025-02-06,0
00027578,200,2024-12-31,0
00027579,50,2023-06-13,0
00027580,150,2023-11-04,0
00027581,50,2025-07-24,0
00027582,200,2022-01-29,200
00027583,50,2024-09-20,0
00027584,100,2024-07-26,0
00027585,50,2022-07-31,0
00027586,500,2025-07-05,0
00027587,50,2023-04-14,0
00027588,500,2024-11-22,0
00027589,150,2023-11-06,0
00027590,50,2024-05-10,5000
00027591,50,2025-09-15,0
00027592,150,2025-03-20,0
00027593,100,2023-12-13,0
00027594,150,2022-10-09,0
00027595,100,2024-07-10,1000
00027596,100,2022-02-28,0
00027597,200,2024-01-03,0
00027598,500,2025-04-16,0
00027599,150,2023-07-17,150
00027600,500,2025-04-06,0
00027601,500,2022-11-15,0
00027602,500,2022-10-14,0
00027603,150,2023-09-20,0
00027604,500,2025-08-11,0
00027605,200,2023-01-23,0
00027606,500,2023-04-27,0
00027607,200,2024-09-06,0
00027608,150,2022-08-21,0
00027609,500,2023-04-14,0
00027610,500,2023-11-19,0
00027611,500,2022-06-10,0
00027612,100,2024-03-06,0
00027613,500,2024-05-05,0
00027614,100,2024-01-24,0
00027615,500,2025-06-21,0
00027616,50,2024-07-05,0
00027617,150,2023-08-18,0
00027618,500,2025-01-24,0
00027619,100,2023-05-09,0
00027620,150,2022-03-03,0
00027621,200,2022-03-10,0
00027622,500,2023-10-19,0
00027623,200,2023-09-18,0
00027624,500,2022-10-23,0
00027625,500,2022-11-03,0
00027626,200,2023-12-24,0
00027627,500,2024-07-15,0
00027628,50,2024-08-11,0
00027629,50,2022-04-03,0
00027630,50,2025-11-20,0
00027631,150,2024-06-13,0
00027632,100,2025-04-05,0
00027633,100,2023-02-21,0
00027634,500,2024-02-11,0
00027635,100,2023-06-27,0
00027636,200,2022-12-14,0
00027637,100,2025-08-31,0
00027638,500,2023-11-10,0
00027639,500,2023-08-12,0
00027640,500,2025-01-20,5000
00027641,150,2024-09-24,0
00027642,200,2023-04-03,0
00027643,200,2025-01-22,0
00027644,150,2022-04-10,0
00027645,150,2023-10-04,1500
00027646,100,2023-08-24,0
00027647,50,2024-12-15,0
00027648,50,2022-02-08,0
00027649,50,2023-02-11,50
00027650,100,2023-11-30,0
00027651,200,2023-10-27,0
00027652,200,2025-07-24,0
00027653,200,2023-03-31,0
00027654,500,2023-09-19,0
00027655,500,2024-10-05,0
00027656,500,2023-05-06,0
00027657,50,2025-10-10,250
00027658,500,2024-10-31,0
00027659,150,2025-08-14,0
00027660,500,2023-01-12,0
00027661,50,2023-08-29,0
00027662,50,2024-08-11,0
00027663,100,2024-08-19,100000
00027664,500,2022-08-28,0
00027665,500,2024-10-10,0
00027666,100,2022-08-21,0
00027667,100,2025-11-04,0
00027668,200,2022-01-05,0
00027669,200,2024-05-14,0
00027670,500,2023-07-14,0
00027671,500,2024-10-06,0
00027672,500,2023-05-12,2500
00027673,100,2022-10-02,0
00027674,200,2022-12-26,0
00027675,500,2022-03-05,0
00027676,100,2024-07-23,0
00027677,150,2024-11-10,0
00027678,200,2025-03-14,0
00027679,100,2024-10-26,0
00027680,150,2025-12-09,0
00027681,150,2022-10-08,0
00027682,50,2023-11-09,500
00027683,50,2025-04-09,0
00027684,150,2022-03-26,0
00027685,100,2025-12-26,0
00027686,150,2023-12-14,15000
00027687,100,2024-02-03,500
00027688,200,2025-03-09,0
00027689,100,2024-05-22,1000
00027690,50,2024-01-21,0
00027691,50,2024-12-07,0
00027692,100,2025-12-26,0
00027693,500,2024-07-13,2500
00027694,50,2023-03-22,0
00027695,50,2023-03-19,0
00027696,500,2022-12-15,0
00027697,100,2025-04-16,0
00027698,200,2023-07-28,0
00027699,150,2023-11-04,750
00027700,100,2024-08-14,0
00027701,50,2024-07-12,0
00027702,200,2024-05-29,20000
00027703,200,2023-08-19,0
00027704,100,2022-01-08,0
00027705,50,2024-10-08,0
00027706,100,2025-08-15,0
00027707,500,2025-06-06,0
00027708,100,2023-05-21,100000
00027709,500,2025-04-09,0
00027710,50,2022-07-01,0
00027711,200,2025-10-19,0
00027712,50,2023-12-13,0
00027713,100,2022-06-04,0
00027714,100,2024-02-12,0
00027715,150,2024-07-10,0
00027716,500,2025-05-05,0
00027717,150,2024-03-20,0
00027718,200,2023-09-18,0
00027719,150,2023-12-02,15000
00027720,150,2025-09-07,1500
00027721,100,2023-06-06,0
00027722,150,2024-10-23,0
00027723,150,2025-09-24,100000
00027724,150,2022-05-09,1500
00027725,500,2023-06-28,0
00027726,150,2022-01-18,0
00027727,200,2024-01-30,0
00027728,100,2023-11-30,0
00027729,100,2022-11-05,0
00027730,500,2022-02-17,0
00027731,100,2024-05-12,100000
00027732,200,2025-08-18,0
00027733,150,2025-02-22,1500
00027734,200,2025-05-01,0
00027735,500,2024-07-09,0
00027736,100,2023-03-01,0
00027737,100,2022-03-15,100000
00027738,500,2024-07-19,0
00027739,50,2022-06-24,100000
00027740,200,2024-06-05,0
00027741,50,2022-12-01,0
00027742,200,2024-05-19,0
00027743,150,2023-05-15,0
00027744,500,2022-06-06,0
00027745,500,2025-01-30,0
00027746,200,2025-06-21,0
00027747,200,2022-11-21,100000
00027748,200,2025-02-14,0
00027749,100,2025-02-13,0
00027750,150,2023-12-08,0
00027751,150,2022-07-28,100000
00027752,100,2023-06-01,0
00027753,200,2023-04-29,100000
00027754,50,2023-06-17,0
00027755,50,2024-12-18,5000
00027756,100,2024-10-06,0
00027757,200,2022-01-29,200
00027758,50,2024-01-19,0
00027759,200,2023-04-28,0
00027760,50,2022-05-14,100000
00027761,150,2025-01-20,0
00027762,200,2025-12-09,0
00027763,100,2025-05-19,0
00027764,100,2024-11-26,0
00027765,100,2023-05-28,1000
00027766,200,2024-04-11,0
00027767,200,2023-07-20,0
00027768,200,2022-06-28,0
00027769,500,2022-08-06,5000
00027770,150,2022-12-11,0
00027771,200,2025-09-05,0
00027772,200,2025-09-20,0
00027773,50,2023-07-15,0
00027774,50,2022-05-23,0
00027775,200,2023-10-26,100000
00027776,100,2022-05-30,0
00027777,200,2022-08-03,0
00027778,100,2023-11-30,0
00027779,500,2025-06-17,0
00027780,200,2024-09-04,0
00027781,50,2024-05-28,0
00027782,150,2022-05-01,0
00027783,50,2024-03-07,0
00027784,150,2025-02-28,0
00027785,150,2024-01-07,0
00027786,500,2024-08-26,0
00027787,50,2024-10-24,0
00027788,100,2024-10-10,0
00027789,500,2023-12-14,0
00027790,200,2022-08-07,0
00027791,500,2025-05-10,0
00027792,500,2023-02-16,0
00027793,150,2022-02-05,0
00027794,500,2022-09-13,0
00027795,50,2022-12-13,0
00027796,100,2024-03-24,0
00027797,200,2023-12-23,0
00027798,200,2024-03-26,200
00027799,150,2022-10-14,0
00027800,100,2023-01-24,0
00027801,200,2023-12-08,0
00027802,100,2023-10-27,0
00027803,200,2025-02-11,0
00027804,50,2022-09-01,0
00027805,200,2025-09-07,2000
00027806,500,2024-02-28,0
00027807,500,2023-03-19,0
00027808,500,2023-01-20,0
00027809,500,2023-06-29,0
00027810,50,2025-12-28,0
00027811,200,2023-10-24,0
00027812,50,2023-08-04,0
00027813,150,2022-02-04,0
00027814,100,2023-01-02,0
00027815,50,2022-11-02,0
00027816,500,2025-08-09,0
00027817,500,2022-08-19,0
00027818,100,2024-09-27,0
00027819,150,2024-11-01,0
00027820,150,2025-05-16,0
00027821,150,2023-11-09,0
00027822,500,2022-11-05,0
00027823,100,2024-07-28,0
00027824,50,2023-06-13,0
00027825,500,2025-04-16,0
00027826,150,2022-12-10,0
00027827,500,2023-10-18,0
00027828,150,2024-12-11,0
00027829,50,2022-01-24,0
00027830,200,2024-10-05,100000
00027831,200,2024-03-27,0
00027832,150,2022-03-05,0
00027833,100,2025-02-19,0
00027834,100,2025-07-19,0
00027835,50,2025-10-11,0
00027836,200,2023-03-24,0
00027837,150,2022-11-10,0
00027838,500,2022-12-31,0
00027839,200,2022-02-20,0
00027840,200,2025-10-19,0
00027841,50,2025-01-14,0
00027842,200,2022-06-04,0
00027843,200,2024-10-02,0
00027844,50,2024-09-10,0
00027845,200,2023-04-10,0
00027846,500,2024-02-23,0
00027847,50,2023-03-28,0
00027848,500,2023-07-30,0
00027849,200,2025-01-02,0
00027850,500,2024-11-21,0
00027851,100,2024-04-23,0
00027852,500,2023-11-20,0
00027853,200,2025-01-27,0
00027854,100,2022-01-22,500
00027855,50,2025-07-12,0
00027856,150,2023-05-31,100000
00027857,500,2024-04-07,0
00027858,200,2023-09-20,0
00027859,500,2024-07-17,0
00027860,500,2023-03-04,0
00027861,100,2022-07-19,0
00027862,100,2025-10-06,0
00027863,100,2022-06-27,0
00027864,200,2023-05-06,0
00027865,100,2022-01-14,0
00027866,100,2025-12-08,0
00027867,50,2024-02-13,0
00027868,100,2024-10-27,0
00027869,150,2024-08-25,0
00027870,50,2022-05-12,0
00027871,500,2024-10-31,0
00027872,50,2023-08-27,0
00027873,50,2024-04-12,250
00027874,100,2024-05-28,0
00027875,500,2025-01-29,0
00027876,150,2024-09-06,0
00027877,50,2022-07-31,0
00027878,500,2024-04-14,0
00027879,500,2024-05-01,0
00027880,200,2025-08-30,0
00027881,50,2022-12-06,0
00027882,200,2024-05-11,0
00027883,50,2023-02-23,0
00027884,200,2023-03-05,0
00027885,500,2024-04-12,0
00027886,100,2025-03-25,100
00027887,100,2024-07-24,0
00027888,50,2022-11-22,0
00027889,100,2025-04-16,0
00027890,50,2025-09-06,0
00027891,200,2024-09-21,0
00027892,150,2022-04-05,0
00027893,100,2022-09-24,0
00027894,50,2023-07-16,0
00027895,100,2022-02-15,500
00027896,150,2025-03-25,0
00027897,200,2023-07-27,0
00027898,500,2022-12-28,0
00027899,500,2023-03-13,0
00027900,100,2023-12-24,0
00027901,100,2022-03-05,0
00027902,50,2025-08-14,0
00027903,50,2023-07-09,0
00027904,100,2023-07-21,0
00027905,100,2024-08-15,0
00027906,100,2022-04-12,0
00027907,150,2025-01-06,0
00027908,500,2022-02-22,0
00027909,150,2022-06-03,0
00027910,150,2025-09-18,0
00027911,500,2024-10-30,0
00027912,100,2022-02-09,0
00027913,500,2024-05-09,0
00027914,200,2023-07-17,0
00027915,500,2025-05-06,0
00027916,150,2022-12-01,0
00027917,500,2024-12-02,0
00027918,100,2025-08-14,0
00027919,50,2022-10-04,0
00027920,500,2025-07-20,50000
00027921,200,2024-01-25,0
00027922,150,2022-05-24,0
00027923,200,2024-06-22,0
00027924,100,2023-05-13,0
00027925,100,2025-11-02,0
00027926,200,2023-08-02,0
00027927,500,2025-09-07,0
00027928,150,2025-07-19,0
00027929,150,2025-08-28,750
00027930,150,2022-02-09,0
00027931,500,2025-11-26,500
00027932,150,2025-11-17,0
00027933,200,2023-12-17,20000
00027934,50,2023-05-20,500
00027935,500,2023-12-04,0
00027936,100,2025-11-27,0
00027937,200,2023-04-23,0
00027938,100,2022-12-21,0
00027939,50,2025-05-30,0
00027940,150,2025-11-17,0
00027941,200,2023-04-28,0
00027942,150,2023-03-24,0
00027943,500,2025-04-06,0
00027944,50,2022-12-23,0
00027945,100,2022-03-18,0
00027946,500,2023-04-03,0
00027947,200,2025-09-27,0
00027948,50,2024-03-22,0
00027949,500,2024-09-02,0
00027950,50,2025-08-05,5000
00027951,50,2024-04-22,0
00027952,500,2025-03-13,0
00027953,150,2025-08-23,1500
00027954,150,2024-02-22,0
00027955,100,2023-06-25,0
00027956,200,2023-07-15,0
00027957,200,2024-11-15,0
00027958,100,2025-07-21,0
00027959,200,2025-10-03,20000
00027960,150,2024-03-29,0
00027961,500,2024-05-07,0
00027962,50,2023-06-24,0
00027963,200,2023-07-21,0
00027964,500,2023-04-19,0
00027965,50,2024-08-02,0
00027966,500,2022-01-23,0
00027967,500,2025-07-07,0
00027968,50,2022-05-02,0
00027969,150,2022-08-09,0
00027970,500,2022-12-17,0
00027971,200,2022-04-03,0
00027972,150,2023-05-27,0
00027973,150,2022-05-22,0
00027974,50,2022-01-03,0
00027975,50,2022-05-31,0
00027976,100,2022-05-27,0
00027977,500,2022-10-13,0
00027978,500,2025-06-06,0
00027979,200,2022-01-04,0
00027980,500,2025-07-03,0
00027981,100,2024-05-07,0
00027982,100,2025-03-02,0
00027983,100,2025-09-23,0
00027984,50,2022-11-10,0
00027985,100,2025-01-16,0
00027986,100,2022-09-03,0
00027987,50,2022-03-25,0
00027988,100,2022-09-25,0
00027989,200,2023-09-14,0
00027990,200,2022-03-31,2000
00027991,500,2025-11-02,0
00027992,100,2023-05-29,0
00027993,200,2025-06-01,1000
00027994,500,2022-02-01,0
00027995,100,2024-08-07,0
00027996,500,2025-04-05,5000
00027997,150,2022-04-06,0
00027998,500,2023-01-17,2500
00027999,200,2025-06-26,0
00028000,500,2022-12-05,0
00028001,500,2024-10-02,0
00028002,150,2023-03-14,0
00028003,100,2025-11-30,0
00028004,150,2023-10-10,0
00028005,150,2022-04-18,750
00028006,200,2025-01-15,0
00028007,500,2022-03-15,0
00028008,500,2023-12-06,0
00028009,100,2022-10-20,0
00028010,200,2023-11-11,0
00028011,100,2022-08-29,0
00028012,150,2024-11-27,0
00028013,500,2022-12-29,0
00028014,500,2022-04-12,0
00028015,150,2023-09-16,0
00028016,100,2023-06-24,0
00028017,150,2023-07-13,0
00028018,100,2023-04-23,0
00028019,50,2024-05-03,0
00028020,150,2023-01-09,0
00028021,500,2022-05-19,0
00028022,200,2023-03-22,0
00028023,100,2025-12-13,0
00028024,500,2023-09-05,0
00028025,50,2023-05-31,0
00028026,100,2023-07-28,0
00028027,50,2023-12-27,0
00028028,200,2023-02-18,0
00028029,500,2025-06-05,0
00028030,200,2024-02-15,0
00028031,100,2022-09-04,0
00028032,500,2024-08-31,0
00028033,100,2025-09-13,0
00028034,500,2023-11-24,0
00028035,50,2022-02-19,0
00028036,100,2022-10-09,500
00028037,200,2024-07-22,0
00028038,500,2024-05-07,0
00028039,50,2022-11-18,0
00028040,50,2023-10-05,0
00028041,100,2024-09-16,0
00028042,50,2025-10-24,0
00028043,500,2023-01-11,0
00028044,50,2022-04-22,50
00028045,100,2025-04-18,100
00028046,50,2022-05-06,0
00028047,50,2025-03-07,0
00028048,500,2022-12-11,0
00028049,50,2023-02-09,0
00028050,500,2024-12-21,0
00028051,50,2023-11-16,0
00028052,150,2022-08-04,0
00028053,500,2022-11-25,0
00028054,150,2022-04-24,0
00028055,200,2022-12-27,0
00028056,100,2025-05-02,0
00028057,150,2024-01-25,0
00028058,500,2024-09-14,50000
00028059,500,2022-07-02,0
00028060,150,2022-11-22,0
00028061,100,2025-12-24,0
00028062,50,2024-01-07,0
00028063,100,2022-10-11,0
00028064,100,2024-08-19,1000
00028065,500,2024-09-14,0
00028066,150,2025-06-03,0
00028067,100,2023-06-28,0
00028068,150,2024-03-13,0
00028069,150,2024-09-20,0
00028070,150,2024-11-11,0
00028071,100,2022-02-18,0
00028072,50,2022-01-30,0
00028073,150,2023-04-04,0
00028074,50,2022-03-23,0
00028075,200,2025-08-05,20000
00028076,50,2024-06-01,0
00028077,50,2023-06-06,0
00028078,50,2022-11-25,0
00028079,500,2023-03-18,0
00028080,50,2024-10-28,0
00028081,50,2024-01-30,0
00028082,100,2023-02-24,0
00028083,150,2024-10-20,0
00028084,150,2022-09-05,0
00028085,50,2023-04-26,0
00028086,150,2022-12-29,0
00028087,500,2022-08-19,0
00028088,150,2024-06-23,0
00028089,100,2025-03-07,0
00028090,500,2022-01-20,0
00028091,200,2025-04-02,0
00028092,500,2025-03-11,0
00028093,150,2025-09-10,0
00028094,200,2022-11-03,0
00028095,200,2024-03-03,0
00028096,50,2024-12-04,0
00028097,200,2022-09-18,0
00028098,100,2024-03-05,0
00028099,100,2024-03-17,0
00028100,100,2025-07-20,0
00028101,50,2025-03-24,250
00028102,500,2023-10-17,0
00028103,100,2025-04-28,0
00028104,150,2023-06-30,0
00028105,50,2023-11-18,0
00028106,150,2025-07-18,0
00028107,100,2022-06-27,0
00028108,200,2022-02-12,20000
00028109,100,2024-05-29,0
00028110,200,2022-07-14,0
00028111,500,2023-09-05,0
00028112,200,2024-05-07,0
00028113,200,2024-10-06,0
00028114,500,2024-12-15,0
00028115,100,2024-12-02,0
00028116,150,2023-03-23,0
00028117,500,2025-08-09,0
00028118,500,2024-12-02,0
00028119,100,2023-10-18,0
00028120,500,2024-11-14,100000
00028121,200,2025-11-17,0
00028122,100,2023-12-28,0
00028123,150,2025-02-14,750
00028124,50,2023-11-02,0
00028125,150,2023-03-17,750
00028126,50,2023-03-11,0
00028127,100,2022-05-17,0
00028128,500,2023-11-15,0
00028129,150,2022-06-05,0
00028130,100,2022-05-11,0
00028131,100,2025-07-14,0
00028132,50,2025-04-18,0
00028133,100,2022-08-03,0
00028134,200,2023-01-06,0
00028135,150,2023-09-10,0
00028136,500,2025-09-09,0
00028137,200,2022-01-07,0
00028138,500,2025-11-06,0
00028139,150,2024-04-01,0
00028140,50,2022-09-05,0
00028141,500,2022-08-23,0
00028142,200,2023-09-02,0
00028143,100,2023-12-28,0
00028144,500,2024-04-07,0
00028145,150,2022-03-27,0
00028146,150,2023-10-31,0
00028147,50,2025-07-20,0
00028148,500,2022-02-06,0
00028149,100,2022-01-31,0
00028150,50,2023-12-12,0
00028151,50,2022-05-05,0
00028152,200,2025-01-05,0
00028153,50,2023-05-23,0
00028154,50,2023-02-26,0
00028155,50,2025-04-14,0
00028156,100,2025-11-20,0
00028157,50,2022-05-06,0
00028158,200,2024-06-01,0
00028159,50,2024-06-08,0
00028160,500,2025-12-10,0
00028161,500,2024-12-08,0
00028162,150,2025-04-11,0
00028163,150,2024-05-27,0
00028164,50,2024-03-18,0
00028165,150,2023-10-26,0
00028166,500,2025-03-09,0
00028167,150,2022-12-30,0
00028168,150,2023-01-05,0
00028169,150,2025-09-25,150
00028170,50,2024-02-10,0
00028171,50,2023-11-21,0
00028172,200,2023-06-09,0
00028173,100,2022-05-16,0
00028174,100,2022-01-31,0
00028175,100,2022-01-14,1000
00028176,100,2022-03-30,0
00028177,100,2023-02-20,0
00028178,500,2024-02-15,0
00028179,500,2025-11-05,0
00028180,100,2022-05-17,100000
00028181,200,2023-02-10,0
00028182,200,2024-10-11,0
00028183,150,2023-06-28,0
00028184,100,2022-08-19,0
00028185,50,2024-09-16,0
00028186,200,2022-10-30,0
00028187,50,2024-10-20,0
00028188,500,2023-09-23,0
00028189,200,2022-01-08,0
00028190,50,2022-01-15,0
00028191,100,2025-09-18,0
00028192,100,2025-07-01,0
00028193,150,2023-09-26,0
00028194,500,2023-09-30,0
00028195,500,2023-05-23,0
00028196,500,2022-07-28,0
00028197,50,2022-03-09,0
00028198,200,2022-01-28,0
00028199,50,2023-01-17,0
00028200,150,2022-11-07,0
00028201,100,2024-03-23,500
00028202,150,2024-04-30,0
00028203,100,2025-11-29,0
00028204,50,2024-07-13,0
00028205,100,2023-01-18,100000
00028206,150,2023-11-08,0
00028207,50,2025-06-25,0
00028208,100,2024-02-11,0
00028209,500,2024-05-03,0
00028210,150,2025-02-01,150
00028211,200,2024-04-18,0
00028212,200,2025-11-08,0
00028213,50,2022-02-25,0
00028214,500,2022-03-21,0
00028215,200,2023-10-18,0
00028216,200,2024-07-09,0
00028217,50,2023-04-25,0
00028218,500,2022-09-25,0
00028219,150,2023-07-08,0
00028220,50,2025-11-23,0
00028221,50,2023-09-23,0
00028222,100,2022-01-24,0
00028223,100,2025-05-20,0
00028224,150,2022-07-20,0
00028225,50,2024-05-20,0
00028226,50,2022-06-12,0
00028227,150,2022-10-29,0
00028228,200,2025-08-07,100000
00028229,200,2022-12-21,0
00028230,100,2025-07-25,0
00028231,500,2024-05-06,0
00028232,50,2023-01-30,0
00028233,100,2024-08-28,0
00028234,500,2022-01-09,0
00028235,150,2025-05-15,100000
00028236,150,2025-09-13,0
00028237,50,2022-01-31,0
00028238,150,2023-09-27,0
00028239,150,2023-03-18,15000
00028240,150,2025-05-03,0
00028241,500,2025-08-29,0
00028242,50,2025-05-25,0
00028243,200,2025-08-15,0
00028244,50,2022-10-25,0
00028245,500,2024-11-23,0
00028246,50,2022-05-19,0
00028247,100,2024-04-10,0
00028248,500,2023-12-25,100000
00028249,50,2024-05-09,0
00028250,150,2023-09-12,0
00028251,150,2022-12-22,0
00028252,100,2022-03-18,0
00028253,150,2024-09-23,0
00028254,50,2022-10-24,0
00028255,150,2023-03-01,0
00028256,150,2024-11-02,100000
00028257,50,2022-06-01,0
00028258,200,2022-04-26,0
00028259,150,2025-02-27,0
00028260,150,2022-09-23,0
00028261,100,2023-11-21,0
00028262,500,2023-01-07,0
00028263,500,2025-04-18,0
00028264,150,2023-10-17,0
00028265,200,2025-04-10,0
00028266,500,2024-05-22,0
00028267,500,2025-12-04,0
00028268,200,2025-07-29,0
00028269,200,2025-11-04,0
00028270,200,2024-05-25,0
00028271,500,2025-11-24,0
00028272,500,2022-04-26,0
00028273,50,2023-06-22,0
00028274,100,2022-06-27,0
00028275,500,2024-08-16,0
00028276,50,2024-03-16,0
00028277,500,2024-01-09,0
00028278,50,2024-09-09,0
00028279,50,2025-07-02,0
00028280,150,2022-05-07,0
00028281,100,2023-05-06,0
00028282,200,2023-03-22,0
00028283,50,2022-02-20,0
00028284,50,2025-04-03,0
00028285,100,2022-07-03,0
00028286,500,2023-05-08,0
00028287,500,2025-11-04,0
00028288,50,2023-06-07,0
00028289,500,2023-05-14,0
00028290,200,2024-03-07,0
00028291,50,2025-10-19,0
00028292,50,2022-03-28,0
00028293,500,2025-12-03,50000
00028294,100,2025-07-10,0
00028295,50,2024-11-29,0
00028296,150,2022-09-11,0
00028297,50,2025-06-10,0
00028298,100,2023-07-23,0
00028299,500,2024-03-14,500
00028300,200,2024-09-23,0
00028301,150,2022-02-07,0
00028302,150,2025-12-26,0
00028303,200,2025-01-28,20000
00028304,200,2025-11-29,0
00028305,500,2022-04-20,0
00028306,50,2022-06-27,0
00028307,100,2025-02-20,0
00028308,500,2024-01-14,0
00028309,500,2024-08-01,0
00028310,500,2022-07-05,0
00028311,100,2022-05-12,0
00028312,200,2022-04-23,0
00028313,500,2023-08-25,0
00028314,500,2024-03-09,0
00028315,150,2025-10-07,0
00028316,200,2025-10-02,0
00028317,500,2025-04-04,0
00028318,500,2023-07-01,0
00028319,100,2025-09-27,0
00028320,150,2022-09-21,0
00028321,150,2023-07-25,0
00028322,50,2023-12-17,0
00028323,150,2023-04-21,750
00028324,50,2023-08-08,0
00028325,100,2022-06-24,0
00028326,200,2024-04-19,0
00028327,500,2025-04-30,0
00028328,500,2023-06-06,50000
00028329,150,2022-04-03,0
00028330,500,2022-07-04,0
00028331,200,2025-02-17,0
00028332,100,2023-01-18,0
00028333,50,2022-02-07,100000
00028334,150,2024-11-06,0
00028335,200,2022-09-23,0
00028336,150,2024-01-30,0
00028337,100,2022-08-04,0
00028338,100,2024-04-15,0
00028339,100,2025-12-11,100
00028340,200,2022-10-17,0
00028341,50,2024-09-12,0
00028342,100,2023-07-20,0
00028343,50,2023-09-25,0
00028344,150,2024-03-18,0
00028345,100,2025-08-21,0
00028346,200,2022-11-13,0
00028347,500,2025-03-11,0
00028348,500,2023-08-25,0
00028349,500,2023-07-24,0
00028350,50,2022-09-04,0
00028351,500,2024-12-03,0
00028352,100,2024-02-28,0
00028353,500,2023-04-13,0
00028354,200,2024-07-10,0
00028355,500,2025-09-02,0
00028356,200,2022-03-21,1000
00028357,100,2025-04-08,0
00028358,200,2022-02-20,0
00028359,500,2023-01-28,0
00028360,150,2023-03-11,0
00028361,200,2024-03-07,100000
00028362,500,2024-10-03,0
00028363,500,2025-06-01,0
00028364,200,2025-02-05,0
00028365,50,2025-05-13,0
00028366,50,2025-04-15,0
00028367,150,2024-02-10,0
00028368,100,2023-08-06,0
00028369,200,2023-06-12,0
00028370,150,2024-05-29,0
00028371,100,2023-09-12,0
00028372,50,2025-06-08,250
00028373,500,2022-02-27,0
00028374,500,2022-05-16,0
00028375,500,2023-06-14,0
00028376,100,2022-04-21,0
00028377,150,2024-10-23,1500
00028378,150,2025-05-17,0
00028379,50,2023-12-12,0
00028380,100,2022-12-17,0
00028381,50,2025-05-23,0
00028382,200,2025-07-13,0
00028383,200,2024-02-01,0
00028384,50,2025-03-14,0
00028385,200,2022-01-09,0
00028386,100,2024-12-02,0
00028387,500,2022-01-19,0
00028388,200,2023-04-28,0
00028389,100,2024-12-20,0
00028390,500,2024-09-16,0
00028391,500,2025-07-30,0
00028392,50,2025-11-04,0
00028393,200,2022-11-06,0
00028394,150,2023-01-08,0
00028395,500,2022-08-06,0
00028396,50,2023-01-25,0
00028397,500,2022-12-14,0
00028398,50,2025-12-14,250
00028399,100,2025-03-30,0
00028400,200,2022-02-02,0
00028401,50,2023-03-02,0
00028402,150,2022-05-10,0
00028403,500,2024-11-16,0
00028404,500,2023-05-12,0
00028405,500,2025-06-02,0
00028406,50,2022-03-25,0
00028407,150,2023-06-28,0
00028408,500,2022-06-09,0
00028409,500,2022-01-29,0
00028410,50,2024-04-18,0
00028411,50,2025-01-22,0
00028412,500,2022-08-10,0
00028413,100,2024-11-07,0
00028414,200,2022-07-21,0
00028415,500,2025-10-18,0
00028416,50,2022-08-08,0
00028417,50,2023-11-26,0
00028418,150,2022-03-01,0
00028419,100,2023-02-08,0
00028420,500,2024-05-19,0
00028421,50,2022-05-05,0
00028422,200,2022-03-22,0
00028423,100,2022-02-04,0
00028424,100,2024-10-03,0
00028425,50,2025-02-05,0
00028426,500,2024-04-20,0
00028427,100,2022-05-02,0
00028428,200,2024-05-14,0
00028429,50,2025-06-06,0
00028430,500,2022-10-26,0
00028431,200,2025-10-20,0
00028432,100,2024-08-20,0
00028433,200,2025-06-19,0
00028434,500,2022-12-05,0
00028435,50,2025-12-22,0
00028436,100,2025-02-22,0
00028437,50,2023-09-21,0
00028438,500,2025-07-12,0
00028439,500,2025-10-09,0
00028440,100,2022-03-27,0
00028441,150,2022-04-15,750
00028442,200,2024-02-26,0
00028443,50,2023-01-04,0
00028444,150,2023-11-03,100000
00028445,150,2025-10-21,0
00028446,50,2022-01-14,0
00028447,500,2025-08-24,0
00028448,500,2024-10-07,0
00028449,50,2024-08-16,0
00028450,200,2022-11-02,0
00028451,50,2022-04-30,0
00028452,50,2025-12-29,500
00028453,150,2025-03-28,0
00028454,50,2023-05-26,250
00028455,50,2024-10-19,0
00028456,500,2022-06-09,0
00028457,150,2024-10-22,0
00028458,50,2023-11-26,5000
00028459,100,2023-11-08,0
00028460,200,2022-12-20,0
00028461,500,2023-10-14,0
00028462,150,2023-05-12,0
00028463,50,2025-12-05,0
00028464,200,2023-01-25,0
00028465,500,2024-01-04,0
00028466,100,2023-08-18,0
00028467,500,2022-11-10,0
00028468,50,2024-11-09,0
00028469,200,2022-12-12,0
00028470,100,2024-02-28,0
00028471,500,2022-06-18,0
00028472,50,2023-05-27,0
00028473,150,2022-01-05,0
00028474,500,2025-09-19,0
00028475,150,2023-10-13,0
00028476,100,2023-11-21,0
00028477,500,2024-07-02,0
00028478,50,2024-12-11,0
00028479,200,2025-11-26,0
00028480,150,2024-09-09,0
00028481,500,2024-10-28,0
00028482,500,2025-01-30,0
00028483,150,2023-09-17,15000
00028484,100,2025-01-24,0
00028485,50,2022-12-29,0
00028486,200,2023-08-04,0
00028487,200,2025-06-24,0
00028488,500,2022-05-01,50000
00028489,500,2023-06-27,500
00028490,200,2022-03-11,0
00028491,50,2022-05-10,0
00028492,50,2022-10-08,0
00028493,150,2024-10-02,0
00028494,100,2024-12-08,0
00028495,150,2024-11-20,0
00028496,150,2024-11-03,0
00028497,100,2025-08-17,0
00028498,500,2022-02-01,0
00028499,100,2023-11-20,0
00028500,500,2022-08-04,0
00028501,200,2025-12-17,0
00028502,50,2023-03-17,0
00028503,150,2023-01-07,0
00028504,50,2023-09-16,0
00028505,150,2024-08-21,100000
00028506,150,2022-09-29,0
00028507,50,2023-06-29,0
00028508,50,2023-12-04,0
00028509,500,2025-03-05,0
00028510,50,2022-08-15,500
00028511,150,2024-09-22,0
00028512,200,2025-10-02,0
00028513,50,2025-12-10,0
00028514,500,2023-06-29,0
00028515,50,2023-12-13,250
00028516,200,2024-10-21,0
00028517,500,2023-09-19,0
00028518,150,2024-07-19,0
00028519,150,2025-12-10,0
00028520,100,2023-03-27,0
00028521,500,2025-05-17,0
00028522,500,2023-10-09,0
00028523,150,2024-01-18,0
00028524,150,2022-05-21,100000
00028525,200,2025-08-09,0
00028526,150,2023-09-18,100000
00028527,500,2022-12-14,0
00028528,100,2023-08-16,0
00028529,100,2025-05-07,0
00028530,150,2023-08-27,0
00028531,150,2023-07-17,0
00028532,500,2025-04-28,0
00028533,100,2024-06-02,0
00028534,500,2024-02-07,0
00028535,150,2025-09-14,750
00028536,100,2025-11-01,0
00028537,500,2025-08-28,0
00028538,100,2025-05-03,0
00028539,200,2025-01-08,0
00028540,500,2024-03-23,0
00028541,500,2024-11-04,0
00028542,500,2023-11-02,0
00028543,150,2022-03-26,0
00028544,50,2025-03-11,0
00028545,100,2023-08-02,0
00028546,100,2023-04-24,0
00028547,50,2022-08-05,0
00028548,100,2022-04-15,0
00028549,50,2023-05-16,0
00028550,100,2023-05-21,0
00028551,500,2024-04-19,0
00028552,500,2024-04-15,0
00028553,500,2024-04-08,0
00028554,150,2024-11-14,0
00028555,150,2025-11-03,0
00028556,500,2022-06-26,0
00028557,50,2025-05-13,250
00028558,200,2022-03-08,0
00028559,200,2025-03-15,1000
00028560,200,2025-12-07,0
00028561,150,2023-06-11,0
00028562,200,2025-06-16,0
00028563,100,2025-08-20,100
00028564,50,2024-04-20,0
00028565,500,2025-06-04,0
00028566,150,2023-03-04,0
00028567,50,2023-04-15,0
00028568,50,2023-11-25,100000
00028569,200,2022-07-30,200
00028570,150,2023-07-22,0
00028571,150,2024-03-31,0
00028572,500,2025-02-19,0
00028573,100,2024-11-25,0
00028574,50,2023-09-23,0
00028575,500,2024-09-20,0
00028576,150,2025-07-22,0
00028577,100,2023-10-30,0
00028578,150,2023-07-06,0
00028579,100,2022-08-03,0
00028580,100,2024-06-27,0
00028581,50,2022-01-04,0
00028582,500,2022-11-21,0
00028583,100,2025-06-04,0
00028584,50,2023-10-30,0
00028585,200,2025-12-24,0
00028586,150,2024-10-28,0
00028587,50,2024-07-01,0
00028588,500,2025-12-23,0
00028589,100,2025-10-17,0
00028590,50,2023-05-09,0
00028591,100,2024-09-15,0
00028592,500,2022-08-04,0
00028593,50,2025-11-14,250
00028594,50,2024-07-29,100000
00028595,150,2023-08-04,0
00028596,200,2022-05-24,0
00028597,100,2023-06-06,0
00028598,100,2025-05-05,100
00028599,200,2025-03-07,100000
00028600,150,2023-03-12,0
00028601,50,2022-04-27,0
00028602,50,2024-08-17,0
00028603,500,2024-02-13,0
00028604,50,2023-01-15,0
00028605,500,2025-06-27,0
00028606,100,2024-08-30,0
00028607,200,2024-09-12,0
00028608,100,2024-03-25,0
00028609,150,2025-12-31,0
00028610,200,2024-12-30,0
00028611,50,2022-05-04,0
00028612,100,2024-10-26,0
00028613,50,2024-04-18,0
00028614,500,2024-05-18,0
00028615,50,2024-10-21,0
00028616,150,2024-01-31,0
00028617,150,2024-04-30,0
00028618,200,2025-01-10,0
00028619,50,2023-10-21,0
00028620,150,2022-09-09,0
00028621,200,2025-09-25,0
00028622,200,2025-05-05,0
00028623,50,2024-01-03,0
00028624,50,2025-07-31,0
00028625,150,2022-10-24,0
00028626,100,2024-05-19,0
00028627,500,2025-06-28,0
00028628,500,2024-06-01,0
00028629,200,2024-04-22,0
00028630,500,2025-03-14,0
00028631,50,2024-08-15,0
00028632,500,2022-09-01,0
00028633,50,2023-06-20,0
00028634,100,2024-10-12,0
00028635,200,2023-07-09,0
00028636,150,2025-03-04,0
00028637,200,2022-03-29,0
00028638,100,2023-09-17,500
00028639,50,2022-07-26,500
00028640,200,2025-07-29,0
00028641,50,2022-05-23,0
00028642,50,2025-11-08,0
00028643,500,2023-09-19,0
00028644,50,2024-10-29,0
00028645,150,2023-12-11,0
00028646,500,2023-08-17,0
00028647,100,2022-02-20,0
00028648,100,2022-04-01,0
00028649,100,2023-02-07,0
00028650,100,2025-08-23,0
00028651,50,2023-05-21,0
00028652,50,2023-04-23,0
00028653,500,2023-06-18,0
00028654,150,2024-09-22,0
00028655,200,2025-02-04,200
00028656,500,2024-03-09,0
00028657,150,2025-08-04,0
00028658,200,2023-04-21,0
00028659,50,2023-10-22,0
00028660,150,2025-03-07,0
00028661,200,2024-06-06,20000
00028662,200,2023-06-30,0
00028663,100,2023-07-12,0
00028664,200,2025-08-07,0
00028665,500,2023-03-28,0
00028666,150,2023-08-30,0
00028667,150,2022-08-08,0
00028668,200,2025-05-05,0
00028669,50,2022-02-20,0
00028670,500,2023-04-21,0
00028671,500,2024-08-23,0
00028672,200,2022-04-18,0
00028673,100,2022-05-01,100000
00028674,500,2025-07-17,0
00028675,50,2022-03-25,0
00028676,500,2022-12-30,0
00028677,100,2023-04-23,0
00028678,150,2025-07-02,0
00028679,200,2025-02-22,0
00028680,150,2023-10-14,0
00028681,200,2025-11-28,200
00028682,200,2023-12-10,200
00028683,100,2024-11-21,0
00028684,100,2022-12-04,0
00028685,500,2023-02-08,0
00028686,150,2024-11-12,0
00028687,150,2025-06-14,0
00028688,200,2022-04-08,0
00028689,50,2023-09-12,0
00028690,100,2023-10-11,0
00028691,200,2025-10-27,0
00028692,100,2024-11-01,0
00028693,50,2023-12-28,0
00028694,500,2023-08-07,0
00028695,500,2023-09-04,0
00028696,200,2022-06-08,0
00028697,100,2025-05-04,0
00028698,200,2024-12-29,20000
00028699,200,2024-05-08,2000
00028700,150,2024-01-03,0
00028701,50,2025-09-08,0
00028702,200,2022-08-04,0
00028703,200,2022-04-18,200
00028704,100,2024-04-26,0
00028705,100,2023-01-14,10000
00028706,100,2024-01-10,0
00028707,500,2022-08-04,0
00028708,150,2025-08-15,0
00028709,150,2025-04-29,0
00028710,150,2024-02-22,0
00028711,100,2022-07-26,0
00028712,100,2024-11-14,0
00028713,500,2024-12-20,0
00028714,150,2023-05-30,0
00028715,150,2023-05-17,100000
00028716,150,2023-01-01,0
00028717,200,2023-04-22,0
00028718,100,2023-10-30,0
00028719,50,2023-12-27,0
00028720,50,2025-12-24,0
00028721,100,2022-02-17,0
00028722,150,2023-10-19,0
00028723,50,2022-03-16,0
00028724,500,2022-04-03,0
00028725,150,2023-08-25,0
00028726,200,2024-06-12,0
00028727,200,2022-08-12,0
00028728,150,2025-03-02,0
00028729,500,2023-07-27,0
00028730,500,2025-11-23,0
00028731,100,2024-11-07,0
00028732,50,2022-10-22,0
00028733,500,2025-05-16,0
00028734,100,2023-09-15,100000
00028735,200,2025-01-07,0
00028736,100,2023-04-25,0
00028737,200,2024-01-16,0
00028738,500,2024-07-11,0
00028739,50,2023-05-11,0
00028740,100,2025-12-17,0
00028741,100,2022-09-22,0
00028742,200,2025-06-24,0
00028743,200,2024-07-24,0
00028744,50,2022-03-11,250
00028745,500,2022-04-04,0
00028746,150,2025-11-16,750
00028747,500,2023-07-09,0
00028748,500,2025-02-01,0
00028749,50,2022-07-08,0
00028750,500,2024-06-05,0
00028751,150,2023-09-12,750
00028752,150,2025-08-08,0
00028753,150,2022-02-12,0
00028754,200,2022-02-19,0
00028755,200,2023-09-22,0
00028756,100,2025-05-28,100000
00028757,500,2025-06-04,0
00028758,50,2025-03-24,5000
00028759,100,2024-10-18,0
00028760,50,2024-06-01,0
00028761,200,2022-12-15,0
00028762,500,2022-12-28,0
00028763,100,2023-11-05,500
00028764,500,2024-03-12,0
00028765,100,2022-07-11,0
00028766,150,2025-02-19,0
00028767,150,2022-11-12,0
00028768,500,2023-06-27,5000
00028769,150,2023-07-20,0
00028770,100,2022-04-01,0
00028771,100,2023-09-23,0
00028772,200,2025-07-25,0
00028773,200,2023-01-18,0
00028774,50,2023-05-12,0
00028775,500,2022-11-29,0
00028776,50,2022-08-09,0
00028777,50,2024-11-10,0
00028778,100,2025-09-22,0
00028779,500,2022-03-15,0
00028780,100,2024-12-18,0
00028781,200,2022-12-19,0
00028782,100,2022-10-06,0
00028783,200,2023-11-16,0
00028784,50,2023-10-12,0
00028785,200,2025-08-04,0
00028786,200,2023-05-01,0
00028787,200,2024-02-09,20000
00028788,100,2024-06-18,0
00028789,500,2025-12-08,0
00028790,200,2025-07-14,0
00028791,500,2024-09-28,0
00028792,150,2024-05-09,15000
00028793,50,2023-12-17,250
00028794,50,2022-07-14,0
00028795,150,2022-01-22,0
00028796,150,2024-11-12,0
00028797,100,2024-03-22,0
00028798,100,2023-11-06,0
00028799,200,2022-04-09,0
00028800,150,2025-08-24,0
00028801,150,2025-09-05,0
00028802,150,2025-08-22,0
00028803,100,2024-02-08,0
00028804,150,2024-06-10,0
00028805,100,2023-08-08,0
00028806,100,2023-01-01,0
00028807,100,2025-02-02,0
00028808,100,2022-06-02,0
00028809,50,2023-01-15,0
00028810,100,2023-01-17,0
00028811,50,2023-09-09,0
00028812,150,2022-01-20,0
00028813,50,2023-07-14,0
00028814,150,2023-08-15,0
00028815,100,2022-12-13,0
00028816,500,2022-10-01,0
00028817,200,2022-11-11,0
00028818,150,2023-05-12,0
00028819,200,2024-07-06,0
00028820,50,2023-06-28,0
00028821,500,2025-12-14,0
00028822,100,2024-09-28,0
00028823,100,2025-07-30,0
00028824,100,2023-11-21,0
00028825,500,2025-05-22,0
00028826,500,2023-08-14,0
00028827,200,2023-12-17,0
00028828,150,2024-01-25,0
00028829,200,2024-06-07,0
00028830,500,2023-05-28,0
00028831,100,2022-02-20,10000
00028832,50,2022-04-19,0
00028833,100,2023-11-19,0
00028834,50,2024-03-18,0
00028835,50,2024-10-31,0
00028836,150,2023-07-21,0
00028837,200,2025-10-11,0
00028838,150,2024-03-28,0
00028839,200,2025-10-07,0
00028840,150,2024-04-03,0
00028841,50,2023-01-12,0
00028842,200,2024-05-23,0
00028843,150,2023-10-03,750
00028844,50,2025-04-06,0
00028845,100,2024-07-31,0
00028846,150,2025-12-18,0
00028847,150,2024-09-11,0
00028848,150,2025-07-03,0
00028849,500,2023-08-15,0
00028850,100,2024-06-11,0
00028851,150,2025-04-05,0
00028852,100,2024-06-20,0
00028853,150,2024-08-23,0
00028854,150,2023-07-11,0
00028855,50,2023-11-08,0
00028856,150,2023-07-10,0
00028857,150,2025-09-26,750
00028858,100,2025-05-06,0
00028859,500,2024-02-03,0
00028860,500,2025-05-08,0
00028861,200,2024-11-20,20000
00028862,150,2023-12-22,100000
00028863,500,2022-08-20,0
00028864,50,2024-12-09,0
00028865,500,2025-03-01,0
00028866,150,2024-08-10,0
00028867,50,2022-05-03,0
00028868,500,2025-10-07,0
00028869,500,2022-03-31,0
00028870,50,2022-11-14,0
00028871,200,2024-11-19,0
00028872,150,2025-03-19,100000
00028873,100,2023-09-28,0
00028874,200,2023-07-05,0
00028875,200,2024-10-29,0
00028876,150,2022-12-16,0
00028877,50,2024-01-30,0
00028878,150,2024-04-11,0
00028879,150,2025-06-11,0
00028880,200,2022-10-14,0
00028881,150,2025-11-13,0
00028882,100,2022-03-12,0
00028883,50,2022-07-14,0
00028884,150,2022-10-13,0
00028885,100,2024-10-09,0
00028886,500,2025-08-02,0
00028887,200,2025-11-15,0
00028888,500,2024-11-03,0
00028889,500,2024-01-13,0
00028890,150,2024-07-25,0
00028891,50,2024-01-30,500
00028892,200,2024-01-15,0
00028893,500,2024-08-23,0
00028894,100,2025-06-23,0
00028895,500,2025-10-14,0
00028896,500,2024-12-18,0
00028897,50,2025-06-27,0
00028898,150,2023-07-29,0
00028899,150,2024-04-27,0
00028900,100,2025-04-03,0
00028901,500,2025-04-13,0
00028902,150,2024-12-05,100000
00028903,100,2022-04-14,0
00028904,500,2022-10-08,0
00028905,50,2023-10-14,0
00028906,100,2024-03-27,1000
00028907,150,2022-09-15,0
00028908,50,2024-09-17,0
00028909,500,2023-07-31,0
00028910,100,2024-07-11,0
00028911,200,2025-02-20,0
00028912,150,2025-01-14,0
00028913,200,2022-02-15,2000
00028914,100,2022-12-24,0
00028915,150,2022-02-18,0
00028916,50,2024-01-31,0
00028917,50,2022-04-18,0
00028918,200,2022-09-22,200
00028919,100,2022-01-07,0
00028920,50,2022-04-15,0
00028921,100,2024-01-11,0
00028922,500,2024-04-21,0
00028923,150,2025-05-08,0
00028924,50,2022-10-07,0
00028925,150,2022-04-01,0
00028926,50,2022-09-12,0
00028927,500,2024-10-25,0
00028928,100,2024-03-19,500
00028929,500,2025-11-23,0
00028930,50,2022-09-19,0
00028931,50,2022-09-22,0
00028932,100,2024-06-20,0
00028933,200,2022-01-10,0
00028934,100,2024-07-12,0
00028935,100,2022-01-29,0
00028936,50,2022-04-12,0
00028937,150,2025-04-09,0
00028938,100,2023-12-02,0
00028939,50,2022-01-18,0
00028940,100,2024-01-17,0
00028941,50,2025-09-21,0
00028942,500,2025-08-10,0
00028943,500,2023-03-11,0
00028944,150,2024-10-06,0
00028945,150,2025-03-01,0
00028946,500,2025-09-16,0
00028947,200,2025-06-25,0
00028948,500,2025-07-19,50000
00028949,50,2024-04-20,0
00028950,150,2024-03-08,0
00028951,100,2023-01-13,0
00028952,100,2025-09-27,0
00028953,50,2024-11-16,0
00028954,500,2024-06-20,0
00028955,200,2024-02-22,0
00028956,100,2023-08-23,0
00028957,150,2024-11-02,0
00028958,50,2024-03-17,0
00028959,100,2024-05-22,0
00028960,200,2023-10-25,0
00028961,500,2023-08-24,0
00028962,150,2022-03-04,0
00028963,150,2022-08-19,0
00028964,500,2023-02-08,0
00028965,50,2023-06-28,0
00028966,150,2024-08-15,0
00028967,100,2024-11-26,500
00028968,100,2024-07-11,1000
00028969,150,2023-09-05,0
00028970,100,2024-09-19,0
00028971,50,2022-12-21,0
00028972,100,2022-01-13,0
00028973,150,2024-12-18,0
00028974,100,2022-03-02,0
00028975,200,2025-06-02,0
00028976,150,2025-08-21,0
00028977,200,2022-07-17,0
00028978,100,2024-02-16,0
00028979,200,2023-02-01,0
00028980,500,2024-01-12,0
00028981,500,2023-10-29,0
00028982,100,2025-05-31,0
00028983,500,2022-01-15,0
00028984,50,2022-11-03,250
00028985,100,2024-09-15,0
00028986,200,2024-11-15,0
00028987,500,2024-04-08,0
00028988,100,2022-06-08,0
00028989,200,2024-09-30,0
00028990,500,2022-02-04,100000
00028991,50,2022-04-23,0
00028992,500,2023-03-11,0
00028993,100,2022-04-22,0
00028994,50,2024-02-11,0
00028995,50,2022-12-04,0
00028996,150,2025-03-04,0
00028997,500,2022-04-23,0
00028998,500,2023-01-21,0
00028999,50,2022-02-10,0
00029000,100,2023-12-20,0
00029001,100,2022-09-07,0
00029002,500,2025-01-24,0
00029003,500,2023-03-21,50000
00029004,50,2024-11-12,0
00029005,500,2025-07-24,0
00029006,500,2022-07-05,0
00029007,100,2025-04-25,0
00029008,150,2022-07-04,0
00029009,50,2024-11-16,0
00029010,200,2022-10-20,0
00029011,100,2025-05-25,0
00029012,50,2024-08-10,0
00029013,50,2023-01-24,0
00029014,100,2022-08-25,0
00029015,500,2024-02-19,0
00029016,150,2025-07-08,0
00029017,150,2025-05-02,0
00029018,200,2025-01-31,100000
00029019,500,2023-12-03,0
00029020,200,2024-03-15,0
00029021,50,2025-12-17,0
00029022,150,2023-04-02,0
00029023,200,2023-06-29,1000
00029024,100,2024-07-12,0
00029025,100,2022-04-21,0
00029026,150,2025-11-20,0
00029027,150,2022-07-18,0
00029028,500,2025-02-12,0
00029029,100,2024-08-30,0
00029030,500,2022-02-27,0
00029031,150,2022-11-16,0
00029032,100,2022-06-20,0
00029033,50,2022-09-22,0
00029034,200,2022-12-20,20000
00029035,500,2025-02-25,0
00029036,200,2022-11-12,0
00029037,200,2024-11-07,0
00029038,200,2023-11-28,1000
00029039,50,2022-12-17,0
00029040,150,2023-08-04,0
00029041,100,2024-06-09,0
00029042,150,2023-04-11,0
00029043,200,2022-08-19,0
00029044,100,2022-10-29,0
00029045,500,2023-11-04,0
00029046,100,2022-05-25,0
00029047,500,2023-12-15,0
00029048,100,2025-04-28,0
00029049,100,2022-08-05,0
00029050,50,2022-03-13,0
00029051,50,2025-01-19,0
00029052,150,2022-03-28,0
00029053,500,2024-09-14,0
00029054,100,2024-11-06,0
00029055,50,2025-02-16,0
00029056,500,2025-11-22,0
00029057,50,2024-11-24,0
00029058,150,2022-04-10,150
00029059,100,2024-12-16,0
00029060,500,2022-07-25,0
00029061,100,2022-09-21,0
00029062,100,2024-03-28,10000
00029063,50,2023-01-27,0
00029064,150,2025-02-27,0
00029065,50,2022-12-12,0
00029066,50,2024-07-11,0
00029067,500,2022-05-04,0
00029068,500,2023-05-26,0
00029069,150,2024-05-29,0
00029070,500,2022-01-05,0
00029071,50,2022-04-09,0
00029072,50,2025-03-28,0
00029073,200,2025-04-05,0
00029074,500,2022-05-08,0
00029075,200,2022-01-05,100000
00029076,50,2025-05-23,0
00029077,500,2022-12-16,0
00029078,500,2025-11-18,0
00029079,100,2022-05-04,0
00029080,100,2025-09-28,0
00029081,50,2023-09-25,0
00029082,500,2025-03-06,0
00029083,50,2023-11-04,0
00029084,50,2022-08-07,0
00029085,150,2023-03-25,150
00029086,50,2025-07-06,0
00029087,200,2022-02-26,0
00029088,50,2022-10-09,0
00029089,50,2024-08-29,0
00029090,150,2023-02-09,0
00029091,150,2025-10-29,0
00029092,100,2024-05-24,0
00029093,100,2024-09-07,0
00029094,500,2023-06-27,0
00029095,100,2025-07-25,0
00029096,200,2023-09-28,0
00029097,500,2022-06-17,0
00029098,500,2023-11-16,0
00029099,200,2022-08-23,0
00029100,150,2024-04-10,0
00029101,500,2023-11-24,0
00029102,200,2023-04-02,0
00029103,500,2025-03-09,0
00029104,50,2022-06-21,0
00029105,50,2023-01-01,0
00029106,500,2022-10-19,0
00029107,200,2022-09-23,0
00029108,50,2022-05-16,0
00029109,50,2024-07-08,0
00029110,500,2025-03-07,0
00029111,100,2022-10-24,0
00029112,50,2024-09-23,0
00029113,150,2024-02-15,0
00029114,150,2023-03-05,0
00029115,50,2023-10-07,0
00029116,50,2023-11-08,0
00029117,50,2022-07-30,0
00029118,50,2022-10-27,0
00029119,200,2024-07-15,0
00029120,500,2022-09-13,0
00029121,100,2023-07-16,0
00029122,150,2022-01-17,0
00029123,100,2024-12-26,0
00029124,150,2022-12-13,0
00029125,50,2025-05-24,0
00029126,50,2022-03-21,0
00029127,150,2022-09-16,0
00029128,500,2024-08-16,0
00029129,200,2024-08-28,0
00029130,100,2024-04-21,0
00029131,100,2025-12-28,0
00029132,50,2023-02-19,0
00029133,200,2023-01-07,1000
00029134,200,2023-07-17,2000
00029135,50,2025-12-24,0
00029136,50,2024-06-07,0
00029137,100,2025-05-24,0
00029138,100,2025-06-09,100
00029139,200,2025-04-19,0
00029140,150,2025-03-24,0
00029141,50,2024-08-01,0
00029142,200,2023-06-01,0
00029143,500,2023-01-18,100000
00029144,150,2025-12-20,0
00029145,50,2024-10-18,0
00029146,50,2023-06-29,0
00029147,200,2023-07-18,0
00029148,100,2025-10-05,0
00029149,50,2023-10-14,0
00029150,50,2023-01-30,0
00029151,100,2025-10-23,0
00029152,150,2024-11-01,0
00029153,200,2024-07-27,0
00029154,50,2022-10-26,0
00029155,500,2023-01-05,0
00029156,150,2025-03-01,0
00029157,200,2023-04-02,0
00029158,200,2023-10-12,0
00029159,50,2024-09-08,0
00029160,150,2025-11-28,0
00029161,200,2025-08-30,0
00029162,200,2023-11-25,0
00029163,50,2025-05-27,0
00029164,150,2024-08-17,0
00029165,150,2023-07-21,0
00029166,150,2024-07-19,0
00029167,50,2025-09-18,0
00029168,100,2025-02-19,0
00029169,100,2023-07-18,0
00029170,500,2022-12-13,50000
00029171,500,2024-10-26,0
00029172,100,2022-11-12,0
00029173,150,2023-04-17,0
00029174,100,2022-11-03,0
00029175,100,2025-12-26,0
00029176,500,2024-10-07,0
00029177,200,2023-03-24,0
00029178,500,2025-02-23,0
00029179,200,2022-04-16,0
00029180,100,2025-05-09,0
00029181,150,2025-01-24,0
00029182,500,2025-05-26,0
00029183,150,2023-05-04,0
00029184,500,2022-03-31,0
00029185,50,2025-05-05,0
00029186,50,2025-06-20,0
00029187,50,2024-06-18,0
00029188,50,2025-12-03,0
00029189,50,2023-12-12,0
00029190,500,2025-04-13,0
00029191,150,2022-04-21,0
00029192,200,2022-09-16,0
00029193,200,2025-10-05,20000
00029194,500,2022-11-29,0
00029195,100,2024-06-30,0
00029196,50,2024-02-21,0
00029197,150,2025-03-13,0
00029198,200,2024-01-18,0
00029199,50,2023-11-04,0
00029200,100,2023-08-14,0
00029201,150,2024-02-20,0
00029202,150,2023-07-30,0
00029203,100,2025-05-08,0
00029204,500,2025-04-13,0
00029205,500,2023-03-21,50000
00029206,50,2022-01-02,0
00029207,200,2024-05-04,2000
00029208,100,2022-10-01,0
00029209,200,2022-07-28,0
00029210,100,2023-09-07,0
00029211,100,2022-02-14,0
00029212,50,2024-03-19,0
00029213,50,2025-02-27,0
00029214,500,2025-08-17,50000
00029215,50,2024-03-26,0
00029216,100,2023-10-13,0
00029217,500,2025-06-01,0
00029218,50,2022-11-27,0
00029219,50,2022-09-08,0
00029220,50,2025-04-22,500
00029221,500,2022-07-31,0
00029222,100,2024-12-07,0
00029223,500,2025-11-11,0
00029224,200,2022-01-04,0
00029225,150,2025-06-10,0
00029226,100,2023-10-17,0
00029227,100,2023-01-13,0
00029228,50,2023-03-15,0
00029229,500,2023-03-28,0
00029230,500,2025-08-10,0
00029231,150,2022-10-08,0
00029232,200,2025-01-19,0
00029233,150,2025-09-12,0
00029234,150,2023-05-27,0
00029235,500,2025-10-23,0
00029236,500,2024-10-04,0
00029237,100,2023-11-20,0
00029238,50,2024-07-31,100000
00029239,50,2024-04-30,0
00029240,500,2025-11-30,0
00029241,500,2022-12-17,0
00029242,200,2023-03-23,0
00029243,150,2025-11-20,0
00029244,150,2025-06-11,0
00029245,50,2023-10-30,0
00029246,200,2024-01-18,0
00029247,150,2025-02-26,0
00029248,150,2025-05-24,0
00029249,50,2022-05-16,0
00029250,50,2022-01-22,100000
00029251,500,2024-12-30,0
00029252,100,2024-02-09,0
00029253,50,2023-12-21,0
00029254,150,2024-07-09,15000
00029255,100,2025-04-27,0
00029256,200,2025-11-18,0
00029257,500,2024-02-05,0
00029258,500,2024-11-08,100000
00029259,100,2024-08-25,0
00029260,100,2025-04-01,0
00029261,100,2025-12-16,0
00029262,100,2025-07-05,0
00029263,150,2025-06-28,0
00029264,50,2024-10-11,0
00029265,150,2025-03-03,0
00029266,200,2024-05-08,0
00029267,50,2022-04-28,0
00029268,500,2024-04-10,0
00029269,50,2024-04-30,0
00029270,200,2023-05-05,0
00029271,500,2024-12-07,0
00029272,150,2024-09-02,0
00029273,100,2023-11-25,0
00029274,200,2022-08-03,0
00029275,500,2025-07-11,0
00029276,150,2022-04-11,0
00029277,100,2025-02-10,0
00029278,200,2022-09-29,0
00029279,150,2022-03-19,0
00029280,200,2022-04-05,0
00029281,200,2022-03-10,0
00029282,150,2025-03-18,15000
00029283,50,2024-09-14,0
00029284,50,2022-11-05,0
00029285,150,2025-08-07,0
00029286,500,2023-06-10,0
00029287,100,2022-01-22,0
00029288,50,2022-03-21,0
00029289,500,2025-09-24,0
00029290,100,2024-03-08,0
00029291,200,2022-01-04,0
00029292,200,2023-11-22,0
00029293,150,2023-06-24,0
00029294,100,2022-12-22,0
00029295,200,2022-01-18,0
00029296,500,2023-05-28,0
00029297,150,2024-06-27,0
00029298,200,2025-04-01,0
00029299,100,2022-11-19,0
00029300,150,2022-09-23,0
00029301,500,2024-01-09,0
00029302,200,2022-06-11,0
00029303,200,2025-07-06,100000
00029304,500,2024-01-05,0
00029305,500,2025-12-27,0
00029306,500,2022-10-11,0
00029307,500,2025-09-15,0
00029308,50,2025-10-21,0
00029309,50,2025-12-10,0
00029310,150,2024-09-17,0
00029311,200,2023-02-22,0
00029312,100,2023-09-12,0
00029313,150,2022-01-09,0
00029314,150,2023-01-28,100000
00029315,150,2023-05-21,0
00029316,200,2024-04-21,0
00029317,150,2024-10-06,0
00029318,50,2023-11-13,0
00029319,200,2022-07-19,0
00029320,500,2025-03-15,0
00029321,100,2025-11-16,0
00029322,50,2024-06-13,0
00029323,200,2025-11-20,200
00029324,100,2022-02-08,0
00029325,50,2022-11-13,0
00029326,500,2024-09-07,0
00029327,100,2024-10-07,0
00029328,150,2023-09-29,0
00029329,200,2025-03-01,0
00029330,150,2025-12-26,150
00029331,200,2022-09-13,0
00029332,500,2024-11-09,0
00029333,50,2023-05-23,0
00029334,50,2024-06-27,0
00029335,200,2022-05-24,0
00029336,500,2022-03-19,500
00029337,500,2023-11-16,0
00029338,150,2022-01-09,0
00029339,200,2023-06-02,0
00029340,50,2023-03-23,0
00029341,200,2024-06-27,20000
00029342,200,2023-02-17,0
00029343,150,2022-08-19,0
00029344,50,2022-12-25,0
00029345,500,2023-12-15,0
00029346,100,2022-01-10,0
00029347,500,2023-08-06,0
00029348,200,2022-06-13,0
00029349,500,2022-04-25,0
00029350,500,2022-11-01,0
00029351,500,2024-10-24,0
00029352,150,2023-01-31,0
00029353,100,2022-08-01,500
00029354,50,2025-02-10,0
00029355,150,2022-06-24,0
00029356,150,2025-08-31,0
00029357,500,2025-08-08,0
00029358,50,2023-06-14,0
00029359,200,2025-01-07,1000
00029360,50,2023-07-30,0
00029361,100,2025-05-05,0
00029362,100,2023-11-08,10000
00029363,500,2025-02-12,0
00029364,100,2022-12-31,1000
00029365,150,2024-01-19,0
00029366,200,2025-07-15,0
00029367,200,2023-03-18,20000
00029368,500,2024-09-26,0
00029369,50,2023-07-20,0
00029370,50,2022-07-19,0
00029371,200,2025-12-16,0
00029372,150,2023-10-05,0
00029373,100,2022-06-25,0
00029374,50,2025-10-23,0
00029375,150,2024-03-15,0
00029376,500,2025-09-12,0
00029377,200,2025-01-08,0
00029378,500,2025-07-02,500
00029379,200,2024-10-05,0
00029380,500,2025-02-24,0
00029381,500,2022-12-07,0
00029382,100,2023-01-05,0
00029383,50,2025-07-24,0
00029384,50,2022-10-10,0
00029385,150,2022-11-04,0
00029386,500,2023-09-17,0
00029387,200,2025-12-25,0
00029388,50,2025-03-05,0
00029389,100,2023-11-10,0
00029390,50,2024-06-18,0
00029391,50,2024-11-20,0
00029392,200,2023-09-20,0
00029393,200,2025-11-26,0
00029394,100,2022-02-19,0
00029395,50,2024-09-09,0
00029396,50,2023-08-19,0
00029397,500,2024-07-18,2500
00029398,200,2024-12-20,0
00029399,150,2024-02-05,0
00029400,200,2025-09-22,0
00029401,200,2025-10-18,0
00029402,150,2022-09-04,0
00029403,50,2025-12-30,0
00029404,100,2025-06-18,0
00029405,100,2023-01-17,0
00029406,100,2025-04-13,0
00029407,200,2025-09-25,0
00029408,50,2022-04-12,0
00029409,200,2024-06-15,0
00029410,200,2025-09-10,0
00029411,200,2024-12-26,0
00029412,200,2024-11-25,0
00029413,50,2022-05-10,100000
00029414,500,2024-10-04,0
00029415,150,2024-12-30,0
00029416,500,2022-04-08,0
00029417,150,2022-01-22,0
00029418,200,2023-03-09,0
00029419,200,2025-07-21,0
00029420,50,2024-01-05,0
00029421,150,2025-04-30,0
00029422,100,2023-02-22,0
00029423,500,2022-07-12,0
00029424,150,2022-11-24,0
00029425,500,2024-11-22,0
00029426,150,2025-01-13,0
00029427,50,2025-11-02,0
00029428,50,2023-08-15,0
00029429,50,2025-07-02,0
00029430,100,2022-01-18,0
00029431,200,2024-08-04,0
00029432,200,2022-10-09,0
00029433,500,2024-07-24,0
00029434,150,2024-01-04,0
00029435,100,2025-11-22,0
00029436,150,2025-01-15,0
00029437,500,2022-05-07,0
00029438,150,2024-07-29,0
00029439,500,2025-11-22,0
00029440,500,2025-04-13,0
00029441,200,2022-11-14,0
00029442,50,2025-01-02,0
00029443,200,2023-09-01,1000
00029444,500,2025-11-28,0
00029445,150,2025-11-04,0
00029446,50,2024-12-29,0
00029447,150,2025-08-31,0
00029448,500,2023-07-29,0
00029449,150,2023-12-11,0
00029450,500,2024-01-19,0
00029451,150,2024-04-21,0
00029452,50,2022-06-13,500
00029453,150,2025-05-03,0
00029454,500,2023-07-30,0
00029455,100,2023-07-20,0
00029456,100,2023-09-19,0
00029457,100,2024-11-06,0
00029458,500,2025-05-19,0
00029459,200,2023-10-13,0
00029460,150,2024-04-24,0
00029461,150,2024-01-02,0
00029462,200,2022-01-15,0
00029463,200,2024-02-22,0
00029464,200,2023-01-31,0
00029465,500,2024-02-10,0
00029466,150,2022-05-12,0
00029467,200,2025-09-07,0
00029468,150,2024-08-15,0
00029469,200,2024-07-08,0
00029470,500,2023-06-28,0
00029471,100,2022-01-06,500
00029472,150,2024-11-15,0
00029473,200,2023-02-03,0
00029474,100,2022-06-12,0
00029475,500,2024-11-27,0
00029476,500,2022-05-14,0
00029477,100,2025-12-15,0
00029478,200,2022-08-13,0
00029479,200,2023-03-21,0
00029480,100,2023-02-25,0
00029481,200,2022-07-16,0
00029482,50,2022-11-23,0
00029483,200,2022-05-26,0
00029484,50,2023-03-20,0
00029485,100,2022-10-26,0
00029486,50,2022-07-09,0
00029487,100,2024-05-10,0
00029488,200,2023-01-02,0
00029489,150,2022-11-26,15000
00029490,50,2022-03-18,0
00029491,500,2022-08-15,0
00029492,150,2022-06-08,0
00029493,150,2023-07-10,0
00029494,200,2025-06-20,0
00029495,500,2025-01-05,0
00029496,500,2025-05-14,0
00029497,100,2025-07-20,1000
00029498,500,2025-12-17,0
00029499,500,2024-08-21,0
00029500,50,2024-02-07,0
00029501,50,2023-03-04,500
00029502,200,2024-02-05,0
00029503,500,2024-12-06,50000
00029504,50,2024-08-22,0
00029505,100,2024-11-19,0
00029506,200,2024-05-19,0
00029507,200,2022-08-19,0
00029508,100,2023-08-06,0
00029509,500,2024-12-20,0
00029510,150,2024-08-07,0
00029511,150,2023-05-20,0
00029512,200,2023-10-10,0
00029513,150,2023-10-06,0
00029514,150,2025-04-17,0
00029515,100,2023-02-17,0
00029516,500,2022-10-11,0
00029517,200,2025-04-11,0
00029518,100,2025-12-12,0
00029519,50,2024-05-02,0
00029520,100,2022-07-30,0
00029521,100,2025-05-02,0
00029522,500,2023-12-03,5000
00029523,50,2023-01-30,0
00029524,500,2022-03-17,0
00029525,50,2024-03-11,0
00029526,150,2022-06-28,0
00029527,150,2025-12-11,0
00029528,500,2024-02-27,0
00029529,200,2022-03-21,20000
00029530,500,2022-05-19,0
00029531,100,2025-06-07,0
00029532,50,2022-07-12,0
00029533,50,2024-12-31,0
00029534,100,2025-08-07,0
00029535,500,2025-01-19,0
00029536,50,2024-01-23,0
00029537,500,2022-10-14,0
00029538,150,2024-01-22,0
00029539,500,2024-02-27,0
00029540,500,2025-01-28,0
00029541,500,2025-04-10,0
00029542,100,2025-10-08,1000
00029543,500,2023-01-06,0
00029544,150,2023-11-12,0
00029545,50,2023-01-21,0
00029546,200,2023-04-30,0
00029547,200,2023-05-01,0
00029548,500,2025-04-17,0
00029549,200,2025-07-05,0
00029550,50,2022-09-28,0
00029551,100,2023-12-16,0
00029552,200,2024-05-08,0
00029553,500,2023-09-27,0
00029554,500,2022-10-25,0
00029555,50,2022-05-07,0
00029556,100,2022-02-03,0
00029557,50,2025-08-16,500
00029558,200,2023-03-30,0
00029559,50,2024-12-07,0
00029560,200,2023-12-14,0
00029561,200,2024-02-21,0
00029562,150,2025-06-25,0
00029563,100,2022-10-27,0
00029564,100,2023-01-21,10000
00029565,150,2022-11-29,0
00029566,100,2025-01-30,0
00029567,50,2025-11-29,100000
00029568,500,2025-01-13,100000
00029569,150,2023-07-09,750
00029570,200,2022-10-11,1000
00029571,200,2024-05-31,0
00029572,50,2024-02-01,0
00029573,500,2022-11-29,0
00029574,500,2024-06-06,0
00029575,100,2024-01-22,0
00029576,500,2024-06-22,100000
00029577,500,2022-06-10,0
00029578,150,2024-01-23,0
00029579,50,2023-05-12,0
00029580,500,2022-08-10,0
00029581,50,2022-05-22,0
00029582,50,2022-03-20,500
00029583,500,2025-07-12,0
00029584,500,2022-08-19,0
00029585,150,2023-06-08,0
00029586,150,2025-08-04,0
00029587,100,2023-05-30,0
00029588,150,2022-05-19,0
00029589,200,2022-09-10,0
00029590,150,2023-09-24,0
00029591,200,2023-02-08,0
00029592,200,2023-02-04,0
00029593,200,2023-11-20,0
00029594,200,2022-09-05,0
00029595,500,2022-05-29,0
00029596,100,2025-05-27,0
00029597,500,2022-01-11,0
00029598,50,2022-05-28,0
00029599,100,2023-09-19,0
00029600,500,2024-10-08,0
00029601,100,2024-11-08,0
00029602,200,2023-02-10,0
00029603,50,2024-06-29,0
00029604,150,2025-06-16,0
00029605,150,2024-04-26,0
00029606,200,2024-01-01,0
00029607,200,2025-09-26,0
00029608,100,2022-12-11,100000
00029609,200,2024-07-16,0
00029610,100,2025-12-17,0
00029611,200,2023-10-10,0
00029612,500,2023-02-15,0
00029613,50,2022-05-05,0
00029614,50,2024-03-17,0
00029615,150,2025-06-06,150
00029616,200,2025-10-22,0
00029617,100,2024-06-19,0
00029618,150,2022-04-20,0
00029619,150,2022-12-02,750
00029620,50,2025-06-16,0
00029621,500,2024-12-05,0
00029622,200,2022-10-08,0
00029623,100,2024-11-12,0
00029624,150,2023-06-11,0
00029625,100,2025-06-27,0
00029626,200,2022-09-05,0
00029627,100,2023-05-04,1000
00029628,100,2025-10-02,100
00029629,200,2022-11-09,0
00029630,100,2023-08-07,0
00029631,150,2023-07-06,0
00029632,150,2022-05-04,0
00029633,50,2023-02-10,0
00029634,200,2023-07-31,0
00029635,500,2024-07-06,5000
00029636,150,2024-12-18,1500
00029637,200,2023-01-04,0
00029638,100,2025-03-22,0
00029639,150,2023-09-20,0
00029640,50,2025-03-16,0
00029641,500,2025-12-10,0
00029642,100,2023-02-08,0
00029643,100,2022-06-29,0
00029644,100,2024-11-26,0
00029645,100,2023-03-19,0
00029646,50,2022-06-22,0
00029647,50,2024-02-08,0
00029648,150,2023-12-21,0
00029649,50,2025-04-15,0
00029650,200,2024-12-03,0
00029651,50,2022-05-11,0
00029652,500,2023-09-12,0
00029653,50,2023-09-21,250
00029654,200,2023-06-21,0
00029655,100,2022-01-19,0
00029656,50,2025-11-10,0
00029657,100,2025-06-17,0
00029658,150,2024-01-24,0
00029659,100,2022-06-13,0
00029660,200,2025-08-07,0
00029661,200,2022-03-30,0
00029662,500,2025-01-01,0
00029663,200,2022-09-21,0
00029664,200,2022-01-08,0
00029665,100,2023-01-22,0
00029666,50,2024-05-16,0
00029667,500,2025-03-01,0
00029668,500,2022-02-26,0
00029669,200,2025-08-01,0
00029670,100,2023-03-28,0
00029671,200,2023-11-09,100000
00029672,50,2022-02-03,0
00029673,150,2022-10-05,0
00029674,200,2022-12-30,0
00029675,500,2024-04-15,0
00029676,100,2022-08-01,0
00029677,500,2024-12-16,0
00029678,150,2023-07-10,0
00029679,100,2023-04-13,0
00029680,500,2022-08-12,0
00029681,50,2025-12-05,0
00029682,200,2025-01-14,0
00029683,50,2024-02-14,0
00029684,100,2024-05-04,0
00029685,50,2023-02-27,0
00029686,50,2024-11-28,0
00029687,200,2024-12-12,0
00029688,200,2024-10-19,0
00029689,200,2022-05-31,100000
00029690,50,2025-10-25,0
00029691,100,2025-08-30,0
00029692,100,2022-01-22,0
00029693,200,2025-07-08,0
00029694,100,2024-01-16,0
00029695,100,2022-06-27,0
00029696,150,2024-05-30,0
00029697,100,2025-02-08,0
00029698,50,2024-04-11,0
00029699,50,2024-01-05,0
00029700,100,2022-02-24,0
00029701,50,2022-01-23,0
00029702,200,2024-06-03,0
00029703,150,2025-01-03,100000
00029704,100,2024-09-05,0
00029705,200,2024-07-21,0
00029706,200,2025-11-03,0
00029707,500,2023-02-23,5000
00029708,500,2025-06-16,0
00029709,200,2023-10-27,0
00029710,500,2023-11-21,0
00029711,500,2023-11-27,0
00029712,200,2025-12-05,0
00029713,100,2024-01-19,0
00029714,150,2023-04-17,0
00029715,200,2025-11-29,0
00029716,100,2023-05-31,0
00029717,150,2022-10-29,0
00029718,500,2025-06-10,0
00029719,50,2022-06-13,0
00029720,200,2024-10-24,0
00029721,200,2023-01-17,0
00029722,50,2023-05-03,0
00029723,500,2024-05-27,0
00029724,500,2024-07-14,0
00029725,50,2024-02-12,0
00029726,200,2025-09-12,0
00029727,500,2023-07-31,0
00029728,50,2024-11-17,0
00029729,500,2025-08-17,0
00029730,150,2025-04-04,0
00029731,50,2022-06-02,0
00029732,50,2023-04-07,0
00029733,50,2022-07-24,0
00029734,500,2022-10-04,0
00029735,150,2024-04-06,0
00029736,100,2022-05-01,0
00029737,200,2023-04-12,0
00029738,500,2023-11-30,0
00029739,100,2024-09-30,0
00029740,50,2023-02-16,0
00029741,500,2022-11-22,0
00029742,100,2022-11-07,0
00029743,500,2025-10-12,0
00029744,50,2024-04-20,0
00029745,500,2023-06-20,0
00029746,50,2023-10-15,5000
00029747,100,2025-03-15,0
00029748,50,2023-04-30,0
00029749,100,2025-05-30,0
00029750,500,2022-10-12,0
00029751,50,2023-01-24,0
00029752,100,2025-08-31,1000
00029753,100,2022-12-14,0
00029754,500,2023-11-17,0
00029755,50,2025-02-07,0
00029756,100,2023-08-17,0
00029757,150,2024-02-26,0
00029758,500,2023-08-08,0
00029759,150,2024-04-18,0
00029760,150,2024-01-08,0
00029761,500,2025-04-25,0
00029762,100,2023-02-04,0
00029763,150,2023-07-27,0
00029764,50,2025-07-29,0
00029765,150,2023-05-19,0
00029766,500,2024-09-09,0
00029767,150,2025-07-26,0
00029768,200,2023-02-21,0
00029769,500,2025-06-17,0
00029770,200,2022-04-23,0
00029771,100,2022-12-20,10000
00029772,50,2022-07-05,0
00029773,200,2022-01-19,0
00029774,100,2024-08-28,0
00029775,150,2022-02-22,0
00029776,500,2023-08-01,0
00029777,200,2022-09-27,0
00029778,50,2025-08-23,0
00029779,150,2025-04-19,15000
00029780,500,2022-11-30,0
00029781,500,2025-01-19,50000
00029782,50,2025-09-07,0
00029783,100,2022-04-22,0
00029784,200,2023-06-02,0
00029785,200,2023-10-09,0
00029786,200,2024-08-30,0
00029787,150,2022-09-29,0
00029788,50,2025-12-04,0
00029789,200,2023-11-27,0
00029790,500,2024-09-16,0
00029791,50,2022-05-18,0
00029792,200,2023-06-17,0
00029793,200,2023-11-30,0
00029794,50,2024-02-24,0
00029795,200,2025-06-10,0
00029796,200,2024-02-17,0
00029797,500,2025-05-05,0
00029798,150,2022-06-22,0
00029799,150,2022-05-03,0
00029800,100,2025-02-02,0
00029801,200,2022-11-03,0
00029802,150,2023-05-09,0
00029803,200,2024-04-11,0
00029804,50,2022-11-30,0
00029805,500,2023-09-21,0
00029806,150,2024-01-21,0
00029807,150,2022-05-31,0
00029808,200,2023-12-04,0
00029809,500,2024-01-24,0
00029810,500,2025-09-25,0
00029811,100,2022-07-11,0
00029812,200,2022-02-02,0
00029813,150,2025-07-31,0
00029814,200,2022-10-10,0
00029815,150,2024-04-05,0
00029816,100,2022-01-07,0
00029817,150,2023-07-19,0
00029818,150,2023-03-28,0
00029819,150,2023-07-29,0
00029820,200,2023-09-19,0
00029821,200,2025-03-30,100000
00029822,500,2024-08-28,0
00029823,200,2025-01-12,0
00029824,100,2024-11-17,0
00029825,150,2025-04-06,100000
00029826,200,2022-09-05,0
00029827,200,2025-12-09,0
00029828,100,2025-02-23,0
00029829,150,2025-02-14,750
00029830,100,2023-11-21,0
00029831,50,2024-12-11,0
00029832,200,2023-06-14,0
00029833,200,2025-02-20,0
00029834,50,2025-03-22,0
00029835,200,2024-07-21,0
00029836,50,2024-07-25,0
00029837,50,2025-07-12,0
00029838,100,2023-04-10,0
00029839,50,2025-06-18,0
00029840,50,2022-11-26,50
00029841,150,2023-10-10,15000
00029842,100,2023-08-02,0
00029843,150,2022-01-01,0
00029844,50,2025-06-18,5000
00029845,100,2022-09-24,0
00029846,100,2023-09-12,0
00029847,150,2023-04-05,15000
00029848,500,2024-05-04,0
00029849,50,2023-10-15,0
00029850,50,2025-02-23,0
00029851,100,2022-04-30,10000
00029852,500,2025-05-18,0
00029853,500,2023-08-08,0
00029854,500,2023-11-08,0
00029855,150,2024-02-23,0
00029856,100,2022-10-24,0
00029857,500,2022-08-24,0
00029858,200,2024-01-30,0
00029859,200,2025-12-10,200
00029860,50,2025-03-18,50
00029861,150,2024-07-25,0
00029862,150,2025-04-04,0
00029863,50,2023-12-29,500
00029864,500,2023-08-02,0
00029865,500,2024-11-04,0
00029866,150,2024-11-03,0
00029867,50,2023-01-14,0
00029868,50,2025-08-26,0
00029869,100,2024-08-14,0
00029870,500,2022-09-08,0
00029871,150,2022-08-06,0
00029872,500,2023-11-28,50000
00029873,150,2024-06-25,0
00029874,50,2023-04-16,0
00029875,150,2022-07-01,0
00029876,100,2025-03-01,0
00029877,100,2024-12-01,0
00029878,200,2024-08-16,0
00029879,500,2022-04-02,0
00029880,100,2025-12-15,0
00029881,100,2025-02-04,0
00029882,200,2024-12-22,0
00029883,50,2025-01-25,0
00029884,500,2024-07-30,100000
00029885,150,2024-10-03,0
00029886,50,2023-12-04,0
00029887,100,2025-04-30,10000
00029888,200,2023-12-23,0
00029889,500,2024-03-01,0
00029890,500,2022-10-22,0
00029891,200,2025-04-23,0
00029892,500,2023-05-31,0
00029893,100,2022-09-12,0
00029894,150,2025-07-19,100000
00029895,200,2025-10-06,2000
00029896,100,2024-03-28,0
00029897,500,2025-02-28,0
00029898,50,2023-08-05,0
00029899,500,2024-01-24,0
00029900,200,2023-05-28,0
00029901,50,2024-03-17,0
00029902,150,2022-12-29,0
00029903,50,2025-06-16,0
00029904,100,2023-09-19,0
00029905,50,2022-01-20,0
00029906,500,2024-07-04,0
00029907,500,2024-12-03,0
00029908,200,2025-01-04,0
00029909,200,2023-04-30,0
00029910,50,2022-12-07,0
00029911,150,2024-09-09,0
00029912,500,2022-11-10,0
00029913,500,2022-10-13,0
00029914,150,2024-11-07,0
00029915,150,2022-06-28,0
00029916,200,2025-12-17,2000
00029917,50,2025-09-09,0
00029918,150,2022-06-17,0
00029919,150,2024-07-12,0
00029920,50,2025-06-20,0
00029921,200,2024-01-15,0
00029922,500,2023-04-21,0
00029923,100,2025-09-06,1000
00029924,150,2022-02-04,0
00029925,150,2023-10-08,0
00029926,150,2025-12-13,0
00029927,500,2023-11-03,0
00029928,100,2023-07-20,500
00029929,500,2025-11-16,0
00029930,500,2024-06-06,0
00029931,150,2024-05-10,0
00029932,150,2024-12-02,0
00029933,50,2025-12-08,0
00029934,150,2025-09-23,0
00029935,100,2025-01-18,0
00029936,150,2024-11-18,0
00029937,100,2022-10-19,0
00029938,100,2025-08-28,0
00029939,100,2023-10-04,0
00029940,150,2025-08-13,0
00029941,50,2023-07-20,0
00029942,50,2024-02-10,0
00029943,150,2022-04-18,150
00029944,200,2024-08-28,0
00029945,200,2025-11-29,0
00029946,50,2025-03-19,0
00029947,100,2022-03-13,0
00029948,50,2022-05-18,0
00029949,200,2025-11-06,0
00029950,100,2024-12-05,0
00029951,50,2023-12-15,0
00029952,200,2023-07-30,0
00029953,500,2025-12-20,0
00029954,50,2025-08-27,0
00029955,100,2025-04-06,0
00029956,200,2022-01-20,0
00029957,500,2024-09-07,0
00029958,50,2023-09-05,0
00029959,100,2022-07-13,1000
00029960,200,2022-05-17,0
00029961,50,2025-05-06,0
00029962,500,2025-03-30,0
00029963,150,2022-12-07,0
00029964,150,2024-09-19,0
00029965,200,2024-12-29,0
00029966,150,2025-06-27,0
00029967,500,2023-08-17,0
00029968,100,2025-09-25,0
00029969,100,2025-11-30,0
00029970,100,2022-02-11,0
00029971,200,2025-07-09,0
00029972,150,2022-01-12,0
00029973,50,2024-09-07,100000
00029974,150,2023-03-10,100000
00029975,150,2024-06-30,750
00029976,150,2023-06-14,0
00029977,50,2023-04-17,0
00029978,50,2025-11-22,0
00029979,150,2022-03-09,0
00029980,50,2022-09-10,0
00029981,200,2025-08-20,0
00029982,100,2024-07-27,100
00029983,200,2024-05-22,2000
00029984,50,2022-09-26,0
00029985,100,2025-11-19,0
00029986,200,2025-01-29,0
00029987,200,2025-04-25,0
00029988,150,2023-11-30,0
00029989,500,2022-07-13,50000
00029990,100,2025-05-08,0
00029991,200,2025-05-14,0
00029992,200,2022-03-27,0
00029993,100,2023-04-17,0
00029994,500,2022-09-29,0
00029995,50,2025-01-26,0
00029996,150,2022-03-09,0
00029997,50,2022-06-23,0
00029998,50,2023-09-27,0
00029999,150,2022-03-28,100000
00030000,50,2024-02-09,50
