ticketNumber,nominalValue,lotteryDate,winAmount
00000001,50,2022-02-21,0
00000002,100,2023-04-03,0
00000003,50,2025-10-17,0
00000004,500,2022-06-28,0
00000005,50,2022-03-03,250
00000006,500,2025-05-17,2500
00000007,500,2024-05-09,0
00000008,500,2023-07-24,0
00000009,50,2022-11-23,0
00000010,150,2023-07-24,0
00000011,150,2022-07-29,150
00000012,150,2023-12-06,0
00000013,50,2024-07-29,0
00000014,200,2022-06-11,0
00000015,500,2024-01-11,0
00000016,50,2022-04-04,0
00000017,150,2022-06-13,0
00000018,50,2024-02-18,0
00000019,150,2022-11-30,0
00000020,100,2025-10-04,0
00000021,50,2025-06-01,0
00000022,500,2023-05-17,0
00000023,200,2023-07-07,0
00000024,500,2023-03-26,0
00000025,50,2023-04-15,0
00000026,150,2024-04-01,0
00000027,100,2025-03-07,0
00000028,150,2023-03-12,0
00000029,200,2025-08-09,0
00000030,150,2022-10-13,0
00000031,500,2025-01-08,0
00000032,500,2024-05-27,0
00000033,200,2024-01-12,0
00000034,100,2024-11-09,0
00000035,50,2022-08-13,0
00000036,100,2025-10-25,0
00000037,50,2024-02-28,0
00000038,200,2024-12-19,0
00000039,500,2022-01-24,0
00000040,50,2025-10-28,0
00000041,150,2025-08-05,0
00000042,150,2024-06-09,0
00000043,50,2023-06-24,0
00000044,100,2024-11-05,0
00000045,150,2025-08-01,0
00000046,100,2022-11-10,0
00000047,100,2025-01-09,0
00000048,500,2022-01-02,0
00000049,200,2022-02-09,0
00000050,150,2023-09-22,0
00000051,100,2025-03-07,0
00000052,50,2024-09-22,0
00000053,500,2022-09-15,0
00000054,200,2025-01-30,0
00000055,500,2025-05-27,0
00000056,100,2025-01-09,0
00000057,100,2025-12-31,0
00000058,150,2024-06-16,0
00000059,200,2022-09-05,0
00000060,50,2023-11-24,100000
00000061,100,2025-04-20,0
00000062,50,2025-12-20,0
00000063,100,2022-05-19,0
00000064,150,2022-05-26,0
00000065,150,2025-10-02,0
00000066,500,2022-09-28,0
00000067,500,2025-03-26,0
00000068,200,2024-04-13,0
00000069,50,2025-09-11,0
00000070,200,2024-04-21,0
00000071,50,2025-10-11,0
00000072,50,2022-05-05,0
00000073,150,2022-08-12,0
00000074,100,2025-01-03,0
00000075,200,2023-01-11,0
00000076,100,2022-06-04,0
00000077,500,2022-07-20,100000
00000078,50,2022-07-11,0
00000079,100,2022-12-07,0
00000080,200,2023-03-14,0
00000081,50,2022-12-04,0
00000082,200,2023-06-28,0
00000083,200,2023-08-08,0
00000084,500,2025-09-17,0
00000085,100,2023-01-24,0
00000086,50,2025-04-01,0
00000087,50,2023-10-05,100000
00000088,200,2024-10-26,0
00000089,500,2022-11-19,100000
00000090,50,2023-01-16,50
00000091,100,2024-04-06,0
00000092,500,2023-05-20,0
00000093,50,2025-06-22,100000
00000094,500,2024-12-06,0
00000095,150,2023-02-23,0
00000096,150,2023-05-04,0
00000097,100,2025-10-07,0
00000098,200,2023-10-10,0
00000099,50,2022-01-20,0
00000100,500,2022-07-24,2500
00000101,500,2023-06-28,0
00000102,150,2022-05-21,0
00000103,150,2023-08-07,0
00000104,500,2025-12-11,0
00000105,500,2022-01-17,0
00000106,500,2023-09-06,0
00000107,50,2022-10-03,0
00000108,50,2025-02-07,0
00000109,150,2025-05-23,0
00000110,150,2023-02-21,0
00000111,150,2024-11-01,0
00000112,50,2022-07-09,0
00000113,150,2022-04-01,750
00000114,150,2022-11-27,0
00000115,500,2025-12-16,0
00000116,50,2022-08-18,250
00000117,500,2022-03-15,0
00000118,500,2025-02-05,0
00000119,100,2022-03-27,0
00000120,50,2024-01-03,0
00000121,100,2025-09-27,0
00000122,500,2024-04-12,0
00000123,100,2023-04-30,0
00000124,100,2024-04-24,1000
00000125,200,2025-10-03,0
00000126,100,2023-07-01,0
00000127,50,2024-02-23,0
00000128,200,2023-04-01,0
00000129,200,2023-12-18,0
00000130,100,2023-04-02,500
00000131,200,2023-11-04,0
00000132,50,2023-07-26,0
00000133,500,2024-03-29,0
00000134,500,2023-11-10,0
00000135,50,2023-06-19,0
00000136,150,2022-03-20,0
00000137,200,2023-12-09,0
00000138,150,2024-06-12,0
00000139,500,2022-08-25,0
00000140,500,2023-01-25,0
00000141,200,2022-01-04,0
00000142,500,2025-11-07,0
00000143,100,2024-01-16,0
00000144,150,2025-06-30,0
00000145,50,2023-09-08,0
00000146,200,2023-10-31,0
00000147,150,2025-02-09,0
00000148,200,2025-09-23,0
00000149,100,2025-06-14,0
00000150,200,2025-01-27,0
00000151,150,2023-08-11,0
00000152,500,2025-05-27,0
00000153,200,2024-06-23,0
00000154,100,2024-11-12,0
00000155,100,2025-09-11,100000
00000156,500,2023-11-18,2500
00000157,150,2023-04-06,0
00000158,100,2022-02-20,10000
00000159,500,2022-05-30,0
00000160,500,2023-02-03,0
00000161,200,2024-10-09,0
00000162,100,2025-09-05,0
00000163,50,2024-05-20,0
00000164,500,2024-08-09,2500
00000165,50,2024-07-23,0
00000166,200,2025-09-29,0
00000167,500,2025-05-04,0
00000168,200,2025-06-08,0
00000169,500,2024-05-23,0
00000170,500,2024-07-02,0
00000171,200,2024-07-10,0
00000172,100,2025-07-29,0
00000173,500,2024-09-19,0
00000174,150,2024-06-19,1500
00000175,100,2023-07-11,0
00000176,500,2022-06-15,0
00000177,100,2024-02-24,0
00000178,100,2022-05-12,0
00000179,150,2025-01-16,0
00000180,50,2023-02-28,0
00000181,200,2025-04-11,0
00000182,50,2025-03-25,0
00000183,50,2023-12-22,0
00000184,200,2024-05-08,0
00000185,500,2025-05-20,0
00000186,200,2023-03-26,0
00000187,200,2022-03-01,0
00000188,200,2022-12-05,0
00000189,100,2025-06-28,0
00000190,200,2025-04-27,0
00000191,50,2022-06-21,0
00000192,100,2024-08-03,0
00000193,150,2024-02-16,0
00000194,200,2023-11-01,0
00000195,200,2023-07-24,0
00000196,200,2023-06-01,0
00000197,200,2022-02-09,0
00000198,50,2023-12-18,0
00000199,50,2025-08-27,50
00000200,100,2023-02-13,0
00000201,500,2022-11-09,0
00000202,200,2025-10-03,0
00000203,100,2024-08-10,0
00000204,150,2022-12-10,0
00000205,50,2022-12-02,0
00000206,50,2025-03-31,500
00000207,500,2025-10-19,0
00000208,200,2024-03-23,0
00000209,100,2022-06-05,0
00000210,100,2022-07-28,0
00000211,150,2025-11-02,0
00000212,50,2025-03-05,0
00000213,150,2024-12-27,0
00000214,150,2022-05-22,0
00000215,150,2022-01-26,0
00000216,200,2022-08-05,0
00000217,150,2025-07-25,0
00000218,200,2025-12-19,0
00000219,100,2024-12-04,0
00000220,150,2025-06-15,0
00000221,500,2024-09-17,0
00000222,500,2023-07-04,0
00000223,100,2022-06-27,0
00000224,200,2023-05-15,0
00000225,500,2025-06-03,0
00000226,150,2022-02-28,0
00000227,150,2023-01-08,0
00000228,150,2023-06-14,0
00000229,500,2025-12-07,0
00000230,500,2022-01-21,0
00000231,100,2022-06-25,0
00000232,200,2024-09-27,0
00000233,100,2025-11-15,0
00000234,200,2024-07-06,0
00000235,50,2023-08-26,0
00000236,100,2023-09-20,0
00000237,150,2024-08-27,0
00000238,150,2024-05-21,0
00000239,500,2023-11-09,0
00000240,200,2023-07-09,0
00000241,100,2022-09-05,0
00000242,150,2022-09-02,0
00000243,100,2023-01-28,0
00000244,200,2023-07-21,0
00000245,500,2025-05-07,0
00000246,50,2023-02-02,0
00000247,150,2023-01-03,0
00000248,500,2022-09-17,0
00000249,50,2025-02-07,0
00000250,100,2025-07-30,0
00000251,200,2022-07-30,0
00000252,500,2023-08-06,0
00000253,200,2023-11-29,0
00000254,50,2023-06-02,0
00000255,200,2022-08-22,0
00000256,200,2024-10-04,200
00000257,100,2022-11-02,0
00000258,150,2022-06-24,0
00000259,50,2025-02-16,0
00000260,500,2025-05-05,0
00000261,100,2024-12-06,0
00000262,200,2023-09-01,0
00000263,200,2023-09-18,0
00000264,50,2025-06-02,0
00000265,50,2023-03-02,0
00000266,150,2025-09-14,750
00000267,100,2025-02-04,100
00000268,200,2024-07-11,0
00000269,200,2023-08-20,2000
00000270,150,2025-12-10,0
00000271,50,2025-11-08,0
00000272,150,2025-07-04,0
00000273,100,2024-05-20,0
00000274,100,2025-08-19,0
00000275,150,2022-10-19,750
00000276,150,2025-05-03,0
00000277,500,2023-08-15,0
00000278,200,2025-11-11,0
00000279,200,2023-07-12,0
00000280,200,2024-06-15,200
00000281,200,2023-10-23,0
00000282,50,2022-07-07,0
00000283,500,2025-04-17,0
00000284,150,2025-03-26,750
00000285,200,2024-11-28,0
00000286,150,2023-01-07,0
00000287,200,2025-07-24,0
00000288,50,2024-08-20,0
00000289,150,2023-10-20,0
00000290,100,2023-11-07,0
00000291,200,2023-08-14,0
00000292,200,2025-01-31,200
00000293,150,2023-06-01,0
00000294,200,2024-11-19,0
00000295,50,2025-09-08,0
00000296,200,2024-04-26,100000
00000297,150,2025-06-29,0
00000298,200,2022-04-16,0
00000299,500,2022-09-26,0
00000300,200,2025-12-01,0
00000301,50,2025-07-14,0
00000302,100,2025-12-24,0
00000303,500,2022-01-29,0
00000304,50,2023-04-06,0
00000305,50,2024-08-03,0
00000306,100,2024-10-17,0
00000307,150,2024-11-08,0
00000308,200,2024-09-15,0
00000309,100,2024-07-24,0
00000310,200,2023-01-26,0
00000311,500,2022-10-07,0
00000312,150,2024-04-29,0
00000313,500,2023-07-02,0
00000314,150,2023-09-04,0
00000315,500,2025-09-13,0
00000316,100,2024-07-03,0
00000317,150,2023-11-12,0
00000318,500,2024-02-12,0
00000319,150,2023-01-22,0
00000320,100,2025-03-17,0
00000321,200,2022-03-31,0
00000322,200,2025-12-15,0
00000323,200,2024-03-01,0
00000324,100,2024-10-11,0
00000325,100,2024-10-25,0
00000326,150,2022-07-25,0
00000327,200,2022-07-24,0
00000328,200,2022-02-01,0
00000329,200,2025-09-02,0
00000330,50,2024-08-19,0
00000331,150,2023-11-25,0
00000332,200,2025-08-23,2000
00000333,500,2024-02-18,0
00000334,200,2025-01-13,200
00000335,100,2025-07-16,0
00000336,150,2023-04-11,0
00000337,200,2022-07-21,0
00000338,50,2024-06-27,0
00000339,150,2022-03-01,150
00000340,150,2024-01-05,0
00000341,100,2023-05-16,0
00000342,500,2025-10-28,0
00000343,100,2022-12-25,10000
00000344,500,2025-10-31,0
00000345,500,2022-10-21,0
00000346,150,2024-07-30,0
00000347,50,2024-08-10,0
00000348,500,2022-11-20,5000
00000349,500,2023-09-05,0
00000350,200,2025-11-14,0
00000351,150,2023-02-12,0
00000352,200,2022-08-07,0
00000353,500,2024-01-06,0
00000354,150,2022-02-14,0
00000355,200,2023-07-17,200
00000356,500,2024-10-14,0
00000357,150,2023-04-17,0
00000358,150,2023-03-25,0
00000359,500,2023-05-29,0
00000360,100,2025-07-10,100
00000361,150,2024-06-21,1500
00000362,100,2022-07-04,0
00000363,150,2024-04-30,0
00000364,100,2025-01-09,0
00000365,150,2024-12-23,0
00000366,150,2022-12-03,0
00000367,200,2023-08-28,0
00000368,150,2022-08-24,0
00000369,50,2022-10-16,0
00000370,100,2025-10-17,0
00000371,200,2025-02-15,0
00000372,200,2022-01-29,0
00000373,50,2024-07-20,0
00000374,150,2025-04-12,0
00000375,150,2022-08-10,0
00000376,200,2022-02-21,0
00000377,500,2023-11-03,0
00000378,100,2025-08-19,10000
00000379,150,2025-08-22,0
00000380,100,2022-04-03,0
00000381,150,2024-10-05,0
00000382,100,2025-01-05,0
00000383,200,2024-01-30,0
00000384,500,2024-05-08,0
00000385,100,2024-04-29,0
00000386,200,2025-06-14,0
00000387,150,2022-03-09,0
00000388,100,2024-06-27,0
00000389,100,2024-01-13,1000
00000390,500,2025-08-13,0
00000391,200,2023-07-20,0
00000392,50,2024-07-20,250
00000393,500,2022-02-13,5000
00000394,100,2022-09-15,0
00000395,100,2022-05-21,0
00000396,500,2023-03-01,0
00000397,100,2023-11-04,0
00000398,500,2022-01-06,0
00000399,100,2022-09-24,0
00000400,100,2022-08-14,0
00000401,50,2022-09-27,250
00000402,500,2023-10-26,5000
00000403,50,2022-09-17,0
00000404,500,2022-08-21,0
00000405,200,2024-07-07,0
00000406,500,2025-04-30,0
00000407,500,2023-03-30,0
00000408,50,2025-09-11,0
00000409,200,2025-08-10,0
00000410,50,2024-09-07,0
00000411,200,2025-11-06,0
00000412,200,2022-05-31,0
00000413,150,2025-05-30,0
00000414,100,2023-07-18,0
00000415,500,2025-01-28,0
00000416,200,2025-05-08,0
00000417,200,2024-11-01,0
00000418,50,2025-12-08,0
00000419,500,2023-03-17,0
00000420,100,2024-04-27,0
00000421,200,2024-03-27,0
00000422,50,2023-10-03,0
00000423,150,2024-02-06,0
00000424,200,2022-05-18,200
00000425,50,2024-06-03,500
00000426,100,2025-02-13,100000
00000427,500,2023-11-07,0
00000428,200,2023-12-26,0
00000429,200,2022-04-16,0
00000430,500,2023-10-02,0
00000431,500,2024-11-05,0
00000432,200,2023-04-05,0
00000433,150,2025-02-13,0
00000434,150,2025-03-21,0
00000435,200,2025-02-22,0
00000436,500,2025-06-10,0
00000437,500,2022-02-23,0
00000438,150,2022-03-01,0
00000439,150,2023-11-27,0
00000440,100,2022-10-21,0
00000441,200,2022-05-23,0
00000442,50,2022-07-07,0
00000443,100,2024-02-10,0
00000444,150,2022-11-19,0
00000445,150,2025-03-08,0
00000446,50,2022-11-15,0
00000447,500,2022-04-12,0
00000448,150,2024-06-26,0
00000449,200,2025-05-28,0
00000450,150,2023-03-18,0
00000451,50,2023-12-08,0
00000452,150,2025-10-20,0
00000453,200,2024-12-15,0
00000454,50,2023-03-28,0
00000455,500,2022-04-23,5000
00000456,100,2022-10-09,0
00000457,150,2023-11-03,0
00000458,200,2024-05-31,0
00000459,200,2024-12-26,0
00000460,500,2025-02-18,0
00000461,150,2022-05-28,0
00000462,50,2024-06-12,50
00000463,150,2025-03-25,0
00000464,200,2025-12-24,0
00000465,150,2022-08-24,0
00000466,150,2022-12-18,0
00000467,500,2024-07-31,0
00000468,150,2022-06-30,0
00000469,50,2023-05-14,0
00000470,200,2024-12-09,2000
00000471,150,2023-03-30,0
00000472,100,2022-06-06,0
00000473,50,2024-12-22,0
00000474,150,2023-12-21,0
00000475,100,2023-04-29,0
00000476,150,2023-02-09,0
00000477,100,2025-09-04,10000
00000478,200,2025-02-28,0
00000479,200,2025-10-26,0
00000480,500,2025-08-09,0
00000481,500,2023-10-24,0
00000482,150,2022-11-06,0
00000483,200,2024-06-24,0
00000484,150,2025-04-26,100000
00000485,50,2023-09-28,0
00000486,50,2022-04-27,0
00000487,150,2022-06-07,0
00000488,50,2025-06-13,0
00000489,200,2024-08-05,0
00000490,50,2024-07-10,0
00000491,500,2025-08-27,0
00000492,500,2024-09-01,0
00000493,50,2024-07-11,0
00000494,150,2022-06-22,0
00000495,100,2022-03-22,0
00000496,200,2024-06-18,0
00000497,500,2022-11-22,0
00000498,150,2024-03-04,0
00000499,150,2025-10-22,0
00000500,150,2022-05-15,0
00000501,500,2025-10-21,0
00000502,150,2025-09-06,0
00000503,500,2022-11-04,0
00000504,500,2025-09-21,0
00000505,150,2023-09-28,0
00000506,200,2022-09-22,0
00000507,50,2023-09-27,0
00000508,150,2022-09-19,0
00000509,500,2022-07-11,0
00000510,200,2024-11-07,0
00000511,150,2023-09-25,0
00000512,100,2023-12-01,0
00000513,200,2023-01-29,0
00000514,100,2022-11-14,100
00000515,500,2025-01-10,0
00000516,500,2022-03-19,0
00000517,500,2022-09-26,0
00000518,100,2022-11-29,0
00000519,500,2022-12-06,0
00000520,50,2024-04-21,0
00000521,100,2024-06-28,0
00000522,200,2023-04-25,0
00000523,150,2024-08-18,0
00000524,100,2024-01-24,0
00000525,500,2024-06-21,0
00000526,150,2024-02-22,0
00000527,200,2022-11-28,0
00000528,500,2022-10-11,0
00000529,50,2025-08-06,0
00000530,150,2025-02-09,0
00000531,500,2022-09-13,0
00000532,100,2023-07-13,0
00000533,500,2022-10-29,0
00000534,50,2023-03-31,0
00000535,150,2022-02-24,0
00000536,200,2024-10-25,0
00000537,200,2022-06-17,0
00000538,50,2023-10-15,0
00000539,150,2022-10-27,0
00000540,150,2024-08-25,0
00000541,100,2025-12-15,0
00000542,500,2022-01-11,0
00000543,50,2023-06-09,0
00000544,100,2025-01-28,0
00000545,500,2024-12-16,0
00000546,150,2023-05-02,0
00000547,50,2023-05-04,0
00000548,500,2024-07-25,50000
00000549,500,2025-01-02,100000
00000550,500,2023-05-11,0
00000551,150,2024-05-29,1500
00000552,100,2025-03-14,0
00000553,50,2024-12-08,0
00000554,50,2024-12-13,0
00000555,500,2025-02-08,50000
00000556,50,2025-07-25,0
00000557,150,2023-06-04,0
00000558,150,2022-05-19,0
00000559,50,2025-04-06,0
00000560,150,2022-10-01,100000
00000561,150,2025-08-09,0
00000562,200,2025-11-25,0
00000563,100,2022-10-04,10000
00000564,50,2023-08-24,0
00000565,100,2022-03-27,0
00000566,150,2024-11-21,0
00000567,500,2024-08-27,0
00000568,100,2023-08-09,0
00000569,50,2025-09-04,0
00000570,50,2024-01-24,0
00000571,200,2024-06-19,0
00000572,200,2023-11-26,0
00000573,200,2025-11-18,0
00000574,500,2023-07-01,0
00000575,200,2022-06-11,0
00000576,100,2025-01-22,0
00000577,50,2022-06-13,0
00000578,150,2023-09-20,0
00000579,200,2022-12-08,0
00000580,150,2024-07-04,1500
00000581,500,2024-06-09,0
00000582,50,2022-06-03,0
00000583,200,2024-01-15,0
00000584,100,2022-03-05,0
00000585,500,2025-10-20,0
00000586,50,2022-09-16,500
00000587,150,2024-02-24,0
00000588,50,2025-05-24,0
00000589,200,2024-01-30,0
00000590,50,2025-03-21,0
00000591,150,2024-03-26,0
00000592,150,2023-05-27,0
00000593,50,2023-01-17,0
00000594,200,2025-02-24,0
00000595,150,2025-12-12,0
00000596,500,2023-08-08,0
00000597,200,2023-02-14,0
00000598,50,2024-07-14,0
00000599,200,2022-06-29,0
00000600,150,2025-09-29,0
00000601,50,2025-01-31,0
00000602,150,2022-11-19,0
00000603,100,2024-01-11,0
00000604,50,2023-02-16,0
00000605,100,2024-10-08,100000
00000606,500,2024-01-26,0
00000607,500,2022-09-23,0
00000608,50,2022-05-15,0
00000609,200,2024-12-12,0
00000610,200,2025-03-23,2000
00000611,50,2024-07-10,0
00000612,500,2023-12-07,0
00000613,500,2025-08-03,0
00000614,100,2024-06-05,0
00000615,50,2022-09-12,0
00000616,150,2022-12-04,0
00000617,100,2023-12-10,0
00000618,500,2023-08-05,0
00000619,150,2023-02-07,0
00000620,500,2023-07-17,0
00000621,150,2025-06-12,0
00000622,500,2025-08-05,0
00000623,500,2022-11-12,0
00000624,500,2025-05-24,0
00000625,500,2022-03-26,0
00000626,50,2022-06-16,100000
00000627,150,2025-08-26,0
00000628,500,2024-05-03,0
00000629,50,2024-10-16,0
00000630,500,2023-08-17,0
00000631,150,2024-09-16,0
00000632,200,2023-09-02,0
00000633,50,2022-11-20,0
00000634,200,2024-08-09,0
00000635,500,2022-10-22,0
00000636,150,2023-12-09,0
00000637,100,2024-01-29,0
00000638,50,2023-10-16,0
00000639,50,2023-07-02,0
00000640,100,2022-07-18,10000
00000641,500,2024-05-06,0
00000642,100,2023-11-02,0
00000643,150,2023-01-24,0
00000644,200,2024-11-20,0
00000645,150,2024-10-15,15000
00000646,500,2024-07-25,0
00000647,100,2025-04-09,0
00000648,50,2023-07-31,0
00000649,200,2023-08-09,0
00000650,50,2024-06-01,0
00000651,150,2024-01-20,0
00000652,150,2022-04-03,0
00000653,500,2025-02-24,0
00000654,500,2023-08-15,100000
00000655,200,2025-01-31,0
00000656,500,2025-10-25,0
00000657,100,2022-07-18,0
00000658,150,2025-02-16,0
00000659,100,2023-02-12,0
00000660,200,2024-10-21,200
00000661,100,2023-11-14,0
00000662,500,2024-07-24,0
00000663,500,2022-10-14,0
00000664,500,2023-10-15,0
00000665,500,2023-09-05,0
00000666,500,2024-11-09,0
00000667,500,2023-09-06,0
00000668,50,2024-01-25,0
00000669,50,2024-05-03,0
00000670,50,2025-05-07,0
00000671,500,2025-03-28,0
00000672,50,2025-04-10,0
00000673,500,2025-07-12,0
00000674,200,2022-10-30,0
00000675,100,2022-03-06,0
00000676,50,2023-01-26,500
00000677,200,2022-11-07,0
00000678,100,2024-04-20,0
00000679,500,2024-08-23,0
00000680,50,2025-12-16,0
00000681,100,2025-02-22,0
00000682,200,2024-12-12,0
00000683,100,2024-07-30,0
00000684,150,2025-01-23,0
00000685,150,2025-06-03,0
00000686,100,2023-07-26,0
00000687,100,2023-09-02,0
00000688,100,2025-11-14,0
00000689,150,2024-09-09,0
00000690,150,2023-08-13,0
00000691,500,2024-02-17,0
00000692,200,2023-12-08,0
00000693,100,2023-08-18,100
00000694,150,2024-06-24,0
00000695,200,2023-03-15,0
00000696,500,2023-07-10,0
00000697,150,2022-10-09,0
00000698,500,2023-05-06,0
00000699,500,2023-04-08,0
00000700,50,2022-07-25,0
00000701,200,2022-07-25,0
00000702,100,2022-01-11,0
00000703,100,2024-04-13,0
00000704,200,2024-09-04,0
00000705,150,2023-10-20,0
00000706,50,2022-07-03,0
00000707,100,2024-12-31,0
00000708,50,2022-12-25,0
00000709,100,2022-03-16,0
00000710,200,2024-10-11,0
00000711,150,2022-03-18,100000
00000712,500,2022-08-08,0
00000713,150,2023-08-06,0
00000714,500,2024-12-09,0
00000715,100,2024-10-29,0
00000716,100,2022-08-19,0
00000717,200,2025-08-20,0
00000718,100,2022-01-29,0
00000719,150,2025-03-08,0
00000720,100,2022-12-26,0
00000721,200,2024-05-25,0
00000722,50,2024-03-31,0
00000723,100,2022-10-15,0
00000724,100,2022-01-14,0
00000725,100,2024-07-03,0
00000726,150,2023-09-11,0
00000727,500,2022-01-24,0
00000728,150,2025-11-19,0
00000729,50,2024-08-11,0
00000730,200,2025-11-06,0
00000731,150,2025-11-14,0
00000732,150,2024-01-23,0
00000733,100,2022-10-01,0
00000734,200,2025-05-25,0
00000735,500,2024-08-22,0
00000736,100,2023-05-22,0
00000737,500,2022-06-17,0
00000738,500,2025-12-12,0
00000739,500,2022-08-18,100000
00000740,500,2023-02-19,0
00000741,100,2022-12-03,0
00000742,500,2024-06-23,0
00000743,100,2025-04-09,0
00000744,500,2024-07-01,0
00000745,200,2022-09-28,0
00000746,200,2025-02-28,20000
00000747,150,2022-02-14,0
00000748,50,2023-03-23,0
00000749,50,2024-05-17,0
00000750,50,2025-01-13,0
00000751,50,2024-08-24,5000
00000752,100,2022-10-05,0
00000753,200,2024-02-06,0
00000754,200,2024-07-07,0
00000755,200,2024-02-09,100000
00000756,100,2025-08-31,0
00000757,50,2023-01-01,0
00000758,200,2024-12-19,0
00000759,100,2022-01-08,0
00000760,150,2024-08-06,0
00000761,500,2024-05-18,0
00000762,100,2023-05-22,0
00000763,100,2023-07-19,0
00000764,50,2022-03-07,0
00000765,200,2025-06-13,0
00000766,50,2023-05-08,0
00000767,50,2025-05-01,100000
00000768,50,2023-05-17,0
00000769,200,2024-06-17,0
00000770,100,2022-04-26,0
00000771,150,2023-04-25,0
00000772,500,2023-10-16,0
00000773,150,2023-05-01,0
00000774,100,2025-09-14,0
00000775,200,2023-09-08,0
00000776,500,2025-04-26,0
00000777,100,2025-07-06,0
00000778,500,2024-10-12,5000
00000779,200,2024-12-10,0
00000780,200,2024-04-16,0
00000781,200,2023-01-12,0
00000782,200,2023-05-09,0
00000783,150,2025-12-20,0
00000784,200,2022-04-29,0
00000785,200,2025-02-15,0
00000786,200,2023-05-13,0
00000787,150,2025-08-17,15000
00000788,150,2022-07-09,0
00000789,100,2022-04-16,0
00000790,500,2025-05-19,500
00000791,100,2025-04-18,0
00000792,500,2023-03-21,0
00000793,150,2023-09-13,0
00000794,50,2023-03-10,0
00000795,50,2024-09-07,0
00000796,500,2025-12-12,0
00000797,100,2025-02-04,0
00000798,150,2024-02-19,0
00000799,150,2023-09-24,0
00000800,500,2024-10-15,0
00000801,200,2023-10-18,0
00000802,150,2023-10-03,0
00000803,500,2023-03-30,0
00000804,50,2023-06-19,0
00000805,500,2025-04-01,0
00000806,150,2022-11-09,0
00000807,100,2024-02-17,0
00000808,100,2024-10-19,0
00000809,150,2023-06-12,0
00000810,200,2025-08-07,0
00000811,200,2022-12-11,0
00000812,150,2022-12-13,0
00000813,500,2024-09-27,0
00000814,500,2025-08-07,0
00000815,500,2022-03-11,0
00000816,50,2025-09-30,50
00000817,200,2022-10-09,0
00000818,100,2022-05-20,0
00000819,50,2023-03-24,0
00000820,150,2022-05-04,0
00000821,500,2024-09-16,0
00000822,50,2022-01-14,0
00000823,200,2022-01-25,2000
00000824,500,2023-08-11,50000
00000825,100,2022-08-08,0
00000826,500,2022-11-01,0
00000827,500,2024-12-14,0
00000828,150,2023-07-02,0
00000829,50,2024-02-04,0
00000830,200,2025-03-03,0
00000831,100,2023-09-07,0
00000832,50,2025-08-31,0
00000833,50,2022-07-11,0
00000834,200,2025-02-05,0
00000835,50,2025-12-10,0
00000836,200,2024-06-07,0
00000837,150,2025-03-04,0
00000838,50,2024-12-17,0
00000839,100,2023-03-09,0
00000840,500,2024-08-31,0
00000841,50,2025-11-02,0
00000842,500,2025-02-28,0
00000843,100,2023-10-07,500
00000844,500,2022-10-23,0
00000845,200,2022-06-07,0
00000846,500,2023-05-08,0
00000847,200,2025-10-18,0
00000848,150,2024-02-26,0
00000849,100,2025-11-12,0
00000850,500,2023-12-10,50000
00000851,100,2022-06-05,0
00000852,500,2025-05-04,0
00000853,150,2022-03-02,0
00000854,200,2024-10-01,0
00000855,500,2024-02-08,0
00000856,500,2025-09-15,0
00000857,500,2023-08-28,0
00000858,50,2022-06-18,0
00000859,200,2025-12-28,0
00000860,100,2024-03-08,0
00000861,50,2022-07-07,500
00000862,200,2024-01-08,0
00000863,50,2022-09-29,5000
00000864,200,2025-02-14,0
00000865,200,2022-07-31,2000
00000866,500,2022-07-10,0
00000867,150,2024-02-28,15000
00000868,200,2022-06-23,0
00000869,500,2023-05-13,0
00000870,100,2025-11-04,0
00000871,100,2023-07-05,0
00000872,200,2022-10-26,20000
00000873,150,2024-05-12,0
00000874,50,2024-01-10,0
00000875,100,2025-07-04,0
00000876,500,2023-02-05,0
00000877,100,2023-09-16,10000
00000878,150,2025-06-24,0
00000879,150,2024-06-20,0
00000880,500,2022-10-06,0
00000881,500,2025-11-24,0
00000882,150,2022-12-30,0
00000883,150,2023-08-20,0
00000884,200,2025-03-25,0
00000885,150,2024-02-10,0
00000886,200,2024-01-18,0
00000887,500,2023-02-14,0
00000888,500,2023-01-04,0
00000889,500,2022-02-25,0
00000890,200,2025-12-21,0
00000891,150,2025-11-19,15000
00000892,200,2022-10-13,0
00000893,100,2023-06-02,0
00000894,200,2024-02-12,100000
00000895,200,2025-04-07,0
00000896,500,2025-11-17,0
00000897,50,2024-01-07,0
00000898,500,2025-05-01,0
00000899,50,2022-08-12,0
00000900,150,2022-12-07,0
00000901,50,2025-02-27,0
00000902,200,2023-11-11,0
00000903,200,2022-08-05,2000
00000904,100,2024-11-11,0
00000905,500,2025-04-03,0
00000906,100,2024-07-01,0
00000907,200,2025-10-23,0
00000908,500,2022-11-05,0
00000909,50,2024-09-15,0
00000910,200,2022-06-25,0
00000911,100,2023-12-15,0
00000912,200,2023-02-28,0
00000913,150,2024-09-02,15000
00000914,150,2022-05-18,0
00000915,50,2022-02-16,0
00000916,50,2025-10-18,0
00000917,100,2024-11-22,0
00000918,100,2023-11-09,0
00000919,200,2023-04-20,0
00000920,100,2023-01-17,0
00000921,200,2024-03-21,100000
00000922,100,2024-07-09,0
00000923,200,2022-01-10,0
00000924,100,2023-07-25,0
00000925,50,2025-03-28,0
00000926,500,2023-01-18,0
00000927,100,2024-07-26,0
00000928,200,2024-12-16,0
00000929,150,2025-05-07,0
00000930,200,2025-04-17,0
00000931,150,2024-07-26,0
00000932,150,2025-06-12,0
00000933,100,2023-10-04,0
00000934,150,2022-08-28,0
00000935,100,2024-11-12,0
00000936,500,2022-10-10,0
00000937,200,2023-01-16,0
00000938,500,2025-11-21,0
00000939,100,2025-02-10,0
00000940,150,2022-10-15,0
00000941,200,2025-06-22,2000
00000942,50,2024-09-19,0
00000943,200,2025-02-24,0
00000944,200,2024-04-17,0
00000945,200,2025-12-25,0
00000946,200,2022-12-09,200
00000947,100,2023-08-22,500
00000948,500,2023-08-15,0
00000949,200,2025-03-04,0
00000950,200,2025-01-30,0
00000951,500,2022-08-22,0
00000952,500,2024-01-22,0
00000953,50,2024-06-22,0
00000954,200,2022-07-29,0
00000955,100,2023-09-02,0
00000956,50,2024-07-10,0
00000957,50,2024-06-18,0
00000958,50,2023-05-01,0
00000959,500,2025-11-12,0
00000960,500,2025-07-19,0
00000961,500,2022-10-13,0
00000962,100,2022-05-02,0
00000963,500,2023-07-30,0
00000964,100,2023-10-25,0
00000965,150,2023-08-16,0
00000966,500,2025-10-23,0
00000967,100,2024-04-22,0
00000968,150,2025-09-05,0
00000969,100,2023-05-27,0
00000970,150,2023-05-22,0
00000971,200,2024-09-29,0
00000972,150,2025-07-09,0
00000973,200,2022-06-04,0
00000974,50,2024-04-05,0
00000975,150,2025-11-23,0
00000976,150,2024-07-20,0
00000977,150,2025-04-06,150
00000978,200,2025-07-24,0
00000979,150,2022-05-10,0
00000980,200,2023-03-23,0
00000981,100,2024-10-10,0
00000982,150,2023-11-23,0
00000983,100,2025-03-05,0
00000984,150,2025-10-29,0
00000985,50,2022-07-23,0
00000986,200,2022-02-03,0
00000987,100,2024-06-22,0
00000988,200,2023-02-19,0
00000989,100,2025-08-24,0
00000990,150,2022-07-11,0
00000991,150,2022-06-18,0
00000992,100,2022-04-17,0
00000993,150,2025-12-03,0
00000994,200,2025-09-04,200
00000995,50,2023-03-14,0
00000996,100,2025-04-30,0
00000997,200,2022-01-20,2000
00000998,50,2024-05-14,0
00000999,200,2022-05-26,0
00001000,50,2022-07-29,0
00001001,150,2023-09-05,0
00001002,100,2025-08-06,0
00001003,100,2022-05-21,0
00001004,50,2025-06-03,0
00001005,200,2023-12-21,0
00001006,100,2024-04-23,0
00001007,200,2023-03-21,200
00001008,100,2022-09-10,0
00001009,200,2023-12-21,0
00001010,150,2022-10-14,0
00001011,50,2023-05-24,0
00001012,500,2025-05-29,0
00001013,50,2025-09-10,0
00001014,100,2024-11-26,0
00001015,100,2024-03-13,0
00001016,50,2023-05-06,0
00001017,50,2023-05-09,0
00001018,500,2022-05-26,0
00001019,50,2024-01-10,0
00001020,100,2024-03-03,0
00001021,500,2024-05-11,0
00001022,100,2024-08-22,0
00001023,50,2022-02-04,0
00001024,50,2023-06-21,0
00001025,50,2024-03-26,0
00001026,500,2024-04-30,0
00001027,200,2022-06-18,0
00001028,500,2025-06-15,0
00001029,50,2023-09-27,250
00001030,100,2025-01-03,0
00001031,500,2025-07-23,0
00001032,50,2023-09-28,0
00001033,100,2022-04-29,0
00001034,200,2022-08-26,0
00001035,500,2022-04-23,0
00001036,100,2022-09-02,500
00001037,50,2022-12-02,0
00001038,150,2024-12-07,0
00001039,150,2022-12-08,0
00001040,150,2022-08-30,0
00001041,50,2023-11-18,0
00001042,150,2024-12-08,100000
00001043,50,2024-10-13,0
00001044,150,2022-04-24,0
00001045,500,2022-12-08,0
00001046,150,2022-07-30,0
00001047,50,2023-04-13,0
00001048,50,2022-04-01,0
00001049,50,2023-05-16,500
00001050,200,2022-11-04,0
00001051,50,2025-02-06,0
00001052,200,2023-04-05,0
00001053,200,2023-10-18,0
00001054,50,2025-03-16,0
00001055,500,2025-10-10,0
00001056,100,2023-04-03,0
00001057,50,2024-04-01,5000
00001058,150,2023-09-29,0
00001059,500,2024-07-24,2500
00001060,150,2025-02-28,0
00001061,500,2023-05-12,0
00001062,500,2024-10-07,0
00001063,100,2025-01-24,0
00001064,100,2022-11-05,10000
00001065,50,2023-04-23,0
00001066,50,2023-11-18,5000
00001067,150,2022-08-01,0
00001068,100,2024-05-09,0
00001069,50,2022-10-19,0
00001070,50,2022-03-31,0
00001071,500,2024-04-25,0
00001072,150,2024-07-27,0
00001073,50,2025-04-04,250
00001074,200,2022-06-03,0
00001075,50,2024-06-09,0
00001076,100,2023-04-30,0
00001077,150,2024-03-15,0
00001078,150,2023-10-14,0
00001079,100,2022-06-02,0
00001080,100,2025-04-12,0
00001081,50,2022-12-03,0
00001082,150,2024-04-12,0
00001083,150,2023-03-02,0
00001084,200,2023-06-27,0
00001085,50,2022-11-19,0
00001086,150,2025-12-14,0
00001087,50,2023-03-17,0
00001088,150,2022-10-31,750
00001089,150,2024-03-22,0
00001090,150,2023-06-17,0
00001091,100,2022-03-05,0
00001092,200,2025-02-12,0
00001093,100,2022-07-13,0
00001094,100,2022-09-06,500
00001095,100,2023-02-10,0
00001096,150,2025-11-06,0
00001097,50,2025-04-07,0
00001098,50,2022-02-14,0
00001099,100,2025-08-15,0
00001100,100,2022-07-08,0
00001101,150,2022-09-08,15000
00001102,50,2022-12-11,0
00001103,200,2024-03-19,0
00001104,200,2025-10-31,0
00001105,150,2023-03-16,0
00001106,150,2023-07-28,0
00001107,100,2022-03-12,0
00001108,500,2023-05-19,0
00001109,200,2024-04-23,0
00001110,200,2022-05-05,20000
00001111,100,2024-05-08,0
00001112,500,2023-05-26,0
00001113,500,2022-02-09,0
00001114,150,2024-09-09,0
00001115,200,2023-12-06,0
00001116,500,2023-10-21,0
00001117,100,2022-02-23,0
00001118,100,2022-03-02,0
00001119,150,2022-04-30,0
00001120,200,2024-12-20,0
00001121,500,2023-04-22,0
00001122,50,2023-05-23,0
00001123,150,2024-12-28,0
00001124,50,2023-03-26,0
00001125,200,2023-12-28,0
00001126,100,2022-12-27,0
00001127,150,2025-11-29,0
00001128,500,2022-02-27,0
00001129,150,2025-03-08,0
00001130,500,2023-01-21,0
00001131,200,2025-01-15,0
00001132,200,2022-03-19,1000
00001133,500,2023-03-25,50000
00001134,50,2023-11-11,0
00001135,100,2022-09-25,0
00001136,100,2023-10-25,500
00001137,500,2025-12-14,0
00001138,50,2024-12-13,0
00001139,50,2024-02-05,0
00001140,200,2025-04-15,0
00001141,150,2023-10-23,0
00001142,100,2024-06-13,0
00001143,200,2025-08-22,0
00001144,500,2025-11-21,0
00001145,500,2024-01-01,0
00001146,500,2022-12-26,0
00001147,150,2022-09-18,0
00001148,50,2025-12-08,0
00001149,200,2025-03-08,100000
00001150,150,2025-06-06,0
00001151,500,2022-08-02,0
00001152,100,2023-11-10,0
00001153,100,2023-12-12,0
00001154,100,2025-07-26,0
00001155,50,2025-12-22,0
00001156,150,2024-07-03,750
00001157,100,2025-11-20,1000
00001158,50,2022-01-03,5000
00001159,200,2022-12-07,0
00001160,200,2024-02-15,0
00001161,200,2022-07-27,0
00001162,500,2025-08-26,0
00001163,100,2022-11-30,0
00001164,50,2023-08-27,500
00001165,50,2022-06-01,0
00001166,200,2022-11-26,0
00001167,500,2022-07-10,0
00001168,500,2024-09-15,0
00001169,200,2025-08-31,0
00001170,200,2022-11-18,2000
00001171,100,2023-01-25,0
00001172,500,2025-01-11,0
00001173,150,2023-09-02,0
00001174,50,2024-03-15,0
00001175,200,2022-11-11,200
00001176,200,2022-06-29,0
00001177,500,2024-09-10,0
00001178,50,2023-02-28,0
00001179,150,2022-06-17,0
00001180,50,2023-09-24,0
00001181,200,2024-09-28,0
00001182,150,2022-07-06,0
00001183,200,2023-01-14,0
00001184,200,2024-01-27,0
00001185,50,2023-06-24,0
00001186,150,2023-04-09,0
00001187,500,2022-05-07,0
00001188,50,2022-06-25,0
00001189,500,2024-04-27,0
00001190,500,2023-04-11,0
00001191,200,2024-12-06,0
00001192,500,2025-11-08,0
00001193,200,2025-03-18,0
00001194,200,2023-09-05,200
00001195,500,2025-03-15,0
00001196,500,2025-10-19,0
00001197,100,2022-09-04,0
00001198,200,2022-12-21,0
00001199,100,2023-03-10,0
00001200,100,2022-03-29,0
00001201,200,2023-02-18,0
00001202,100,2025-05-03,0
00001203,50,2022-06-28,0
00001204,200,2025-02-04,0
00001205,150,2024-11-30,0
00001206,50,2025-12-05,0
00001207,500,2024-05-09,0
00001208,100,2022-10-31,0
00001209,500,2022-07-25,0
00001210,500,2022-07-26,0
00001211,500,2023-12-06,0
00001212,150,2024-02-24,0
00001213,500,2025-06-01,0
00001214,100,2023-07-19,0
00001215,500,2025-05-31,0
00001216,200,2022-03-21,0
00001217,150,2025-11-15,0
00001218,200,2023-07-05,0
00001219,50,2023-11-23,0
00001220,150,2023-09-29,0
00001221,200,2025-11-26,0
00001222,100,2022-10-03,0
00001223,200,2023-10-20,0
00001224,200,2025-05-23,0
00001225,100,2024-06-23,0
00001226,200,2024-09-19,0
00001227,150,2022-04-26,0
00001228,100,2022-05-15,0
00001229,500,2024-04-06,0
00001230,500,2025-03-10,2500
00001231,100,2022-04-29,0
00001232,200,2022-04-14,0
00001233,100,2023-07-16,0
00001234,200,2024-10-31,0
00001235,50,2025-10-27,500
00001236,200,2025-05-01,0
00001237,200,2025-04-16,0
00001238,150,2022-12-01,0
00001239,150,2025-11-11,150
00001240,200,2022-04-12,0
00001241,500,2023-03-15,0
00001242,100,2025-10-19,0
00001243,200,2024-11-17,200
00001244,200,2022-09-28,0
00001245,500,2022-01-18,0
00001246,500,2023-09-18,0
00001247,150,2024-05-17,0
00001248,150,2024-07-29,0
00001249,200,2023-09-11,0
00001250,500,2024-03-24,0
00001251,50,2024-11-13,0
00001252,150,2025-02-23,0
00001253,500,2023-08-02,0
00001254,50,2024-09-13,500
00001255,150,2023-07-22,0
00001256,150,2023-01-21,0
00001257,100,2022-04-27,0
00001258,500,2024-04-07,0
00001259,100,2022-02-22,0
00001260,150,2023-06-16,0
00001261,200,2024-03-06,0
00001262,500,2025-12-21,0
00001263,100,2023-12-04,0
00001264,100,2025-11-06,0
00001265,200,2025-10-07,0
00001266,150,2022-12-15,0
00001267,500,2023-01-06,0
00001268,200,2022-09-20,0
00001269,500,2023-01-10,0
00001270,150,2025-09-02,1500
00001271,100,2023-09-21,0
00001272,150,2024-02-01,0
00001273,150,2024-08-07,0
00001274,200,2022-04-20,0
00001275,500,2025-04-03,0
00001276,50,2024-08-25,0
00001277,500,2022-09-03,0
00001278,200,2024-12-21,0
00001279,50,2022-11-05,0
00001280,100,2023-12-03,0
00001281,500,2024-07-26,0
00001282,100,2022-06-15,0
00001283,100,2023-10-04,0
00001284,50,2024-07-14,0
00001285,100,2025-03-26,0
00001286,200,2022-06-30,0
00001287,200,2025-07-21,0
00001288,200,2024-09-04,0
00001289,50,2024-12-29,0
00001290,150,2022-01-29,0
00001291,500,2023-01-26,500
00001292,100,2023-04-09,0
00001293,150,2023-10-02,0
00001294,200,2024-10-27,0
00001295,100,2022-05-14,0
00001296,150,2023-08-19,0
00001297,500,2025-05-06,0
00001298,200,2025-11-07,0
00001299,150,2024-09-30,0
00001300,100,2022-12-04,0
00001301,200,2022-02-09,0
00001302,100,2023-03-09,0
00001303,500,2024-10-30,0
00001304,150,2025-12-27,0
00001305,50,2024-02-08,0
00001306,150,2024-12-31,0
00001307,500,2022-04-09,0
00001308,50,2022-04-09,0
00001309,200,2024-06-28,0
00001310,500,2023-06-02,0
00001311,100,2023-02-25,0
00001312,50,2023-09-09,0
00001313,50,2025-09-18,0
00001314,500,2025-05-25,0
00001315,200,2022-08-03,0
00001316,500,2022-08-30,0
00001317,50,2024-10-16,0
00001318,100,2023-06-23,0
00001319,100,2024-01-04,0
00001320,150,2022-11-25,15000
00001321,100,2025-11-10,0
00001322,150,2023-04-26,150
00001323,50,2025-03-21,0
00001324,100,2022-07-04,0
00001325,50,2022-07-27,0
00001326,100,2024-07-24,0
00001327,150,2023-06-25,0
00001328,50,2022-12-24,0
00001329,150,2024-01-08,0
00001330,150,2024-05-22,0
00001331,50,2022-04-04,250
00001332,100,2023-11-05,0
00001333,200,2025-06-27,0
00001334,50,2024-02-03,0
00001335,100,2022-08-22,0
00001336,200,2023-07-11,0
00001337,200,2024-05-13,0
00001338,100,2022-08-20,0
00001339,50,2022-11-23,0
00001340,500,2024-09-15,0
00001341,200,2023-01-07,0
00001342,150,2025-06-06,750
00001343,200,2024-09-26,0
00001344,200,2024-06-21,2000
00001345,150,2022-01-26,0
00001346,500,2025-03-26,0
00001347,100,2025-10-03,0
00001348,500,2024-12-07,0
00001349,500,2022-07-15,0
00001350,100,2024-09-13,0
00001351,200,2022-11-01,0
00001352,500,2025-06-09,2500
00001353,500,2024-08-19,0
00001354,100,2022-06-03,0
00001355,150,2023-05-09,0
00001356,150,2022-04-14,0
00001357,500,2025-08-10,0
00001358,100,2022-06-11,0
00001359,500,2024-07-06,50000
00001360,200,2023-10-10,0
00001361,200,2025-08-31,20000
00001362,200,2022-03-15,0
00001363,50,2022-07-06,0
00001364,500,2025-07-29,0
00001365,500,2025-02-25,0
00001366,200,2023-11-30,0
00001367,50,2023-04-02,0
00001368,150,2025-02-21,0
00001369,500,2024-08-26,0
00001370,150,2024-07-15,0
00001371,100,2022-01-05,0
00001372,150,2025-01-26,0
00001373,50,2022-04-04,0
00001374,200,2022-10-15,0
00001375,200,2022-08-08,0
00001376,100,2023-01-20,0
00001377,200,2023-03-18,0
00001378,100,2023-11-24,0
00001379,200,2022-04-06,0
00001380,500,2022-09-10,0
00001381,200,2024-07-25,0
00001382,500,2022-10-03,0
00001383,50,2024-12-22,0
00001384,500,2024-06-05,0
00001385,200,2024-11-07,0
00001386,100,2025-11-17,0
00001387,100,2022-08-01,0
00001388,500,2025-05-26,0
00001389,500,2024-02-27,0
00001390,500,2025-11-19,0
00001391,150,2024-03-25,0
00001392,150,2024-07-16,0
00001393,100,2024-04-25,0
00001394,500,2023-09-05,0
00001395,500,2023-10-05,0
00001396,500,2025-07-19,0
00001397,100,2025-07-02,0
00001398,150,2025-10-09,0
00001399,100,2024-10-28,0
00001400,150,2025-12-25,0
00001401,150,2025-02-25,0
00001402,500,2025-09-28,0
00001403,500,2023-08-09,0
00001404,200,2022-01-27,0
00001405,50,2024-02-20,0
00001406,50,2023-02-14,0
00001407,100,2023-08-10,0
00001408,100,2022-05-08,0
00001409,150,2023-02-22,0
00001410,50,2024-01-05,0
00001411,50,2025-06-15,0
00001412,500,2023-04-05,0
00001413,500,2024-03-07,0
00001414,150,2025-11-20,0
00001415,200,2024-03-04,0
00001416,150,2025-02-04,1500
00001417,100,2025-06-24,0
00001418,200,2023-04-07,0
00001419,150,2025-04-20,0
00001420,500,2023-02-07,0
00001421,100,2023-08-26,0
00001422,50,2023-01-18,0
00001423,500,2022-09-02,0
00001424,200,2023-07-26,0
00001425,100,2022-11-26,0
00001426,150,2022-01-12,0
00001427,100,2022-03-23,0
00001428,150,2025-05-07,100000
00001429,150,2024-10-01,0
00001430,500,2024-01-04,5000
00001431,500,2023-03-27,0
00001432,500,2022-05-20,0
00001433,100,2024-05-01,0
00001434,200,2022-07-08,0
00001435,100,2025-09-20,0
00001436,150,2023-08-25,0
00001437,500,2024-12-22,0
00001438,500,2025-08-22,5000
00001439,200,2023-05-08,0
00001440,500,2025-06-26,0
00001441,50,2025-10-29,0
00001442,200,2022-08-21,0
00001443,500,2023-08-03,100000
00001444,150,2024-11-19,0
00001445,200,2024-09-23,1000
00001446,150,2024-11-18,150
00001447,100,2025-01-06,0
00001448,50,2023-03-08,0
00001449,100,2025-11-04,0
00001450,50,2023-02-26,0
00001451,200,2025-08-17,0
00001452,50,2025-11-06,0
00001453,200,2023-11-11,200
00001454,50,2022-12-31,0
00001455,500,2022-05-25,0
00001456,100,2023-06-14,0
00001457,200,2025-07-14,0
00001458,150,2022-02-04,0
00001459,50,2024-12-31,100000
00001460,50,2025-04-14,50
00001461,150,2024-10-26,0
00001462,150,2025-05-27,15000
00001463,200,2024-03-20,0
00001464,50,2024-08-28,0
00001465,100,2022-10-07,0
00001466,500,2023-08-28,0
00001467,100,2023-09-03,0
00001468,150,2022-01-23,0
00001469,500,2022-10-17,0
00001470,50,2025-03-18,0
00001471,500,2025-01-26,0
00001472,150,2023-03-07,0
00001473,150,2023-03-10,0
00001474,500,2022-10-19,0
00001475,100,2025-06-17,0
00001476,100,2022-08-23,0
00001477,500,2022-04-22,0
00001478,500,2024-08-02,0
00001479,50,2023-08-19,0
00001480,150,2022-07-21,0
00001481,500,2024-09-24,0
00001482,150,2022-09-20,0
00001483,100,2022-07-24,0
00001484,50,2023-02-01,0
00001485,200,2023-11-04,0
00001486,150,2025-11-21,0
00001487,500,2025-03-06,0
00001488,150,2024-05-27,0
00001489,150,2023-05-20,0
00001490,200,2023-07-21,0
00001491,100,2025-10-23,0
00001492,200,2024-08-05,0
00001493,150,2024-09-24,0
00001494,100,2025-08-15,0
00001495,150,2022-10-14,0
00001496,100,2023-06-24,0
00001497,50,2022-06-04,0
00001498,500,2025-07-17,100000
00001499,500,2024-04-09,0
00001500,100,2022-03-17,0
00001501,500,2025-01-10,0
00001502,100,2024-01-20,0
00001503,500,2023-08-19,0
00001504,500,2024-11-11,5000
00001505,500,2022-01-22,0
00001506,500,2025-11-02,0
00001507,500,2022-10-15,0
00001508,100,2025-03-05,0
00001509,100,2024-09-17,0
00001510,50,2023-03-25,0
00001511,100,2022-05-09,0
00001512,100,2022-03-29,0
00001513,500,2024-01-10,0
00001514,200,2022-04-06,2000
00001515,50,2025-12-12,0
00001516,150,2023-06-24,0
00001517,500,2022-12-23,0
00001518,200,2024-01-19,0
00001519,50,2024-11-24,0
00001520,100,2024-11-23,0
00001521,150,2024-09-24,0
00001522,500,2022-01-14,0
00001523,100,2024-06-19,0
00001524,50,2024-11-19,0
00001525,100,2022-11-04,0
00001526,150,2025-05-17,0
00001527,50,2025-09-15,0
00001528,150,2022-08-21,0
00001529,200,2024-09-08,0
00001530,100,2025-08-18,0
00001531,50,2023-05-15,100000
00001532,500,2022-11-26,0
00001533,500,2022-03-22,0
00001534,100,2022-04-25,0
00001535,100,2024-11-24,0
00001536,500,2025-02-28,0
00001537,150,2022-06-25,0
00001538,500,2024-08-23,0
00001539,100,2023-03-26,0
00001540,500,2022-10-20,0
00001541,100,2025-06-30,0
00001542,150,2022-12-10,0
00001543,150,2024-07-17,0
00001544,50,2023-04-16,0
00001545,100,2022-08-11,100000
00001546,500,2025-11-02,0
00001547,100,2025-05-25,10000
00001548,500,2025-05-13,100000
00001549,500,2022-08-29,2500
00001550,500,2025-01-09,0
00001551,200,2024-12-05,0
00001552,50,2025-11-29,0
00001553,100,2024-09-14,0
00001554,200,2023-12-19,0
00001555,500,2022-07-20,0
00001556,150,2024-09-04,0
00001557,50,2023-08-04,0
00001558,500,2024-04-16,0
00001559,50,2025-12-23,0
00001560,50,2025-03-29,0
00001561,500,2022-01-15,0
00001562,100,2025-11-09,0
00001563,200,2024-01-12,0
00001564,200,2025-08-27,0
00001565,150,2025-01-02,0
00001566,150,2025-06-07,0
00001567,200,2023-02-22,0
00001568,500,2024-09-15,0
00001569,500,2025-02-10,0
00001570,150,2025-03-29,0
00001571,200,2022-10-10,0
00001572,50,2023-04-16,0
00001573,100,2022-07-25,0
00001574,200,2023-11-25,0
00001575,500,2025-11-28,0
00001576,50,2022-11-26,0
00001577,50,2022-07-06,0
00001578,200,2025-05-14,0
00001579,50,2023-06-23,0
00001580,50,2025-06-01,5000
00001581,200,2025-06-11,0
00001582,150,2025-12-28,0
00001583,50,2022-12-25,0
00001584,200,2022-01-22,0
00001585,500,2023-08-09,0
00001586,500,2024-11-11,0
00001587,100,2025-06-13,0
00001588,50,2024-01-07,0
00001589,50,2022-11-19,500
00001590,200,2023-12-25,0
00001591,200,2025-04-15,0
00001592,50,2025-12-12,50
00001593,500,2023-08-06,0
00001594,500,2025-04-08,0
00001595,150,2023-04-09,0
00001596,100,2024-07-20,0
00001597,500,2022-01-10,0
00001598,200,2024-11-02,0
00001599,50,2024-10-27,0
00001600,50,2024-11-17,0
00001601,500,2025-03-23,0
00001602,200,2024-02-12,0
00001603,100,2023-11-27,0
00001604,200,2025-10-27,0
00001605,500,2022-02-26,0
00001606,150,2022-05-19,0
00001607,100,2025-10-18,0
00001608,150,2024-04-24,0
00001609,500,2025-01-02,5000
00001610,100,2023-08-12,1000
00001611,50,2025-02-09,0
00001612,200,2023-10-05,0
00001613,500,2023-07-06,0
00001614,100,2024-10-18,0
00001615,100,2023-05-11,0
00001616,100,2023-04-15,0
00001617,100,2025-06-20,0
00001618,50,2022-09-03,0
00001619,200,2025-06-11,100000
00001620,50,2024-09-14,0
00001621,150,2024-10-05,0
00001622,500,2023-07-17,0
00001623,500,2023-07-28,0
00001624,500,2022-09-20,50000
00001625,200,2025-01-12,2000
00001626,200,2025-11-06,0
00001627,200,2022-09-04,0
00001628,200,2023-10-09,0
00001629,50,2025-10-12,0
00001630,500,2022-07-26,0
00001631,500,2023-06-16,0
00001632,150,2023-05-01,0
00001633,500,2023-12-04,0
00001634,200,2024-05-18,0
00001635,150,2024-01-18,0
00001636,150,2024-07-12,0
00001637,100,2025-03-25,0
00001638,50,2023-07-07,0
00001639,500,2024-06-04,0
00001640,100,2022-10-26,0
00001641,100,2024-08-26,0
00001642,100,2024-05-13,0
00001643,500,2024-12-29,0
00001644,200,2023-09-07,0
00001645,500,2022-04-08,0
00001646,100,2022-05-03,0
00001647,150,2024-09-02,0
00001648,50,2024-07-10,0
00001649,150,2024-01-10,0
00001650,500,2023-06-12,0
00001651,200,2022-09-06,0
00001652,500,2023-02-12,0
00001653,500,2022-12-24,0
00001654,150,2023-12-29,0
00001655,500,2024-09-25,0
00001656,200,2022-06-10,0
00001657,150,2024-08-07,0
00001658,100,2022-12-10,0
00001659,150,2024-05-13,0
00001660,500,2024-04-08,0
00001661,50,2022-06-12,0
00001662,100,2023-10-05,0
00001663,150,2025-12-25,0
00001664,200,2023-07-10,0
00001665,150,2025-04-17,0
00001666,200,2024-04-27,0
00001667,50,2022-09-14,0
00001668,150,2025-12-06,0
00001669,100,2022-12-08,0
00001670,50,2022-05-11,0
00001671,200,2025-01-28,20000
00001672,500,2022-06-20,0
00001673,500,2022-11-15,50000
00001674,150,2023-04-15,0
00001675,150,2024-06-26,0
00001676,100,2024-12-14,0
00001677,50,2022-03-13,0
00001678,150,2024-09-02,0
00001679,500,2023-07-12,0
00001680,100,2025-11-29,0
00001681,500,2025-05-08,0
00001682,500,2024-06-09,0
00001683,500,2023-09-27,0
00001684,200,2025-01-10,0
00001685,50,2024-06-23,0
00001686,200,2023-06-17,0
00001687,50,2022-01-01,0
00001688,100,2023-12-06,0
00001689,500,2022-01-18,0
00001690,200,2024-09-04,0
00001691,200,2023-08-23,0
00001692,50,2025-01-27,0
00001693,200,2025-02-22,0
00001694,100,2022-12-01,0
00001695,200,2024-02-14,0
00001696,50,2024-05-14,0
00001697,500,2025-06-09,0
00001698,150,2023-08-07,0
00001699,500,2023-07-05,0
00001700,50,2023-01-09,0
00001701,50,2025-07-28,0
00001702,200,2023-07-12,0
00001703,200,2023-01-20,0
00001704,100,2022-04-12,0
00001705,50,2023-01-16,0
00001706,150,2023-07-06,0
00001707,200,2022-01-17,0
00001708,100,2022-01-31,0
00001709,150,2024-05-10,0
00001710,200,2024-01-31,0
00001711,50,2023-11-08,250
00001712,50,2023-06-30,0
00001713,50,2025-01-17,0
00001714,100,2023-05-28,0
00001715,50,2022-09-07,0
00001716,100,2024-02-28,0
00001717,200,2023-05-22,0
00001718,50,2023-02-12,0
00001719,50,2024-12-03,0
00001720,100,2024-08-26,0
00001721,150,2023-10-24,0
00001722,50,2025-01-30,0
00001723,150,2024-09-12,0
00001724,100,2024-01-09,0
00001725,100,2022-08-20,0
00001726,200,2023-10-27,2000
00001727,500,2022-09-03,0
00001728,100,2022-01-19,0
00001729,500,2025-11-15,0
00001730,500,2022-11-14,0
00001731,50,2023-05-25,0
00001732,50,2025-11-05,0
00001733,50,2022-05-03,0
00001734,100,2025-12-07,0
00001735,50,2022-09-15,0
00001736,150,2025-02-17,0
00001737,150,2024-06-17,0
00001738,50,2025-11-12,0
00001739,100,2023-05-29,0
00001740,200,2025-12-18,0
00001741,150,2025-01-16,0
00001742,100,2025-03-06,0
00001743,150,2023-10-25,0
00001744,150,2025-05-11,0
00001745,500,2022-11-25,2500
00001746,200,2023-08-29,0
00001747,500,2024-01-22,0
00001748,500,2024-02-16,0
00001749,50,2025-06-23,0
00001750,500,2023-05-05,0
00001751,50,2025-09-10,0
00001752,200,2023-01-24,0
00001753,200,2025-02-03,0
00001754,150,2023-10-23,0
00001755,150,2022-08-15,150
00001756,50,2022-09-23,0
00001757,50,2023-02-18,0
00001758,100,2022-07-22,10000
00001759,200,2024-12-12,0
00001760,500,2023-06-09,2500
00001761,500,2022-05-26,2500
00001762,200,2022-06-13,0
00001763,50,2024-01-10,0
00001764,200,2024-01-26,0
00001765,50,2025-06-17,0
00001766,50,2022-05-25,0
00001767,50,2023-03-19,0
00001768,50,2022-07-27,0
00001769,500,2024-02-29,0
00001770,500,2025-09-07,0
00001771,100,2025-02-17,0
00001772,200,2022-08-05,0
00001773,500,2024-01-04,0
00001774,200,2022-08-02,0
00001775,100,2025-01-31,0
00001776,150,2025-09-08,0
00001777,500,2024-06-26,0
00001778,150,2025-01-31,0
00001779,150,2024-02-01,0
00001780,200,2023-10-25,0
00001781,500,2025-01-22,0
00001782,500,2023-06-05,0
00001783,200,2024-07-05,0
00001784,50,2022-03-12,0
00001785,500,2022-02-03,0
00001786,150,2022-01-14,0
00001787,100,2023-03-16,0
00001788,50,2025-11-13,0
00001789,500,2024-11-13,0
00001790,500,2022-11-13,50000
00001791,150,2022-11-16,0
00001792,150,2025-04-07,0
00001793,150,2023-09-08,15000
00001794,500,2023-03-22,0
00001795,150,2024-09-15,0
00001796,500,2022-07-15,0
00001797,150,2022-03-18,0
00001798,500,2024-02-21,500
00001799,150,2023-12-14,0
00001800,200,2024-05-03,0
00001801,50,2023-04-10,0
00001802,500,2022-01-24,0
00001803,200,2022-04-21,0
00001804,50,2023-10-16,0
00001805,100,2023-11-01,0
00001806,100,2022-11-10,10000
00001807,200,2025-05-03,0
00001808,50,2023-03-31,0
00001809,200,2022-10-31,0
00001810,50,2024-09-01,0
00001811,50,2025-01-27,0
00001812,50,2024-03-27,0
00001813,100,2022-10-04,0
00001814,100,2024-09-26,0
00001815,500,2023-02-06,0
00001816,500,2023-05-20,0
00001817,150,2024-05-30,0
00001818,500,2022-07-03,0
00001819,200,2024-05-17,0
00001820,100,2023-10-19,0
00001821,50,2023-09-17,0
00001822,150,2025-06-16,0
00001823,200,2025-06-30,0
00001824,50,2023-04-24,0
00001825,150,2022-11-16,0
00001826,50,2022-08-19,0
00001827,100,2025-06-25,0
00001828,150,2022-01-29,0
00001829,50,2023-09-17,0
00001830,50,2023-11-11,0
00001831,500,2023-03-10,0
00001832,500,2023-06-14,0
00001833,500,2022-10-17,0
00001834,50,2024-02-11,0
00001835,500,2022-03-31,0
00001836,50,2023-08-05,0
00001837,500,2023-07-10,500
00001838,50,2024-03-06,0
00001839,150,2022-08-09,15000
00001840,100,2024-02-19,0
00001841,50,2023-10-09,0
00001842,500,2024-12-24,2500
00001843,500,2024-07-26,0
00001844,50,2022-03-23,0
00001845,500,2023-09-17,0
00001846,200,2022-11-18,2000
00001847,150,2025-07-04,0
00001848,500,2023-07-19,0
00001849,150,2024-03-03,0
00001850,50,2025-02-10,0
00001851,100,2022-11-07,0
00001852,200,2025-09-07,0
00001853,200,2024-12-02,0
00001854,500,2025-07-05,0
00001855,200,2023-05-08,0
00001856,200,2023-10-02,0
00001857,150,2024-07-08,0
00001858,100,2025-08-29,0
00001859,500,2025-11-01,0
00001860,100,2023-09-25,0
00001861,500,2022-10-04,0
00001862,100,2025-09-05,0
00001863,100,2023-10-13,100000
00001864,50,2023-01-13,0
00001865,100,2022-03-02,0
00001866,200,2024-04-22,0
00001867,150,2022-11-08,0
00001868,50,2022-09-27,0
00001869,500,2025-06-17,0
00001870,500,2025-06-08,0
00001871,100,2023-04-18,0
00001872,150,2022-06-12,0
00001873,200,2022-10-02,0
00001874,500,2024-08-18,0
00001875,150,2023-01-12,0
00001876,200,2024-08-28,0
00001877,100,2023-04-09,100
00001878,150,2024-04-25,0
00001879,100,2023-02-23,10000
00001880,500,2024-09-30,0
00001881,200,2023-05-21,0
00001882,50,2025-05-30,0
00001883,200,2023-10-03,0
00001884,500,2025-05-01,0
00001885,50,2024-12-02,0
00001886,200,2022-03-28,0
00001887,100,2024-11-28,0
00001888,50,2025-02-16,0
00001889,50,2023-01-24,0
00001890,200,2023-09-16,0
00001891,150,2024-08-02,0
00001892,150,2025-06-09,0
00001893,500,2022-10-19,0
00001894,200,2022-07-05,0
00001895,50,2023-01-04,0
00001896,500,2022-10-05,0
00001897,150,2024-07-12,15000
00001898,500,2025-12-30,0
00001899,200,2022-07-04,0
00001900,100,2022-09-11,10000
00001901,150,2022-06-24,0
00001902,200,2024-11-13,0
00001903,100,2024-02-15,0
00001904,50,2022-12-16,0
00001905,500,2025-09-12,0
00001906,100,2022-10-24,0
00001907,50,2024-05-09,0
00001908,200,2023-08-15,0
00001909,50,2022-09-27,0
00001910,50,2025-06-29,0
00001911,50,2024-07-28,0
00001912,200,2025-01-18,0
00001913,500,2024-10-07,0
00001914,500,2025-09-12,0
00001915,200,2024-06-23,100000
00001916,50,2023-05-17,0
00001917,150,2025-06-23,0
00001918,100,2022-04-11,0
00001919,50,2025-08-30,0
00001920,100,2022-03-08,0
00001921,500,2023-09-04,0
00001922,50,2022-04-11,0
00001923,100,2022-11-27,0
00001924,500,2025-09-15,0
00001925,500,2025-03-18,0
00001926,100,2024-07-21,0
00001927,150,2022-03-15,1500
00001928,150,2024-01-25,0
00001929,50,2024-05-25,0
00001930,50,2023-08-23,0
00001931,50,2025-11-23,0
00001932,150,2024-12-15,0
00001933,100,2025-11-26,0
00001934,50,2022-08-12,0
00001935,500,2022-06-29,0
00001936,500,2025-12-18,0
00001937,500,2023-10-11,0
00001938,500,2025-06-30,0
00001939,100,2025-06-12,0
00001940,500,2025-07-18,0
00001941,100,2025-06-02,0
00001942,150,2023-02-01,150
00001943,200,2025-07-04,0
00001944,100,2025-06-14,0
00001945,200,2022-04-04,0
00001946,500,2025-07-29,0
00001947,100,2025-11-14,0
00001948,50,2023-09-23,0
00001949,500,2023-10-26,0
00001950,50,2025-11-05,0
00001951,200,2025-03-11,0
00001952,50,2022-12-26,0
00001953,150,2025-10-09,0
00001954,200,2022-03-14,0
00001955,200,2022-11-15,0
00001956,500,2023-11-18,0
00001957,200,2022-04-25,0
00001958,150,2025-03-03,0
00001959,150,2025-02-11,0
00001960,100,2025-03-28,0
00001961,150,2022-05-16,0
00001962,150,2022-03-05,0
00001963,200,2025-07-07,0
00001964,100,2025-03-15,0
00001965,100,2025-05-03,0
00001966,150,2025-12-15,0
00001967,50,2023-07-11,0
00001968,200,2023-05-02,0
00001969,150,2023-03-19,0
00001970,100,2022-08-18,0
00001971,50,2023-02-18,0
00001972,200,2024-11-02,20000
00001973,500,2022-11-12,0
00001974,200,2024-12-08,0
00001975,150,2022-10-21,0
00001976,50,2024-11-23,0
00001977,100,2023-02-25,0
00001978,200,2024-03-04,0
00001979,500,2022-08-26,500
00001980,500,2022-06-28,0
00001981,50,2022-07-31,0
00001982,150,2022-02-16,0
00001983,150,2025-08-01,0
00001984,150,2023-02-15,0
00001985,150,2024-12-26,0
00001986,200,2025-10-06,0
00001987,100,2022-11-19,0
00001988,50,2025-06-29,0
00001989,50,2023-02-28,0
00001990,500,2023-10-15,0
00001991,150,2025-03-21,0
00001992,50,2023-09-30,0
00001993,150,2025-01-12,0
00001994,100,2022-03-01,0
00001995,50,2022-08-05,0
00001996,50,2024-05-23,0
00001997,500,2025-04-28,0
00001998,200,2025-06-16,0
00001999,150,2023-02-10,0
00002000,500,2022-06-10,0
00002001,200,2025-03-08,0
00002002,200,2022-07-19,0
00002003,200,2024-08-21,0
00002004,100,2022-10-22,0
00002005,500,2023-06-13,0
00002006,200,2023-01-11,0
00002007,150,2023-10-28,0
00002008,50,2022-05-14,0
00002009,150,2024-09-07,0
00002010,100,2023-08-02,0
00002011,500,2025-03-22,0
00002012,50,2024-04-10,0
00002013,50,2023-10-30,0
00002014,50,2023-09-11,0
00002015,200,2025-04-24,0
00002016,500,2023-05-15,0
00002017,200,2024-02-26,1000
00002018,500,2024-06-01,0
00002019,200,2025-03-07,0
00002020,500,2025-11-22,0
00002021,50,2025-12-28,0
00002022,200,2022-08-23,0
00002023,200,2023-10-29,0
00002024,200,2022-12-27,0
00002025,200,2022-05-23,0
00002026,500,2024-02-16,0
00002027,50,2022-07-05,0
00002028,100,2025-04-04,0
00002029,50,2022-10-28,0
00002030,200,2024-12-24,0
00002031,500,2025-03-29,0
00002032,100,2025-10-27,0
00002033,150,2025-03-13,0
00002034,150,2024-06-09,0
00002035,150,2022-07-02,0
00002036,500,2024-11-11,0
00002037,100,2023-08-26,100000
00002038,50,2022-01-02,0
00002039,150,2022-08-13,0
00002040,50,2023-04-27,0
00002041,500,2024-03-18,0
00002042,200,2024-04-11,0
00002043,500,2023-03-09,0
00002044,200,2022-10-12,0
00002045,200,2024-01-08,0
00002046,100,2023-08-14,0
00002047,100,2022-10-03,100
00002048,100,2024-09-23,0
00002049,100,2022-06-23,0
00002050,200,2024-07-22,0
00002051,500,2024-05-21,0
00002052,200,2024-11-09,0
00002053,200,2024-02-27,0
00002054,100,2024-05-19,0
00002055,500,2024-10-17,0
00002056,100,2025-12-29,0
00002057,200,2025-01-23,0
00002058,50,2022-03-19,0
00002059,150,2022-08-20,0
00002060,50,2022-10-18,0
00002061,500,2023-07-27,0
00002062,50,2024-12-07,0
00002063,50,2023-05-18,0
00002064,50,2025-11-01,0
00002065,500,2023-10-02,0
00002066,150,2024-12-31,0
00002067,200,2024-07-18,0
00002068,200,2025-03-21,0
00002069,200,2023-12-24,0
00002070,150,2023-08-16,0
00002071,500,2023-09-15,0
00002072,500,2023-06-18,50000
00002073,500,2022-12-13,0
00002074,150,2025-07-02,15000
00002075,50,2022-09-17,0
00002076,150,2023-06-01,0
00002077,150,2023-07-18,0
00002078,50,2022-08-17,0
00002079,500,2022-11-06,0
00002080,150,2022-12-26,0
00002081,100,2024-09-20,0
00002082,500,2022-03-09,0
00002083,50,2022-10-25,0
00002084,100,2024-10-12,0
00002085,200,2024-02-24,0
00002086,200,2025-07-29,0
00002087,500,2023-12-08,5000
00002088,50,2022-04-18,0
00002089,200,2024-09-02,0
00002090,500,2023-04-24,0
00002091,200,2024-08-29,0
00002092,500,2024-06-09,50000
00002093,200,2025-10-21,0
00002094,500,2025-10-30,0
00002095,50,2024-12-24,0
00002096,200,2025-06-04,0
00002097,150,2023-11-18,0
00002098,50,2023-06-07,0
00002099,200,2024-08-02,0
00002100,100,2025-10-08,0
00002101,100,2024-11-30,0
00002102,100,2023-10-04,0
00002103,50,2022-05-20,50
00002104,500,2022-08-01,0
00002105,150,2023-03-26,0
00002106,150,2023-01-31,100000
00002107,50,2022-04-27,0
00002108,100,2025-05-12,0
00002109,50,2022-06-26,0
00002110,100,2024-02-09,0
00002111,500,2023-01-14,0
00002112,100,2023-06-03,0
00002113,50,2025-08-01,0
00002114,150,2024-05-24,0
00002115,150,2023-06-12,0
00002116,50,2023-07-22,0
00002117,200,2024-03-06,0
00002118,50,2023-06-13,0
00002119,150,2022-12-31,0
00002120,200,2023-02-15,0
00002121,100,2025-08-14,0
00002122,100,2025-01-12,0
00002123,100,2025-06-11,0
00002124,200,2023-06-15,0
00002125,50,2022-05-25,0
00002126,150,2024-07-02,15000
00002127,100,2025-08-30,0
00002128,50,2025-09-23,0
00002129,100,2025-12-04,0
00002130,200,2025-03-22,20000
00002131,200,2024-06-12,0
00002132,50,2025-01-11,0
00002133,200,2025-11-12,0
00002134,200,2022-09-06,0
00002135,150,2023-11-14,0
00002136,200,2022-04-24,0
00002137,50,2024-01-19,0
00002138,150,2022-06-14,0
00002139,150,2025-08-19,0
00002140,500,2022-03-22,0
00002141,100,2023-09-05,0
00002142,50,2025-07-15,0
00002143,200,2022-06-23,0
00002144,200,2023-01-24,0
00002145,100,2022-02-21,0
00002146,500,2023-05-04,0
00002147,50,2025-01-12,0
00002148,200,2024-12-29,0
00002149,200,2022-02-03,200
00002150,150,2022-03-29,0
00002151,100,2025-09-01,0
00002152,200,2025-10-20,0
00002153,500,2022-11-02,0
00002154,100,2022-05-28,500
00002155,200,2025-09-01,100000
00002156,50,2023-05-13,0
00002157,100,2022-01-30,0
00002158,50,2023-09-22,0
00002159,50,2024-07-23,0
00002160,500,2022-05-11,0
00002161,50,2022-08-22,0
00002162,500,2023-03-28,2500
00002163,200,2023-11-22,0
00002164,200,2023-10-27,0
00002165,500,2025-01-22,0
00002166,100,2022-04-04,0
00002167,150,2022-05-10,0
00002168,100,2024-04-30,0
00002169,150,2025-02-07,0
00002170,100,2025-04-06,100
00002171,500,2024-02-10,0
00002172,50,2024-09-24,50
00002173,100,2022-07-02,0
00002174,500,2023-08-05,0
00002175,200,2025-11-18,0
00002176,100,2025-08-03,0
00002177,200,2024-04-23,0
00002178,100,2025-06-04,0
00002179,500,2023-01-04,0
00002180,500,2022-06-30,0
00002181,150,2023-12-14,0
00002182,500,2023-04-28,0
00002183,500,2022-07-15,0
00002184,500,2024-11-05,0
00002185,100,2023-07-21,100
00002186,100,2025-11-04,0
00002187,200,2024-10-15,0
00002188,50,2022-04-21,0
00002189,150,2023-03-06,0
00002190,150,2025-06-17,0
00002191,200,2022-03-30,0
00002192,50,2025-01-05,0
00002193,50,2024-09-20,0
00002194,50,2023-04-27,0
00002195,500,2025-04-02,0
00002196,100,2025-10-18,0
00002197,100,2022-08-14,0
00002198,50,2023-05-01,0
00002199,100,2024-02-09,0
00002200,50,2024-08-22,0
00002201,50,2024-06-11,0
00002202,500,2024-07-20,0
00002203,150,2022-10-07,0
00002204,100,2025-07-18,0
00002205,150,2023-02-19,0
00002206,50,2025-11-18,0
00002207,150,2022-10-07,0
00002208,200,2024-07-28,0
00002209,150,2023-03-27,0
00002210,500,2022-11-18,0
00002211,500,2022-12-15,0
00002212,500,2023-04-16,100000
00002213,200,2023-03-20,0
00002214,200,2023-07-26,20000
00002215,100,2023-05-23,0
00002216,500,2023-04-01,0
00002217,500,2022-11-02,0
00002218,50,2024-05-05,0
00002219,50,2024-08-21,0
00002220,500,2022-03-10,0
00002221,200,2024-09-08,0
00002222,50,2024-07-15,0
00002223,50,2025-02-17,0
00002224,200,2023-03-23,0
00002225,150,2023-05-05,0
00002226,50,2022-02-02,0
00002227,150,2022-11-28,0
00002228,500,2025-04-10,50000
00002229,200,2022-10-11,0
00002230,200,2023-01-14,0
00002231,150,2025-07-07,0
00002232,50,2025-07-08,500
00002233,500,2022-03-08,0
00002234,150,2025-11-30,0
00002235,500,2025-03-24,0
00002236,50,2025-06-24,0
00002237,50,2024-11-20,0
00002238,150,2022-04-16,0
00002239,150,2024-08-11,0
00002240,150,2024-01-21,0
00002241,500,2025-12-14,2500
00002242,100,2023-11-17,0
00002243,50,2025-08-22,0
00002244,500,2025-12-10,0
00002245,100,2023-10-19,0
00002246,150,2024-10-28,0
00002247,150,2022-04-22,1500
00002248,200,2024-09-22,0
00002249,50,2024-08-20,0
00002250,500,2023-08-22,0
00002251,150,2025-10-10,0
00002252,50,2023-01-21,0
00002253,200,2022-06-28,1000
00002254,150,2022-06-07,0
00002255,150,2022-08-18,0
00002256,200,2022-11-05,0
00002257,500,2025-07-08,50000
00002258,500,2022-09-28,0
00002259,200,2024-06-28,0
00002260,50,2023-08-21,0
00002261,50,2023-04-21,0
00002262,500,2025-08-13,0
00002263,500,2023-12-04,0
00002264,150,2024-09-22,0
00002265,500,2025-01-28,0
00002266,150,2025-03-07,0
00002267,150,2022-12-18,0
00002268,100,2024-09-18,0
00002269,150,2022-04-07,0
00002270,150,2024-07-22,0
00002271,500,2022-11-26,0
00002272,150,2023-01-09,0
00002273,100,2022-11-27,0
00002274,50,2023-10-11,0
00002275,200,2023-06-18,0
00002276,100,2025-02-25,0
00002277,150,2023-12-06,0
00002278,200,2025-01-10,0
00002279,500,2023-09-10,0
00002280,50,2024-04-08,0
00002281,100,2024-07-27,0
00002282,100,2022-01-09,0
00002283,500,2024-11-05,0
00002284,150,2024-08-28,0
00002285,500,2025-09-27,0
00002286,500,2024-06-24,0
00002287,50,2024-09-07,0
00002288,100,2025-10-20,0
00002289,150,2022-02-20,0
00002290,100,2024-07-02,0
00002291,150,2022-04-23,0
00002292,100,2025-04-09,0
00002293,150,2023-02-05,100000
00002294,200,2025-10-18,0
00002295,50,2024-11-14,0
00002296,200,2023-10-13,0
00002297,500,2022-04-25,0
00002298,150,2024-03-25,0
00002299,200,2024-01-28,0
00002300,50,2023-08-06,0
00002301,150,2024-07-01,0
00002302,50,2023-03-18,0
00002303,200,2024-05-01,0
00002304,150,2022-12-02,0
00002305,200,2024-04-28,0
00002306,500,2025-05-09,2500
00002307,150,2024-08-30,0
00002308,500,2023-11-18,100000
00002309,200,2022-07-01,2000
00002310,200,2022-12-25,0
00002311,500,2022-10-08,0
00002312,200,2023-08-16,0
00002313,50,2023-09-11,0
00002314,150,2024-10-08,0
00002315,200,2023-04-05,200
00002316,100,2023-06-22,0
00002317,200,2022-09-12,0
00002318,150,2024-05-04,0
00002319,100,2022-02-28,0
00002320,150,2024-10-06,0
00002321,50,2025-05-11,0
00002322,500,2024-09-11,0
00002323,150,2025-07-10,0
00002324,50,2024-02-04,0
00002325,500,2022-02-05,0
00002326,100,2025-04-06,1000
00002327,200,2025-11-20,0
00002328,100,2022-04-19,0
00002329,200,2025-07-27,0
00002330,150,2022-04-10,0
00002331,500,2025-08-01,0
00002332,500,2023-02-01,0
00002333,100,2022-07-13,0
00002334,100,2025-01-18,0
00002335,150,2025-11-03,0
00002336,150,2025-11-04,0
00002337,150,2022-07-16,0
00002338,150,2022-10-22,100000
00002339,150,2024-02-03,0
00002340,200,2023-11-28,0
00002341,100,2022-07-29,0
00002342,500,2023-03-29,0
00002343,500,2025-06-10,0
00002344,500,2024-12-25,0
00002345,50,2024-05-04,0
00002346,50,2022-08-27,0
00002347,50,2024-09-09,0
00002348,150,2022-10-12,0
00002349,500,2024-12-07,0
00002350,150,2022-12-19,0
00002351,50,2022-08-31,0
00002352,100,2025-11-10,0
00002353,100,2023-03-06,0
00002354,50,2024-05-20,0
00002355,50,2022-06-09,5000
00002356,200,2022-03-29,0
00002357,50,2025-09-13,0
00002358,50,2024-08-18,0
00002359,150,2022-03-30,150
00002360,50,2022-09-11,0
00002361,100,2025-04-18,0
00002362,100,2025-10-05,0
00002363,50,2022-10-26,0
00002364,150,2025-04-02,0
00002365,100,2024-10-22,0
00002366,500,2023-05-11,0
00002367,50,2022-07-22,0
00002368,50,2024-12-19,0
00002369,100,2023-08-01,0
00002370,500,2022-01-09,0
00002371,50,2023-03-15,0
00002372,200,2024-01-21,0
00002373,100,2024-06-19,0
00002374,50,2023-01-06,0
00002375,200,2024-05-18,0
00002376,100,2024-04-14,0
00002377,150,2022-09-11,0
00002378,500,2022-10-06,0
00002379,150,2025-12-14,0
00002380,50,2022-06-18,0
00002381,50,2024-02-28,0
00002382,500,2023-10-01,0
00002383,200,2023-04-08,0
00002384,150,2024-05-26,0
00002385,50,2024-09-01,0
00002386,150,2023-01-03,15000
00002387,50,2024-03-22,0
00002388,50,2022-09-02,0
00002389,200,2025-11-24,0
00002390,50,2022-12-12,250
00002391,150,2023-02-15,0
00002392,200,2022-09-09,0
00002393,200,2024-10-19,0
00002394,500,2025-04-30,0
00002395,200,2023-12-31,0
00002396,500,2024-04-08,0
00002397,500,2023-07-26,0
00002398,200,2022-08-10,0
00002399,200,2024-10-15,0
00002400,100,2022-03-02,100
00002401,50,2024-10-17,0
00002402,100,2024-02-23,0
00002403,150,2022-11-09,0
00002404,500,2022-07-17,0
00002405,500,2024-10-05,0
00002406,100,2023-08-25,0
00002407,200,2024-10-30,0
00002408,150,2025-01-12,0
00002409,50,2024-05-31,0
00002410,50,2024-02-25,0
00002411,200,2024-06-25,0
00002412,50,2022-12-29,0
00002413,150,2025-12-17,0
00002414,200,2022-10-03,0
00002415,200,2024-09-25,0
00002416,500,2025-10-14,0
00002417,500,2025-11-04,0
00002418,200,2024-09-01,0
00002419,100,2024-11-03,1000
00002420,200,2025-04-25,0
00002421,500,2025-10-17,0
00002422,150,2023-10-19,100000
00002423,50,2022-09-20,0
00002424,150,2025-04-10,1500
00002425,200,2022-07-19,0
00002426,150,2024-04-23,0
00002427,100,2023-05-23,0
00002428,150,2025-04-28,150
00002429,150,2022-08-23,0
00002430,50,2025-01-07,0
00002431,200,2025-09-09,0
00002432,500,2024-11-20,0
00002433,150,2022-02-11,0
00002434,500,2022-02-15,0
00002435,200,2025-03-14,0
00002436,500,2022-07-20,0
00002437,50,2025-11-15,0
00002438,150,2024-10-14,0
00002439,150,2022-12-08,0
00002440,150,2024-06-11,0
00002441,50,2025-01-02,0
00002442,150,2022-04-08,0
00002443,500,2024-04-03,0
00002444,500,2022-07-08,0
00002445,500,2022-07-14,0
00002446,150,2022-05-18,0
00002447,500,2024-08-31,0
00002448,150,2022-06-07,0
00002449,150,2024-10-30,0
00002450,200,2025-09-20,0
00002451,100,2024-04-28,0
00002452,500,2024-11-21,0
00002453,500,2023-01-05,0
00002454,500,2023-01-18,0
00002455,100,2025-09-15,0
00002456,200,2023-07-03,0
00002457,500,2025-06-12,0
00002458,200,2025-03-05,0
00002459,50,2024-12-05,0
00002460,200,2022-10-30,0
00002461,150,2024-06-10,0
00002462,50,2025-07-22,0
00002463,200,2023-07-01,0
00002464,100,2023-06-10,0
00002465,100,2024-04-11,0
00002466,100,2023-01-29,1000
00002467,200,2024-09-21,0
00002468,200,2024-05-14,0
00002469,50,2023-02-18,0
00002470,100,2022-03-01,0
00002471,150,2025-09-10,0
00002472,50,2024-09-22,0
00002473,50,2022-06-21,0
00002474,150,2022-05-11,0
00002475,200,2024-01-15,0
00002476,50,2024-03-23,0
00002477,100,2023-04-29,0
00002478,500,2022-09-05,0
00002479,500,2024-12-11,0
00002480,50,2023-05-03,0
00002481,150,2023-11-06,0
00002482,200,2023-04-29,0
00002483,100,2022-10-23,0
00002484,100,2023-07-17,0
00002485,150,2025-04-22,100000
00002486,150,2025-12-03,0
00002487,150,2025-01-22,0
00002488,100,2023-07-23,0
00002489,100,2024-01-14,0
00002490,150,2023-09-24,100000
00002491,50,2025-09-18,0
00002492,50,2025-11-15,0
00002493,100,2023-06-03,0
00002494,150,2025-08-01,0
00002495,150,2025-11-04,0
00002496,100,2024-06-25,0
00002497,200,2023-06-08,0
00002498,100,2023-09-02,0
00002499,100,2024-06-17,0
00002500,200,2022-03-11,0
00002501,50,2024-10-03,0
00002502,200,2023-11-13,0
00002503,50,2022-11-25,0
00002504,500,2022-05-16,0
00002505,500,2025-01-26,0
00002506,200,2025-11-24,200
00002507,100,2025-07-14,0
00002508,100,2022-01-07,0
00002509,150,2023-10-05,0
00002510,50,2022-11-20,0
00002511,100,2025-05-01,0
00002512,150,2024-07-13,0
00002513,100,2023-06-18,0
00002514,500,2023-11-02,0
00002515,100,2022-06-22,0
00002516,100,2024-03-16,0
00002517,500,2023-04-05,500
00002518,500,2025-08-18,0
00002519,100,2022-07-02,0
00002520,100,2023-06-21,0
00002521,100,2022-04-12,0
00002522,200,2025-05-14,0
00002523,50,2024-01-24,0
00002524,500,2022-08-29,100000
00002525,200,2024-07-18,0
00002526,200,2022-08-31,0
00002527,100,2023-01-26,0
00002528,150,2023-08-13,0
00002529,200,2022-09-24,0
00002530,100,2025-05-13,0
00002531,150,2025-10-18,0
00002532,100,2024-04-16,0
00002533,50,2023-08-18,0
00002534,100,2025-06-19,0
00002535,100,2024-01-28,0
00002536,200,2022-06-25,1000
00002537,150,2025-11-20,0
00002538,100,2025-12-31,0
00002539,200,2025-05-08,0
00002540,50,2025-02-14,500
00002541,100,2024-08-22,0
00002542,500,2025-10-05,0
00002543,500,2025-12-24,0
00002544,50,2022-01-11,0
00002545,500,2024-02-20,0
00002546,200,2025-10-06,0
00002547,500,2022-03-26,0
00002548,150,2022-12-14,0
00002549,150,2024-08-16,0
00002550,150,2025-12-25,0
00002551,100,2023-06-18,0
00002552,50,2022-09-19,0
00002553,150,2024-01-09,0
00002554,150,2023-06-24,0
00002555,150,2024-11-24,0
00002556,100,2023-10-09,0
00002557,200,2022-11-06,0
00002558,200,2022-04-19,0
00002559,50,2023-04-16,0
00002560,200,2023-06-17,0
00002561,200,2024-06-12,0
00002562,200,2022-03-25,0
00002563,500,2024-09-20,0
00002564,50,2022-10-31,0
00002565,50,2023-02-22,0
00002566,100,2022-12-11,0
00002567,150,2025-02-27,0
00002568,500,2023-03-11,0
00002569,50,2024-12-13,0
00002570,100,2024-05-02,0
00002571,100,2024-10-17,0
00002572,150,2022-02-23,0
00002573,50,2024-03-18,0
00002574,50,2023-10-25,0
00002575,50,2024-07-31,0
00002576,200,2024-07-18,0
00002577,150,2025-05-01,0
00002578,150,2022-03-31,0
00002579,200,2023-10-28,0
00002580,500,2022-09-22,0
00002581,50,2025-08-11,0
00002582,50,2022-05-25,0
00002583,500,2024-02-21,5000
00002584,100,2023-05-07,0
00002585,200,2022-07-02,1000
00002586,100,2024-03-06,0
00002587,150,2025-08-18,0
00002588,100,2022-09-04,0
00002589,200,2023-09-28,0
00002590,500,2022-09-26,0
00002591,50,2024-01-23,0
00002592,200,2024-07-01,0
00002593,200,2023-07-04,0
00002594,200,2022-07-04,0
00002595,150,2025-06-11,0
00002596,200,2022-07-10,2000
00002597,200,2025-10-17,0
00002598,100,2024-10-11,0
00002599,500,2022-06-21,0
00002600,200,2022-06-12,0
00002601,200,2023-09-08,0
00002602,100,2025-11-02,0
00002603,100,2024-12-07,0
00002604,500,2022-04-08,0
00002605,50,2024-11-17,0
00002606,200,2024-04-25,100000
00002607,150,2023-12-29,0
00002608,50,2024-10-28,5000
00002609,100,2023-01-09,0
00002610,50,2022-06-20,0
00002611,150,2023-10-05,0
00002612,200,2025-10-04,0
00002613,150,2023-12-01,0
00002614,100,2023-03-09,0
00002615,500,2023-06-16,0
00002616,50,2024-06-07,0
00002617,50,2024-03-19,0
00002618,100,2025-09-05,0
00002619,200,2025-09-09,0
00002620,500,2024-09-23,0
00002621,500,2024-01-09,0
00002622,200,2023-09-12,1000
00002623,50,2023-01-26,0
00002624,50,2025-11-26,0
00002625,50,2023-03-05,0
00002626,100,2025-08-23,0
00002627,500,2023-01-26,50000
00002628,100,2024-08-28,0
00002629,50,2022-12-07,0
00002630,200,2024-09-20,0
00002631,200,2025-04-13,0
00002632,150,2025-03-12,0
00002633,200,2022-04-15,0
00002634,50,2025-07-15,0
00002635,200,2024-05-01,0
00002636,500,2025-05-05,0
00002637,150,2022-03-17,0
00002638,200,2024-11-17,0
00002639,500,2025-10-21,0
00002640,200,2023-04-20,0
00002641,500,2022-02-08,0
00002642,150,2025-02-07,15000
00002643,200,2022-08-28,0
00002644,150,2024-07-07,0
00002645,50,2022-11-27,0
00002646,100,2024-08-19,0
00002647,100,2024-11-05,0
00002648,150,2025-05-18,0
00002649,200,2022-09-26,0
00002650,200,2024-05-03,0
00002651,150,2024-08-25,0
00002652,100,2025-06-27,0
00002653,50,2025-09-28,0
00002654,100,2023-02-13,0
00002655,200,2022-07-26,0
00002656,200,2023-09-14,0
00002657,500,2022-04-07,0
00002658,150,2023-06-19,0
00002659,100,2022-12-24,0
00002660,500,2022-03-07,0
00002661,150,2024-05-31,0
00002662,100,2022-09-05,0
00002663,200,2023-06-13,0
00002664,150,2022-04-06,0
00002665,500,2023-07-02,0
00002666,500,2025-05-22,0
00002667,50,2024-06-15,0
00002668,50,2022-08-05,0
00002669,500,2022-07-28,0
00002670,50,2024-11-04,0
00002671,50,2023-02-25,0
00002672,100,2023-08-22,0
00002673,500,2024-10-17,0
00002674,50,2022-11-12,0
00002675,150,2022-10-10,0
00002676,100,2024-06-18,0
00002677,50,2023-05-18,0
00002678,200,2023-12-01,0
00002679,100,2022-06-24,0
00002680,200,2024-01-09,0
00002681,100,2022-11-07,0
00002682,500,2024-05-13,0
00002683,100,2024-05-28,0
00002684,200,2024-07-28,0
00002685,500,2025-10-29,0
00002686,50,2024-06-25,0
00002687,50,2024-11-25,0
00002688,50,2023-11-24,0
00002689,100,2024-06-07,100
00002690,100,2025-03-22,100000
00002691,150,2024-05-08,0
00002692,500,2023-09-16,0
00002693,150,2023-12-06,1500
00002694,500,2025-06-04,0
00002695,200,2024-07-02,0
00002696,500,2025-07-02,0
00002697,200,2025-11-29,0
00002698,200,2023-02-09,0
00002699,50,2022-03-17,0
00002700,200,2022-09-16,0
00002701,500,2023-08-05,0
00002702,500,2025-02-04,0
00002703,150,2025-07-25,0
00002704,50,2025-01-10,0
00002705,100,2023-09-15,0
00002706,500,2022-08-15,0
00002707,150,2023-06-16,0
00002708,150,2022-09-11,150
00002709,200,2023-09-03,0
00002710,50,2024-07-17,0
00002711,100,2025-04-06,0
00002712,500,2025-05-04,0
00002713,150,2023-08-06,0
00002714,500,2025-10-09,0
00002715,200,2024-11-30,0
00002716,50,2023-11-03,0
00002717,100,2024-01-10,0
00002718,100,2025-12-28,0
00002719,200,2022-06-17,20000
00002720,100,2024-09-02,0
00002721,50,2024-01-27,0
00002722,200,2025-04-19,0
00002723,200,2023-06-25,0
00002724,200,2024-06-20,0
00002725,200,2024-05-03,0
00002726,100,2024-11-01,0
00002727,200,2022-09-22,0
00002728,500,2024-12-19,0
00002729,100,2024-07-21,0
00002730,100,2025-02-18,0
00002731,50,2025-05-17,0
00002732,50,2022-09-05,0
00002733,150,2022-03-24,0
00002734,50,2024-01-31,0
00002735,150,2023-09-14,0
00002736,50,2022-10-20,0
00002737,500,2024-05-13,5000
00002738,150,2023-03-18,0
00002739,200,2022-01-05,0
00002740,150,2022-05-19,0
00002741,200,2024-09-12,0
00002742,500,2024-07-15,0
00002743,200,2024-08-31,0
00002744,500,2022-09-29,0
00002745,500,2025-07-27,0
00002746,200,2025-09-28,0
00002747,150,2022-07-02,0
00002748,500,2024-04-18,0
00002749,200,2023-11-26,0
00002750,200,2023-07-23,0
00002751,100,2025-12-19,1000
00002752,500,2025-08-14,0
00002753,500,2022-06-24,0
00002754,500,2025-01-14,0
00002755,50,2025-03-13,0
00002756,200,2024-10-26,0
00002757,50,2025-09-10,0
00002758,100,2022-02-08,0
00002759,100,2023-05-18,0
00002760,500,2024-06-28,100000
00002761,500,2023-10-19,0
00002762,50,2024-10-03,0
00002763,50,2023-11-28,0
00002764,200,2022-02-19,0
00002765,150,2024-02-22,0
00002766,50,2022-07-23,0
00002767,150,2022-10-22,0
00002768,50,2022-11-12,0
00002769,200,2025-10-21,0
00002770,500,2023-10-29,0
00002771,50,2023-09-03,0
00002772,150,2022-10-19,0
00002773,150,2023-06-13,0
00002774,50,2022-04-17,0
00002775,500,2025-04-15,0
00002776,500,2024-10-30,0
00002777,50,2023-07-06,5000
00002778,500,2024-04-13,500
00002779,200,2025-07-21,0
00002780,50,2023-07-06,0
00002781,500,2025-10-14,0
00002782,500,2025-08-27,0
00002783,150,2025-03-09,0
00002784,50,2025-07-26,0
00002785,100,2024-02-04,0
00002786,100,2023-05-18,0
00002787,200,2025-02-10,0
00002788,50,2024-08-09,0
00002789,500,2023-08-16,0
00002790,100,2022-01-02,10000
00002791,150,2025-05-09,0
00002792,200,2023-12-21,0
00002793,100,2025-04-13,0
00002794,150,2022-04-04,0
00002795,500,2025-02-27,500
00002796,200,2025-12-01,0
00002797,100,2025-02-13,0
00002798,200,2023-03-08,0
00002799,150,2025-10-28,0
00002800,150,2025-12-20,0
00002801,100,2025-09-18,0
00002802,150,2023-03-08,0
00002803,500,2023-11-04,2500
00002804,50,2025-05-31,0
00002805,50,2025-10-09,0
00002806,500,2025-11-27,0
00002807,200,2025-01-07,200
00002808,500,2022-03-05,0
00002809,200,2025-10-08,0
00002810,200,2025-05-16,0
00002811,100,2025-11-28,0
00002812,50,2024-08-05,0
00002813,100,2024-06-29,100
00002814,150,2025-10-25,0
00002815,150,2023-01-28,100000
00002816,150,2023-03-29,0
00002817,200,2024-01-14,20000
00002818,500,2023-03-05,50000
00002819,50,2023-07-23,0
00002820,200,2022-12-16,0
00002821,500,2025-10-08,0
00002822,500,2022-12-26,2500
00002823,50,2022-09-18,0
00002824,500,2023-04-12,0
00002825,150,2023-01-28,0
00002826,50,2025-11-20,0
00002827,500,2023-06-02,0
00002828,200,2022-01-05,0
00002829,50,2023-10-24,0
00002830,200,2023-07-16,0
00002831,500,2024-08-13,0
00002832,500,2022-03-31,0
00002833,100,2022-04-07,0
00002834,200,2024-12-26,0
00002835,50,2024-03-13,0
00002836,50,2025-03-17,0
00002837,100,2025-11-13,0
00002838,50,2023-05-27,0
00002839,150,2023-09-29,150
00002840,50,2024-09-09,0
00002841,50,2025-04-28,0
00002842,150,2023-05-28,0
00002843,200,2023-05-04,0
00002844,50,2023-11-15,0
00002845,100,2022-05-30,0
00002846,500,2024-06-17,0
00002847,200,2025-03-31,0
00002848,50,2022-03-10,0
00002849,50,2022-09-19,5000
00002850,50,2023-09-10,0
00002851,200,2022-05-15,0
00002852,50,2025-02-19,5000
00002853,200,2022-07-16,0
00002854,200,2023-04-23,0
00002855,500,2022-01-22,0
00002856,200,2024-05-26,0
00002857,500,2022-07-27,0
00002858,50,2024-07-18,0
00002859,500,2023-01-30,0
00002860,50,2025-05-03,0
00002861,500,2023-02-01,0
00002862,100,2025-07-29,0
00002863,150,2024-05-12,0
00002864,500,2024-06-29,0
00002865,100,2022-04-01,1000
00002866,500,2024-06-11,0
00002867,150,2023-09-30,0
00002868,500,2022-10-26,0
00002869,150,2025-05-20,0
00002870,150,2022-01-17,0
00002871,100,2022-04-28,0
00002872,500,2022-04-22,0
00002873,100,2023-02-15,0
00002874,100,2022-05-21,0
00002875,200,2025-11-23,0
00002876,200,2025-05-13,0
00002877,500,2025-03-05,0
00002878,500,2023-09-06,0
00002879,100,2022-08-03,0
00002880,50,2024-10-12,0
00002881,50,2025-08-01,0
00002882,100,2024-08-13,0
00002883,100,2024-09-11,0
00002884,150,2024-02-09,0
00002885,100,2022-01-14,0
00002886,50,2024-01-03,50
00002887,100,2023-08-19,0
00002888,500,2024-01-08,500
00002889,100,2023-02-10,0
00002890,100,2023-06-21,0
00002891,150,2025-02-09,0
00002892,100,2022-02-14,0
00002893,150,2022-07-27,750
00002894,200,2025-09-03,0
00002895,50,2023-11-25,0
00002896,150,2024-07-23,0
00002897,150,2025-09-15,0
00002898,500,2025-06-30,0
00002899,50,2022-08-31,0
00002900,100,2023-01-24,0
00002901,200,2025-11-23,0
00002902,500,2024-05-29,0
00002903,100,2022-04-05,0
00002904,500,2023-01-23,0
00002905,150,2022-11-01,0
00002906,50,2025-07-13,0
00002907,100,2024-11-06,0
00002908,200,2023-03-05,0
00002909,200,2025-09-20,0
00002910,100,2024-11-07,0
00002911,500,2024-02-06,0
00002912,200,2023-01-02,0
00002913,150,2024-12-12,0
00002914,200,2024-08-28,0
00002915,200,2025-07-30,0
00002916,500,2025-08-23,2500
00002917,100,2024-07-14,0
00002918,200,2023-03-24,0
00002919,200,2025-03-16,0
00002920,150,2023-06-06,0
00002921,100,2022-06-22,0
00002922,500,2023-12-22,0
00002923,50,2024-08-10,0
00002924,150,2024-05-22,0
00002925,200,2024-04-17,0
00002926,200,2023-10-12,0
00002927,50,2023-01-03,0
00002928,150,2025-08-14,150
00002929,150,2024-10-24,0
00002930,50,2023-07-21,0
00002931,50,2022-08-31,50
00002932,500,2023-02-15,0
00002933,150,2023-05-28,0
00002934,150,2023-01-26,0
00002935,100,2025-01-17,0
00002936,50,2023-09-06,0
00002937,150,2024-04-07,0
00002938,500,2025-09-04,100000
00002939,100,2024-03-25,0
00002940,100,2024-08-29,0
00002941,500,2025-02-05,0
00002942,200,2023-11-29,0
00002943,150,2023-01-20,0
00002944,200,2023-03-06,0
00002945,500,2022-03-03,0
00002946,500,2022-09-20,0
00002947,50,2024-10-20,0
00002948,150,2023-11-27,0
00002949,200,2025-11-05,0
00002950,500,2023-09-06,0
00002951,50,2025-03-08,0
00002952,100,2022-11-11,0
00002953,150,2025-03-09,0
00002954,500,2025-05-29,0
00002955,200,2024-02-20,0
00002956,200,2022-05-11,0
00002957,100,2024-08-30,0
00002958,500,2024-07-13,0
00002959,150,2022-07-10,0
00002960,500,2022-12-30,100000
00002961,200,2022-02-24,0
00002962,50,2024-03-01,0
00002963,100,2023-08-20,0
00002964,50,2024-07-20,100000
00002965,50,2022-12-18,0
00002966,200,2024-03-11,0
00002967,50,2022-09-22,0
00002968,200,2022-05-21,0
00002969,100,2022-09-24,0
00002970,150,2024-06-04,0
00002971,200,2022-11-22,0
00002972,150,2025-04-18,0
00002973,200,2023-07-19,0
00002974,100,2024-07-01,10000
00002975,500,2023-05-21,0
00002976,500,2024-10-02,0
00002977,500,2022-03-22,0
00002978,150,2025-08-16,0
00002979,200,2023-12-12,0
00002980,150,2024-03-11,0
00002981,100,2024-04-30,0
00002982,500,2024-06-03,0
00002983,100,2025-12-01,0
00002984,200,2025-12-01,0
00002985,100,2022-11-20,0
00002986,500,2023-08-21,0
00002987,50,2025-11-30,0
00002988,100,2024-10-07,0
00002989,500,2022-09-06,0
00002990,50,2022-08-04,0
00002991,150,2024-04-19,0
00002992,150,2023-03-01,0
00002993,200,2022-02-24,20000
00002994,200,2023-12-05,0
00002995,100,2024-03-23,1000
00002996,50,2025-12-23,0
00002997,150,2025-10-04,0
00002998,200,2024-08-02,100000
00002999,100,2024-06-15,0
00003000,150,2022-11-27,0
00003001,50,2025-05-28,0
00003002,150,2022-09-12,0
00003003,200,2022-12-11,200
00003004,150,2022-11-11,0
00003005,100,2023-03-20,0
00003006,500,2023-03-19,0
00003007,50,2025-07-24,0
00003008,50,2024-03-10,0
00003009,200,2022-04-18,0
00003010,50,2024-02-12,0
00003011,100,2024-02-07,0
00003012,100,2022-07-07,100
00003013,50,2023-11-22,0
00003014,50,2023-03-28,0
00003015,50,2025-09-22,0
00003016,100,2022-04-01,0
00003017,50,2023-11-01,0
00003018,100,2025-07-03,0
00003019,500,2024-03-20,0
00003020,50,2023-04-21,0
00003021,150,2023-10-25,0
00003022,200,2025-09-01,0
00003023,200,2023-03-12,0
00003024,50,2025-09-09,0
00003025,500,2024-01-26,2500
00003026,200,2023-09-10,0
00003027,200,2022-07-28,0
00003028,500,2022-12-18,0
00003029,50,2025-05-13,0
00003030,200,2025-10-20,0
00003031,100,2023-11-12,0
00003032,150,2025-09-26,0
00003033,150,2022-02-06,0
00003034,500,2024-07-08,0
00003035,100,2024-10-28,0
00003036,50,2023-04-22,50
00003037,150,2023-04-30,0
00003038,100,2025-06-23,500
00003039,150,2024-10-18,0
00003040,100,2024-02-09,0
00003041,50,2023-05-03,0
00003042,500,2024-06-27,0
00003043,150,2022-10-02,0
00003044,50,2024-12-02,0
00003045,200,2025-08-20,0
00003046,50,2023-04-15,0
00003047,150,2023-12-03,0
00003048,500,2022-04-21,0
00003049,100,2025-11-08,0
00003050,100,2025-05-30,0
00003051,500,2023-10-21,0
00003052,50,2022-05-13,0
00003053,50,2023-01-30,250
00003054,100,2022-09-15,100000
00003055,500,2023-02-23,0
00003056,50,2024-05-22,0
00003057,150,2022-12-03,0
00003058,100,2024-05-18,0
00003059,100,2023-09-13,0
00003060,200,2025-07-25,0
00003061,200,2022-06-13,0
00003062,150,2024-03-26,0
00003063,200,2024-06-22,0
00003064,500,2024-06-06,0
00003065,200,2022-02-10,0
00003066,200,2022-06-20,0
00003067,150,2025-05-03,0
00003068,500,2022-12-26,0
00003069,200,2023-09-19,0
00003070,200,2025-02-25,0
00003071,50,2023-11-14,0
00003072,200,2023-02-05,0
00003073,100,2022-01-09,100000
00003074,150,2024-10-03,0
00003075,200,2024-03-19,0
00003076,150,2024-02-26,0
00003077,500,2022-05-26,0
00003078,50,2022-09-12,0
00003079,500,2022-11-29,0
00003080,200,2023-06-07,0
00003081,150,2024-11-09,0
00003082,150,2025-11-27,15000
00003083,200,2023-05-21,0
00003084,50,2024-01-11,0
00003085,50,2025-11-29,0
00003086,100,2023-06-20,0
00003087,100,2023-06-05,0
00003088,500,2025-09-19,0
00003089,50,2022-08-28,0
00003090,200,2024-03-25,0
00003091,50,2024-11-27,0
00003092,200,2022-12-06,0
00003093,150,2025-11-17,0
00003094,500,2025-09-10,0
00003095,500,2023-09-23,0
00003096,50,2022-08-12,0
00003097,150,2022-10-20,0
00003098,100,2024-03-26,0
00003099,50,2022-12-11,0
00003100,50,2022-07-18,5000
00003101,500,2024-05-03,0
00003102,200,2022-12-16,0
00003103,100,2025-12-12,0
00003104,200,2023-01-08,0
00003105,50,2024-07-11,0
00003106,100,2023-01-16,0
00003107,100,2023-01-28,0
00003108,200,2024-06-21,0
00003109,500,2022-08-12,0
00003110,100,2022-06-13,0
00003111,200,2022-09-13,0
00003112,150,2022-03-02,0
00003113,200,2024-09-20,0
00003114,50,2022-01-20,50
00003115,500,2022-03-27,100000
00003116,50,2024-02-09,0
00003117,150,2024-09-22,0
00003118,150,2025-05-22,0
00003119,150,2025-10-28,0
00003120,150,2023-05-06,0
00003121,200,2024-02-15,0
00003122,150,2023-11-08,0
00003123,50,2024-07-24,0
00003124,200,2022-10-12,200
00003125,500,2023-07-27,0
00003126,100,2024-01-25,0
00003127,200,2024-11-20,0
00003128,100,2022-01-07,0
00003129,150,2022-02-04,0
00003130,50,2023-10-29,0
00003131,100,2025-05-27,0
00003132,500,2022-06-16,0
00003133,200,2025-09-10,0
00003134,50,2024-02-28,0
00003135,100,2025-12-29,0
00003136,500,2025-03-17,0
00003137,500,2022-03-07,0
00003138,50,2023-09-10,0
00003139,500,2024-08-14,0
00003140,200,2022-08-25,0
00003141,500,2023-05-09,0
00003142,100,2025-09-13,0
00003143,50,2024-06-09,0
00003144,50,2022-11-25,0
00003145,150,2024-02-25,0
00003146,100,2023-06-12,0
00003147,50,2025-09-24,0
00003148,500,2025-07-21,0
00003149,50,2025-11-17,0
00003150,100,2025-03-25,0
00003151,500,2022-05-13,0
00003152,200,2024-02-21,0
00003153,500,2024-06-13,0
00003154,100,2023-06-15,0
00003155,50,2022-08-17,100000
00003156,100,2022-08-26,0
00003157,100,2023-10-04,0
00003158,500,2022-01-04,0
00003159,500,2025-01-01,0
00003160,200,2024-05-17,0
00003161,150,2025-10-23,0
00003162,100,2024-11-30,0
00003163,500,2023-03-31,0
00003164,50,2025-01-07,0
00003165,150,2022-10-24,0
00003166,150,2023-03-25,0
00003167,200,2022-10-29,0
00003168,100,2025-09-24,0
00003169,50,2025-05-11,0
00003170,500,2025-11-11,0
00003171,500,2024-09-06,0
00003172,100,2024-10-10,0
00003173,200,2022-05-01,0
00003174,150,2022-11-09,0
00003175,100,2023-04-06,0
00003176,50,2023-01-02,0
00003177,200,2023-09-05,0
00003178,100,2022-02-14,0
00003179,150,2024-05-15,0
00003180,150,2024-03-12,0
00003181,500,2023-08-03,0
00003182,100,2025-12-06,0
00003183,200,2022-07-19,0
00003184,500,2022-04-21,0
00003185,150,2024-07-26,0
00003186,500,2022-10-09,0
00003187,200,2023-08-20,0
00003188,100,2023-03-23,0
00003189,100,2025-08-26,100000
00003190,50,2025-10-21,0
00003191,100,2024-02-11,0
00003192,200,2025-10-23,0
00003193,50,2022-07-16,0
00003194,200,2023-01-03,0
00003195,50,2024-11-21,0
00003196,500,2024-06-07,0
00003197,200,2023-05-17,1000
00003198,200,2024-09-27,0
00003199,500,2022-12-20,0
00003200,200,2025-11-17,0
00003201,50,2024-08-07,0
00003202,200,2023-07-18,0
00003203,200,2024-01-23,200
00003204,50,2022-09-07,0
00003205,500,2023-04-06,100000
00003206,500,2024-09-09,0
00003207,50,2025-04-29,0
00003208,200,2025-08-13,0
00003209,150,2025-03-16,0
00003210,150,2022-05-11,0
00003211,500,2023-01-14,0
00003212,50,2024-03-17,0
00003213,500,2024-12-21,0
00003214,500,2025-04-12,0
00003215,50,2023-03-01,0
00003216,50,2023-01-06,0
00003217,100,2022-01-11,0
00003218,150,2022-09-09,100000
00003219,100,2025-08-29,0
00003220,500,2023-06-10,0
00003221,50,2022-06-23,0
00003222,500,2023-09-04,0
00003223,500,2022-12-18,0
00003224,50,2023-05-24,0
00003225,500,2023-08-24,0
00003226,200,2022-10-14,0
00003227,150,2024-12-06,0
00003228,150,2025-05-26,0
00003229,100,2025-11-09,100
00003230,100,2022-03-17,0
00003231,150,2023-03-17,0
00003232,500,2025-02-04,0
00003233,150,2023-07-23,0
00003234,500,2024-05-14,5000
00003235,150,2024-02-21,0
00003236,100,2024-03-30,0
00003237,150,2025-10-17,0
00003238,100,2025-01-02,0
00003239,150,2025-07-20,0
00003240,100,2024-02-02,0
00003241,500,2025-05-23,0
00003242,100,2023-10-10,0
00003243,200,2024-02-16,100000
00003244,100,2022-06-08,0
00003245,500,2022-08-14,0
00003246,200,2022-05-16,0
00003247,50,2024-01-14,0
00003248,150,2022-10-27,0
00003249,100,2023-07-15,10000
00003250,100,2024-02-15,0
00003251,50,2022-12-26,0
00003252,150,2025-04-20,0
00003253,200,2022-07-15,0
00003254,500,2023-08-01,0
00003255,500,2022-07-22,0
00003256,100,2023-10-14,0
00003257,200,2023-01-06,0
00003258,500,2025-02-03,0
00003259,200,2024-09-03,0
00003260,150,2022-01-20,0
00003261,100,2025-09-08,0
00003262,200,2025-03-08,0
00003263,50,2025-08-02,0
00003264,100,2025-10-20,0
00003265,200,2023-01-10,0
00003266,150,2024-08-17,0
00003267,150,2024-05-26,0
00003268,100,2023-09-18,0
00003269,50,2023-09-18,0
00003270,150,2022-07-04,0
00003271,50,2023-05-07,0
00003272,100,2025-03-24,1000
00003273,500,2024-10-06,0
00003274,50,2024-05-18,0
00003275,100,2024-09-09,0
00003276,500,2025-11-30,0
00003277,50,2025-06-16,0
00003278,50,2024-05-20,0
00003279,150,2023-05-16,0
00003280,500,2025-11-01,0
00003281,500,2024-07-07,0
00003282,500,2023-04-06,0
00003283,150,2022-10-01,0
00003284,50,2024-05-15,0
00003285,100,2024-02-04,0
00003286,150,2025-10-22,0
00003287,500,2022-08-30,0
00003288,200,2023-08-25,0
00003289,50,2025-07-16,0
00003290,100,2023-09-17,0
00003291,500,2022-03-14,0
00003292,500,2024-09-26,500
00003293,500,2024-07-31,0
00003294,150,2022-08-08,750
00003295,200,2023-12-28,20000
00003296,200,2023-02-09,100000
00003297,100,2024-04-21,0
00003298,200,2022-01-15,0
00003299,150,2023-04-09,0
00003300,150,2023-09-05,0
00003301,100,2025-01-03,0
00003302,50,2024-06-17,0
00003303,200,2022-11-28,0
00003304,200,2022-01-12,0
00003305,100,2022-08-15,0
00003306,50,2022-10-01,0
00003307,150,2022-03-06,0
00003308,100,2024-09-08,0
00003309,150,2022-09-01,0
00003310,500,2024-10-11,0
00003311,100,2023-10-28,0
00003312,200,2024-10-24,0
00003313,200,2022-09-27,0
00003314,50,2022-02-13,0
00003315,150,2024-10-21,750
00003316,50,2025-10-21,0
00003317,200,2025-05-07,0
00003318,200,2024-09-10,0
00003319,200,2022-06-19,0
00003320,100,2025-06-18,0
00003321,500,2023-01-18,0
00003322,50,2023-06-24,0
00003323,100,2025-09-26,0
00003324,100,2024-08-28,0
00003325,50,2025-12-06,0
00003326,500,2023-01-07,0
00003327,500,2025-07-12,0
00003328,100,2022-09-04,0
00003329,50,2023-07-15,0
00003330,100,2024-05-23,500
00003331,50,2022-04-15,0
00003332,500,2023-09-20,0
00003333,100,2023-03-31,0
00003334,200,2022-05-06,0
00003335,50,2023-09-16,0
00003336,150,2023-07-29,0
00003337,200,2023-05-21,0
00003338,50,2023-01-08,50
00003339,150,2023-03-11,0
00003340,150,2025-05-27,0
00003341,100,2023-06-01,0
00003342,150,2023-11-16,0
00003343,50,2025-10-02,100000
00003344,100,2023-11-10,0
00003345,150,2025-04-21,0
00003346,150,2023-05-03,0
00003347,100,2025-04-11,0
00003348,50,2022-09-25,0
00003349,500,2022-09-04,2500
00003350,100,2025-12-14,0
00003351,50,2022-06-03,0
00003352,500,2023-12-04,0
00003353,200,2023-02-18,0
00003354,100,2022-03-31,0
00003355,200,2025-02-01,0
00003356,500,2023-12-13,0
00003357,200,2025-07-13,0
00003358,200,2022-05-19,0
00003359,500,2024-10-28,0
00003360,100,2025-05-12,0
00003361,100,2023-08-17,100000
00003362,50,2025-11-21,0
00003363,200,2024-10-10,0
00003364,500,2022-06-03,0
00003365,500,2024-02-26,0
00003366,200,2024-03-31,0
00003367,100,2023-01-12,100000
00003368,100,2025-04-27,0
00003369,500,2024-07-21,0
00003370,500,2023-06-15,0
00003371,100,2023-08-30,0
00003372,500,2022-09-01,0
00003373,50,2024-12-28,0
00003374,50,2025-08-02,0
00003375,150,2022-09-30,0
00003376,50,2025-08-08,0
00003377,100,2024-12-30,0
00003378,150,2025-07-19,0
00003379,150,2023-10-27,100000
00003380,150,2022-10-01,0
00003381,500,2023-08-27,0
00003382,50,2025-07-05,0
00003383,150,2023-03-26,0
00003384,150,2022-12-28,0
00003385,50,2025-01-05,0
00003386,500,2022-08-06,0
00003387,200,2025-09-01,0
00003388,500,2025-02-02,0
00003389,200,2023-03-28,0
00003390,100,2025-04-06,0
00003391,200,2022-11-15,0
00003392,200,2024-01-25,0
00003393,200,2022-07-11,0
00003394,200,2023-01-14,0
00003395,100,2023-01-22,0
00003396,100,2025-08-19,0
00003397,150,2022-11-30,0
00003398,200,2025-11-08,0
00003399,50,2022-10-21,250
00003400,200,2025-08-14,0
00003401,50,2024-12-14,0
00003402,50,2025-05-20,5000
00003403,50,2022-08-14,0
00003404,50,2022-09-28,0
00003405,50,2023-07-03,0
00003406,500,2022-01-28,0
00003407,50,2022-08-06,0
00003408,150,2025-12-19,750
00003409,200,2025-02-26,0
00003410,100,2023-09-22,0
00003411,100,2023-05-15,1000
00003412,500,2022-09-10,500
00003413,50,2025-01-20,0
00003414,500,2024-04-30,0
00003415,100,2022-02-19,0
00003416,200,2022-10-29,0
00003417,150,2023-04-08,0
00003418,200,2025-11-07,0
00003419,50,2024-10-04,0
00003420,50,2023-04-05,0
00003421,150,2024-01-02,1500
00003422,50,2024-01-09,0
00003423,50,2022-03-30,0
00003424,100,2024-05-27,0
00003425,500,2023-01-07,0
00003426,100,2025-09-28,0
00003427,500,2023-08-11,0
00003428,50,2023-07-10,0
00003429,150,2023-06-28,0
00003430,50,2022-01-05,0
00003431,100,2025-09-05,0
00003432,100,2024-03-10,0
00003433,200,2022-05-18,0
00003434,200,2023-07-25,0
00003435,150,2022-09-19,0
00003436,200,2023-12-24,0
00003437,200,2024-09-12,0
00003438,200,2025-05-17,0
00003439,150,2022-10-11,0
00003440,100,2024-02-24,0
00003441,200,2025-01-08,0
00003442,500,2025-01-03,0
00003443,200,2022-06-21,0
00003444,200,2024-12-15,0
00003445,100,2025-12-10,1000
00003446,50,2023-02-21,0
00003447,50,2024-01-13,0
00003448,100,2022-08-14,1000
00003449,150,2022-10-13,0
00003450,100,2025-02-03,0
00003451,200,2023-05-12,0
00003452,100,2022-04-25,0
00003453,50,2025-11-25,0
00003454,200,2022-02-23,0
00003455,200,2024-02-01,200
00003456,500,2022-06-01,0
00003457,500,2022-11-20,5000
00003458,100,2022-06-11,0
00003459,50,2025-03-11,0
00003460,200,2022-11-03,0
00003461,200,2022-10-14,0
00003462,150,2024-08-20,0
00003463,150,2024-06-28,0
00003464,50,2023-08-11,0
00003465,50,2025-08-08,250
00003466,500,2022-11-25,50000
00003467,200,2025-02-08,0
00003468,150,2025-03-17,0
00003469,100,2024-05-17,0
00003470,150,2022-07-08,0
00003471,100,2023-03-10,0
00003472,50,2023-03-25,0
00003473,500,2025-05-24,0
00003474,200,2024-09-04,0
00003475,200,2024-02-19,0
00003476,150,2025-08-17,0
00003477,150,2022-08-11,0
00003478,150,2025-05-20,0
00003479,150,2022-02-27,0
00003480,100,2025-01-14,0
00003481,100,2025-05-07,1000
00003482,100,2025-02-03,0
00003483,50,2023-05-08,0
00003484,500,2025-03-02,50000
00003485,50,2022-04-09,0
00003486,150,2022-01-18,0
00003487,150,2024-03-26,0
00003488,150,2024-03-11,0
00003489,100,2025-12-10,0
00003490,150,2024-04-14,0
00003491,500,2022-07-26,0
00003492,100,2022-02-18,0
00003493,200,2024-09-03,0
00003494,50,2023-08-18,0
00003495,200,2022-06-11,0
00003496,50,2023-04-20,0
00003497,100,2022-11-26,0
00003498,500,2024-11-23,0
00003499,500,2025-08-27,0
00003500,150,2024-07-05,0
00003501,150,2023-08-19,0
00003502,200,2022-03-23,0
00003503,200,2023-05-05,0
00003504,500,2025-05-27,2500
00003505,500,2025-07-09,0
00003506,50,2022-01-31,0
00003507,150,2025-01-25,0
00003508,50,2024-10-18,500
00003509,100,2023-08-29,0
00003510,150,2025-03-26,0
00003511,50,2022-05-26,0
00003512,200,2023-06-13,0
00003513,150,2024-06-24,0
00003514,100,2022-09-11,0
00003515,200,2022-03-23,0
00003516,150,2024-04-01,0
00003517,500,2025-10-25,0
00003518,150,2024-11-15,0
00003519,150,2024-02-05,15000
00003520,500,2024-07-10,0
00003521,50,2025-06-25,0
00003522,50,2023-05-17,0
00003523,500,2022-01-17,0
00003524,50,2023-08-19,0
00003525,500,2024-03-28,0
00003526,100,2024-03-06,0
00003527,50,2023-12-16,0
00003528,500,2024-08-10,0
00003529,100,2022-08-10,0
00003530,200,2024-06-06,0
00003531,150,2022-05-13,0
00003532,500,2024-09-22,0
00003533,200,2022-08-23,0
00003534,50,2025-01-21,0
00003535,200,2022-10-26,0
00003536,150,2025-03-09,100000
00003537,200,2022-05-08,0
00003538,150,2024-05-30,0
00003539,100,2022-04-21,0
00003540,50,2025-11-01,0
00003541,150,2025-07-25,0
00003542,100,2022-05-22,0
00003543,50,2023-09-03,0
00003544,200,2024-05-09,0
00003545,150,2023-01-12,0
00003546,50,2024-05-27,0
00003547,150,2022-12-03,0
00003548,200,2024-09-13,0
00003549,100,2025-11-27,0
00003550,500,2024-03-07,0
00003551,500,2025-05-07,0
00003552,500,2025-06-16,0
00003553,150,2022-01-30,0
00003554,200,2022-10-30,0
00003555,150,2022-08-21,0
00003556,200,2023-06-23,0
00003557,50,2024-07-11,0
00003558,100,2025-07-23,0
00003559,500,2022-07-19,2500
00003560,200,2025-11-27,0
00003561,100,2025-05-15,0
00003562,150,2023-03-06,0
00003563,500,2022-01-30,0
00003564,150,2022-02-03,0
00003565,150,2024-10-25,0
00003566,50,2025-12-03,0
00003567,200,2024-04-27,0
00003568,150,2025-01-15,0
00003569,150,2022-08-21,0
00003570,200,2024-05-27,0
00003571,500,2025-05-03,0
00003572,200,2024-02-21,0
00003573,200,2025-07-22,0
00003574,500,2022-07-23,0
00003575,50,2022-07-03,0
00003576,500,2024-04-22,0
00003577,500,2025-01-20,50000
00003578,500,2025-04-05,0
00003579,150,2024-05-11,0
00003580,200,2025-02-03,0
00003581,100,2024-08-19,0
00003582,150,2024-08-08,0
00003583,200,2022-01-16,0
00003584,100,2024-11-05,0
00003585,150,2023-09-22,0
00003586,200,2025-10-10,0
00003587,200,2022-03-08,1000
00003588,150,2024-11-28,0
00003589,500,2023-10-13,0
00003590,500,2024-05-30,0
00003591,200,2023-01-30,0
00003592,200,2022-04-16,0
00003593,500,2024-05-28,0
00003594,200,2022-12-22,0
00003595,150,2024-11-25,0
00003596,100,2022-07-23,0
00003597,100,2024-10-29,0
00003598,500,2024-03-13,0
00003599,150,2025-02-06,0
00003600,150,2023-02-22,150
00003601,200,2022-01-24,0
00003602,500,2022-11-10,100000
00003603,50,2025-03-17,0
00003604,100,2024-07-18,0
00003605,150,2023-01-18,0
00003606,100,2023-09-01,0
00003607,100,2024-02-14,0
00003608,50,2023-07-18,250
00003609,50,2025-07-31,0
00003610,50,2022-08-16,0
00003611,500,2022-09-09,0
00003612,150,2023-06-21,0
00003613,50,2022-06-08,0
00003614,150,2023-03-02,0
00003615,200,2022-02-14,0
00003616,200,2025-07-05,20000
00003617,200,2023-10-05,0
00003618,200,2022-11-26,0
00003619,50,2023-01-01,0
00003620,500,2022-03-06,0
00003621,150,2023-12-12,0
00003622,500,2025-05-13,0
00003623,100,2024-12-04,0
00003624,50,2023-01-30,0
00003625,500,2022-02-17,0
00003626,100,2023-03-19,0
00003627,50,2023-03-21,250
00003628,100,2022-06-20,0
00003629,100,2023-07-03,0
00003630,100,2022-07-08,0
00003631,500,2025-08-28,0
00003632,200,2024-06-12,0
00003633,200,2023-01-31,0
00003634,100,2025-11-08,0
00003635,150,2024-03-15,0
00003636,500,2023-10-01,0
00003637,100,2024-09-26,0
00003638,200,2024-05-17,0
00003639,150,2023-10-15,0
00003640,500,2024-02-24,0
00003641,500,2023-12-24,0
00003642,50,2024-07-09,0
00003643,50,2024-11-13,0
00003644,200,2023-08-25,0
00003645,500,2023-12-23,0
00003646,50,2023-01-04,0
00003647,200,2023-01-16,0
00003648,50,2023-03-17,0
00003649,150,2022-10-25,0
00003650,50,2022-01-20,0
00003651,50,2023-11-05,0
00003652,500,2023-10-21,0
00003653,500,2022-05-16,0
00003654,500,2023-03-11,0
00003655,50,2025-02-22,0
00003656,500,2025-10-06,50000
00003657,200,2023-10-13,0
00003658,100,2023-02-08,10000
00003659,200,2022-04-06,0
00003660,200,2022-09-02,0
00003661,100,2025-05-16,0
00003662,200,2023-04-30,0
00003663,150,2022-02-06,0
00003664,500,2022-01-10,0
00003665,150,2022-09-26,0
00003666,200,2022-03-17,0
00003667,500,2022-03-22,0
00003668,50,2022-05-23,0
00003669,200,2023-09-09,0
00003670,150,2024-03-30,1500
00003671,200,2025-06-08,2000
00003672,200,2024-10-07,0
00003673,50,2024-02-05,0
00003674,50,2022-03-01,0
00003675,50,2022-10-12,0
00003676,150,2025-11-09,0
00003677,100,2022-12-15,1000
00003678,500,2022-01-11,0
00003679,50,2023-06-16,0
00003680,50,2022-08-15,500
00003681,50,2023-06-25,0
00003682,500,2024-02-17,0
00003683,100,2022-10-10,0
00003684,50,2022-09-16,0
00003685,100,2025-04-11,0
00003686,200,2025-07-28,0
00003687,50,2024-12-04,0
00003688,500,2024-09-05,0
00003689,150,2023-10-22,0
00003690,200,2023-04-08,2000
00003691,50,2023-12-24,0
00003692,100,2025-09-12,0
00003693,100,2025-11-24,10000
00003694,50,2023-03-12,250
00003695,200,2024-02-28,0
00003696,50,2023-11-29,0
00003697,500,2024-12-16,0
00003698,150,2023-10-01,0
00003699,100,2024-10-30,0
00003700,100,2023-03-25,0
00003701,200,2024-07-15,0
00003702,500,2023-02-20,0
00003703,100,2022-05-21,0
00003704,100,2025-11-06,0
00003705,500,2025-08-20,0
00003706,200,2022-08-08,0
00003707,100,2022-02-03,0
00003708,100,2023-07-01,100000
00003709,200,2023-12-22,0
00003710,500,2022-06-22,0
00003711,100,2022-11-05,0
00003712,200,2024-11-06,0
00003713,200,2023-07-13,0
00003714,50,2025-08-21,0
00003715,200,2023-02-02,0
00003716,200,2022-12-28,0
00003717,500,2025-05-29,0
00003718,200,2022-08-12,0
00003719,100,2022-08-16,0
00003720,50,2022-03-15,0
00003721,100,2022-05-15,0
00003722,150,2023-04-09,0
00003723,200,2024-03-13,0
00003724,100,2025-11-17,0
00003725,100,2022-12-17,0
00003726,150,2025-07-28,0
00003727,500,2023-08-13,0
00003728,50,2023-01-15,0
00003729,500,2024-09-03,0
00003730,100,2022-12-15,0
00003731,50,2022-12-08,0
00003732,200,2022-10-18,0
00003733,200,2024-05-26,0
00003734,100,2023-06-25,0
00003735,100,2025-10-23,0
00003736,50,2025-05-01,0
00003737,200,2025-04-09,1000
00003738,200,2022-08-13,200
00003739,500,2025-10-24,0
00003740,100,2024-12-11,0
00003741,100,2022-07-12,1000
00003742,200,2024-10-01,0
00003743,500,2023-06-12,0
00003744,150,2024-01-17,0
00003745,150,2023-09-09,0
00003746,500,2025-09-21,0
00003747,500,2024-09-18,0
00003748,500,2025-08-03,50000
00003749,100,2025-09-12,0
00003750,150,2024-10-16,100000
00003751,200,2024-01-07,0
00003752,50,2023-02-01,0
00003753,200,2025-08-01,0
00003754,150,2025-07-07,0
00003755,200,2024-12-15,0
00003756,150,2023-11-10,0
00003757,200,2023-07-20,0
00003758,50,2025-04-01,0
00003759,150,2025-06-08,0
00003760,200,2025-03-06,0
00003761,150,2023-08-14,0
00003762,50,2024-10-18,0
00003763,100,2024-08-13,0
00003764,500,2023-08-17,0
00003765,100,2023-09-14,0
00003766,50,2023-08-27,50
00003767,100,2023-08-03,0
00003768,50,2022-04-19,0
00003769,50,2024-05-31,0
00003770,50,2022-04-13,0
00003771,150,2023-08-04,0
00003772,500,2025-09-24,0
00003773,500,2022-11-14,0
00003774,150,2022-10-20,0
00003775,100,2024-06-03,0
00003776,50,2023-08-19,0
00003777,200,2023-12-28,0
00003778,200,2024-05-15,0
00003779,50,2023-06-20,0
00003780,500,2023-09-29,0
00003781,200,2025-10-22,0
00003782,500,2022-10-13,0
00003783,100,2023-05-28,0
00003784,500,2023-02-13,0
00003785,50,2023-09-01,0
00003786,200,2025-01-22,0
00003787,200,2022-07-16,0
00003788,200,2025-11-22,0
00003789,150,2024-08-17,0
00003790,200,2024-05-11,0
00003791,200,2022-02-26,0
00003792,50,2024-05-12,250
00003793,500,2023-09-12,0
00003794,500,2024-11-14,0
00003795,500,2025-01-17,0
00003796,150,2022-04-20,0
00003797,200,2022-09-15,0
00003798,50,2024-08-05,0
00003799,500,2024-07-31,0
00003800,50,2022-04-23,0
00003801,50,2023-11-14,0
00003802,150,2025-03-04,0
00003803,150,2022-05-05,0
00003804,500,2025-10-13,0
00003805,50,2025-12-07,0
00003806,100,2025-02-25,0
00003807,200,2022-10-07,0
00003808,100,2023-09-09,0
00003809,50,2024-09-20,0
00003810,100,2022-08-23,500
00003811,500,2022-09-05,0
00003812,100,2023-02-23,0
00003813,50,2024-11-01,0
00003814,50,2022-09-07,0
00003815,200,2023-01-12,0
00003816,500,2023-06-18,0
00003817,200,2025-09-09,0
00003818,200,2022-10-27,0
00003819,100,2022-10-18,0
00003820,100,2022-12-16,0
00003821,500,2023-02-15,0
00003822,150,2023-08-16,0
00003823,500,2024-10-06,0
00003824,150,2024-03-12,0
00003825,50,2024-08-08,0
00003826,200,2022-10-31,20000
00003827,50,2025-03-01,0
00003828,500,2023-09-13,100000
00003829,200,2022-03-29,0
00003830,150,2022-10-13,0
00003831,200,2023-07-22,1000
00003832,150,2024-10-22,0
00003833,500,2023-03-08,0
00003834,500,2024-03-10,0
00003835,100,2025-09-05,0
00003836,500,2023-11-26,0
00003837,100,2023-07-25,0
00003838,150,2024-03-17,15000
00003839,200,2024-08-24,0
00003840,100,2025-03-25,0
00003841,500,2025-09-11,0
00003842,100,2025-11-30,0
00003843,500,2023-12-14,0
00003844,200,2022-05-19,1000
00003845,100,2022-07-17,0
00003846,200,2025-10-23,0
00003847,100,2023-04-30,0
00003848,100,2024-02-26,0
00003849,200,2022-05-12,2000
00003850,50,2022-03-18,0
00003851,50,2024-06-23,0
00003852,500,2025-07-16,0
00003853,100,2023-10-20,0
00003854,200,2024-02-13,0
00003855,500,2025-02-13,0
00003856,150,2024-10-02,0
00003857,150,2023-04-07,0
00003858,100,2024-06-07,0
00003859,100,2022-06-26,0
00003860,50,2023-02-21,250
00003861,50,2024-01-07,0
00003862,500,2025-01-24,0
00003863,150,2023-01-15,0
00003864,500,2024-10-13,0
00003865,100,2025-03-14,0
00003866,500,2023-12-23,0
00003867,500,2022-10-10,0
00003868,200,2024-05-25,0
00003869,50,2025-03-11,100000
00003870,150,2022-07-26,0
00003871,100,2022-04-16,0
00003872,150,2022-02-16,0
00003873,150,2023-05-30,0
00003874,150,2022-05-20,0
00003875,100,2023-08-13,100000
00003876,100,2024-11-26,0
00003877,500,2023-10-02,0
00003878,50,2025-01-23,0
00003879,50,2025-04-08,0
00003880,150,2025-08-30,1500
00003881,200,2023-06-19,0
00003882,50,2022-10-13,0
00003883,150,2025-09-20,0
00003884,50,2023-04-28,0
00003885,500,2025-06-03,0
00003886,50,2023-12-10,0
00003887,200,2025-05-10,0
00003888,50,2025-02-03,0
00003889,100,2023-07-09,0
00003890,50,2022-03-14,0
00003891,100,2025-08-24,0
00003892,200,2023-09-14,0
00003893,100,2022-02-13,0
00003894,50,2023-02-06,0
00003895,200,2025-10-28,0
00003896,50,2025-02-05,0
00003897,200,2024-02-12,0
00003898,200,2025-12-07,0
00003899,100,2022-08-25,0
00003900,500,2024-01-24,0
00003901,150,2024-06-13,0
00003902,100,2023-04-21,100
00003903,100,2024-04-25,0
00003904,500,2025-03-09,500
00003905,100,2022-04-27,500
00003906,200,2023-01-05,0
00003907,150,2023-12-18,0
00003908,100,2023-08-22,0
00003909,200,2024-09-07,0
00003910,50,2022-06-06,0
00003911,500,2023-02-26,0
00003912,150,2023-03-28,0
00003913,150,2024-01-22,0
00003914,150,2025-08-31,0
00003915,150,2023-10-16,0
00003916,500,2022-08-02,50000
00003917,500,2024-09-22,0
00003918,100,2022-10-08,0
00003919,500,2023-04-18,0
00003920,500,2023-03-08,0
00003921,100,2022-03-15,0
00003922,200,2025-08-24,0
00003923,50,2022-02-13,0
00003924,50,2023-07-08,0
00003925,200,2023-09-08,0
00003926,50,2022-05-03,0
00003927,500,2024-02-26,0
00003928,200,2024-02-27,0
00003929,100,2023-02-26,0
00003930,200,2024-12-26,2000
00003931,50,2025-01-14,0
00003932,50,2025-05-31,0
00003933,150,2023-06-22,0
00003934,500,2023-03-20,0
00003935,150,2025-06-26,0
00003936,200,2022-04-27,0
00003937,500,2024-03-05,0
00003938,150,2024-12-31,0
00003939,500,2025-03-09,0
00003940,150,2022-11-29,0
00003941,200,2023-05-03,0
00003942,50,2023-07-29,0
00003943,150,2022-06-25,0
00003944,500,2023-08-29,0
00003945,200,2022-03-21,0
00003946,150,2023-07-05,0
00003947,500,2022-01-26,0
00003948,500,2025-09-15,0
00003949,150,2023-01-02,0
00003950,50,2024-06-19,50
00003951,150,2024-09-10,0
00003952,500,2023-03-23,0
00003953,500,2022-06-12,0
00003954,500,2025-02-03,0
00003955,50,2024-06-21,0
00003956,150,2023-06-16,0
00003957,100,2023-04-11,0
00003958,100,2025-06-19,0
00003959,100,2022-08-23,0
00003960,100,2025-11-02,0
00003961,200,2025-04-02,0
00003962,500,2023-04-12,5000
00003963,150,2022-02-03,0
00003964,150,2025-01-11,0
00003965,500,2023-04-26,0
00003966,50,2024-11-04,0
00003967,500,2022-06-08,0
00003968,150,2025-03-14,0
00003969,200,2022-05-27,0
00003970,150,2022-10-21,100000
00003971,150,2023-11-18,0
00003972,150,2024-08-21,0
00003973,150,2025-06-27,1500
00003974,50,2023-08-19,0
00003975,500,2022-02-22,0
00003976,100,2023-10-04,0
00003977,500,2025-04-05,0
00003978,100,2024-02-15,0
00003979,50,2025-09-07,0
00003980,200,2025-08-22,200
00003981,100,2025-03-03,0
00003982,500,2025-07-14,0
00003983,200,2025-01-08,0
00003984,500,2022-04-16,0
00003985,500,2024-12-01,0
00003986,150,2023-02-04,0
00003987,150,2023-05-15,0
00003988,150,2023-04-18,0
00003989,50,2025-11-20,0
00003990,200,2024-01-12,100000
00003991,500,2022-06-06,0
00003992,200,2025-05-24,0
00003993,200,2023-04-16,0
00003994,100,2025-01-06,0
00003995,200,2025-10-12,0
00003996,100,2025-05-25,0
00003997,150,2023-12-01,0
00003998,50,2024-04-16,0
00003999,100,2025-03-25,0
00004000,100,2023-01-04,0
00004001,50,2022-12-08,0
00004002,150,2025-02-09,0
00004003,200,2022-07-26,0
00004004,50,2024-06-02,250
00004005,50,2022-09-29,0
00004006,500,2024-03-05,0
00004007,150,2022-09-19,0
00004008,500,2023-05-10,0
00004009,50,2023-11-21,0
00004010,150,2025-04-26,0
00004011,50,2022-04-03,500
00004012,200,2024-04-17,0
00004013,200,2023-08-16,0
00004014,100,2023-01-11,0
00004015,500,2024-11-09,500
00004016,500,2025-04-29,0
00004017,200,2024-02-16,0
00004018,100,2024-11-07,0
00004019,150,2022-07-18,0
00004020,200,2023-11-30,100000
00004021,500,2025-04-02,0
00004022,200,2023-08-08,0
00004023,150,2023-01-01,0
00004024,50,2023-03-08,0
00004025,150,2025-03-23,0
00004026,150,2022-07-23,0
00004027,100,2022-08-31,0
00004028,200,2024-06-17,0
00004029,100,2023-08-14,0
00004030,150,2025-05-26,0
00004031,100,2025-09-26,0
00004032,50,2023-02-28,0
00004033,500,2022-12-12,500
00004034,500,2025-01-06,0
00004035,50,2024-09-27,0
00004036,50,2024-01-27,0
00004037,500,2024-05-23,0
00004038,500,2022-09-16,0
00004039,150,2022-08-13,0
00004040,50,2024-06-29,0
00004041,200,2023-06-23,1000
00004042,150,2025-10-01,0
00004043,150,2022-06-11,0
00004044,100,2022-06-02,0
00004045,500,2023-11-18,0
00004046,500,2025-10-08,0
00004047,150,2022-03-20,0
00004048,500,2023-10-13,0
00004049,500,2025-09-15,0
00004050,50,2025-07-23,0
00004051,100,2022-10-08,0
00004052,100,2025-10-11,0
00004053,200,2022-11-07,0
00004054,100,2024-10-14,0
00004055,100,2025-07-24,0
00004056,500,2023-03-15,500
00004057,200,2025-02-16,0
00004058,100,2022-03-21,0
00004059,150,2025-06-10,0
00004060,500,2023-04-26,0
00004061,200,2024-12-22,0
00004062,100,2023-09-07,0
00004063,150,2025-09-30,0
00004064,200,2025-05-09,0
00004065,200,2023-08-29,200
00004066,150,2024-05-09,0
00004067,150,2023-05-22,0
00004068,50,2022-12-27,0
00004069,150,2025-09-14,0
00004070,200,2025-12-14,0
00004071,200,2024-09-28,0
00004072,100,2022-03-01,0
00004073,500,2023-03-17,0
00004074,200,2022-05-05,0
00004075,150,2023-06-20,0
00004076,200,2024-03-12,0
00004077,200,2024-03-27,0
00004078,50,2023-07-04,0
00004079,100,2023-11-27,0
00004080,50,2023-09-24,0
00004081,100,2025-03-18,0
00004082,500,2023-02-27,0
00004083,50,2025-06-10,0
00004084,100,2025-05-23,0
00004085,50,2024-02-16,500
00004086,150,2025-02-06,150
00004087,500,2023-03-08,0
00004088,100,2022-11-18,0
00004089,200,2023-04-15,0
00004090,100,2024-02-05,0
00004091,100,2025-02-06,0
00004092,50,2022-03-15,0
00004093,500,2022-07-29,0
00004094,200,2022-03-28,0
00004095,150,2022-02-19,0
00004096,100,2022-03-11,0
00004097,50,2024-02-13,0
00004098,100,2023-07-07,0
00004099,50,2022-06-01,0
00004100,200,2022-02-11,100000
00004101,500,2022-11-07,100000
00004102,200,2023-02-02,0
00004103,150,2023-10-25,0
00004104,50,2023-09-11,0
00004105,100,2022-07-24,0
00004106,500,2024-08-23,0
00004107,200,2022-07-10,0
00004108,200,2025-02-22,0
00004109,150,2025-12-10,0
00004110,100,2024-02-23,10000
00004111,200,2024-02-03,0
00004112,50,2024-07-15,0
00004113,50,2024-03-24,0
00004114,200,2024-01-28,0
00004115,50,2025-08-09,0
00004116,100,2025-07-14,0
00004117,50,2025-02-22,0
00004118,200,2025-04-30,0
00004119,100,2024-04-05,0
00004120,200,2024-12-07,0
00004121,500,2023-04-22,50000
00004122,150,2024-04-23,0
00004123,150,2022-11-05,100000
00004124,500,2024-04-12,0
00004125,150,2025-11-14,0
00004126,500,2024-09-27,0
00004127,150,2025-08-28,0
00004128,200,2025-12-22,0
00004129,500,2022-06-16,0
00004130,200,2025-12-03,1000
00004131,50,2022-11-28,0
00004132,50,2022-12-07,0
00004133,50,2022-03-21,0
00004134,200,2022-12-16,0
00004135,500,2024-09-24,0
00004136,500,2024-05-06,0
00004137,150,2022-08-29,0
00004138,150,2025-10-17,0
00004139,150,2025-06-13,0
00004140,500,2025-08-24,0
00004141,150,2024-12-07,0
00004142,500,2024-01-31,0
00004143,150,2024-08-24,0
00004144,150,2022-10-05,0
00004145,200,2022-01-21,0
00004146,100,2022-11-04,0
00004147,50,2023-10-01,0
00004148,100,2025-11-22,10000
00004149,150,2022-07-13,15000
00004150,500,2022-11-17,100000
00004151,100,2023-12-08,0
00004152,100,2023-07-17,0
00004153,200,2025-04-11,0
00004154,150,2025-07-02,0
00004155,150,2025-02-23,0
00004156,100,2022-06-08,0
00004157,50,2023-03-20,0
00004158,150,2025-02-28,0
00004159,500,2025-04-17,0
00004160,200,2023-11-08,0
00004161,500,2025-05-23,0
00004162,500,2025-10-01,0
00004163,100,2022-12-11,500
00004164,100,2022-07-07,0
00004165,500,2022-10-28,0
00004166,200,2022-01-01,0
00004167,50,2022-10-08,0
00004168,200,2024-05-21,0
00004169,150,2023-09-12,0
00004170,50,2023-05-09,0
00004171,200,2024-02-29,0
00004172,150,2023-10-01,0
00004173,150,2024-12-22,100000
00004174,100,2022-12-07,0
00004175,150,2025-12-27,0
00004176,200,2025-02-21,0
00004177,150,2025-11-04,0
00004178,200,2025-08-28,0
00004179,50,2024-01-19,0
00004180,150,2024-05-18,0
00004181,500,2023-01-27,0
00004182,100,2022-01-22,0
00004183,150,2024-12-13,0
00004184,500,2023-09-28,0
00004185,150,2023-06-04,0
00004186,50,2025-05-27,0
00004187,150,2025-08-07,0
00004188,50,2025-11-25,0
00004189,150,2025-07-04,100000
00004190,50,2024-08-22,0
00004191,200,2024-10-01,0
00004192,500,2022-08-01,500
00004193,500,2025-12-31,0
00004194,100,2022-09-27,100
00004195,50,2024-06-27,0
00004196,50,2023-10-06,100000
00004197,150,2023-02-02,0
00004198,50,2023-11-13,0
00004199,150,2025-12-23,0
00004200,500,2024-01-21,0
00004201,200,2024-05-02,0
00004202,50,2022-05-14,0
00004203,500,2022-10-30,0
00004204,50,2022-12-20,0
00004205,150,2025-05-31,0
00004206,500,2024-04-18,0
00004207,50,2023-09-30,0
00004208,150,2022-08-30,0
00004209,500,2025-11-27,50000
00004210,50,2022-08-27,0
00004211,100,2022-06-26,0
00004212,500,2025-07-07,0
00004213,100,2022-01-22,0
00004214,150,2024-07-31,750
00004215,150,2025-10-26,0
00004216,100,2022-09-29,0
00004217,200,2025-12-16,0
00004218,150,2022-10-15,0
00004219,200,2023-04-08,0
00004220,150,2023-02-13,0
00004221,150,2023-06-16,0
00004222,150,2022-07-09,0
00004223,500,2024-01-15,0
00004224,500,2024-07-09,0
00004225,100,2022-03-17,0
00004226,500,2024-02-29,0
00004227,500,2023-03-08,0
00004228,200,2023-12-12,0
00004229,150,2023-03-01,0
00004230,500,2025-02-03,0
00004231,150,2022-07-05,0
00004232,100,2023-06-13,0
00004233,150,2022-03-06,0
00004234,500,2025-09-10,0
00004235,200,2022-10-14,0
00004236,150,2024-02-02,0
00004237,500,2022-03-11,0
00004238,50,2025-07-13,0
00004239,50,2022-11-22,0
00004240,150,2023-11-21,0
00004241,50,2023-01-19,0
00004242,150,2022-11-30,0
00004243,100,2022-02-14,0
00004244,500,2024-07-23,0
00004245,200,2024-03-28,0
00004246,100,2023-06-02,0
00004247,500,2023-11-23,0
00004248,200,2023-09-07,1000
00004249,500,2022-08-09,0
00004250,150,2025-03-28,0
00004251,50,2022-12-02,0
00004252,150,2025-05-07,0
00004253,500,2023-02-11,0
00004254,500,2022-10-13,0
00004255,150,2022-04-21,0
00004256,150,2022-10-17,0
00004257,200,2024-03-21,0
00004258,50,2025-09-10,0
00004259,100,2023-09-10,0
00004260,100,2023-04-29,0
00004261,200,2022-07-04,0
00004262,100,2025-11-03,0
00004263,150,2022-01-11,0
00004264,150,2022-07-24,0
00004265,200,2025-12-02,0
00004266,200,2025-09-30,0
00004267,200,2025-12-17,0
00004268,50,2024-03-04,0
00004269,100,2024-03-29,0
00004270,150,2025-10-13,0
00004271,200,2025-05-07,0
00004272,50,2023-12-12,0
00004273,500,2022-02-25,0
00004274,500,2022-12-31,0
00004275,150,2024-01-12,0
00004276,50,2025-06-04,0
00004277,200,2022-06-08,0
00004278,100,2024-10-20,0
00004279,100,2023-09-11,0
00004280,150,2024-02-26,0
00004281,200,2022-11-05,0
00004282,200,2025-10-14,0
00004283,50,2023-06-19,0
00004284,200,2023-01-03,0
00004285,500,2022-08-06,0
00004286,50,2023-12-11,0
00004287,50,2025-09-05,0
00004288,50,2022-11-26,0
00004289,500,2024-11-04,0
00004290,200,2022-01-24,0
00004291,200,2024-05-15,0
00004292,150,2024-05-20,0
00004293,50,2025-05-21,0
00004294,200,2024-10-25,0
00004295,200,2025-12-29,0
00004296,500,2024-01-18,0
00004297,100,2024-05-18,0
00004298,200,2025-10-13,200
00004299,150,2025-12-20,0
00004300,100,2024-11-20,0
00004301,200,2024-06-09,2000
00004302,50,2022-09-06,0
00004303,200,2024-01-22,100000
00004304,150,2023-06-01,0
00004305,150,2022-02-18,0
00004306,100,2023-08-24,0
00004307,50,2024-07-03,0
00004308,50,2025-05-05,0
00004309,50,2024-12-24,0
00004310,100,2022-12-25,100
00004311,100,2022-10-24,0
00004312,200,2023-07-17,0
00004313,200,2025-11-12,0
00004314,500,2025-03-11,0
00004315,50,2023-10-31,0
00004316,100,2025-06-01,0
00004317,50,2024-02-22,0
00004318,50,2023-11-23,0
00004319,150,2024-05-15,0
00004320,100,2023-06-11,0
00004321,50,2024-06-06,0
00004322,100,2025-03-15,0
00004323,150,2025-06-14,0
00004324,100,2025-11-22,0
00004325,150,2025-03-20,0
00004326,200,2023-07-17,0
00004327,100,2023-07-21,0
00004328,50,2025-05-23,0
00004329,100,2025-10-20,0
00004330,50,2024-04-13,0
00004331,200,2025-09-07,0
00004332,150,2024-08-05,0
00004333,150,2022-07-18,0
00004334,50,2025-12-23,0
00004335,50,2025-06-06,0
00004336,500,2024-08-01,0
00004337,500,2023-11-05,0
00004338,200,2025-02-16,2000
00004339,150,2023-12-11,0
00004340,100,2024-08-04,0
00004341,200,2023-03-08,0
00004342,100,2025-10-10,0
00004343,200,2022-03-08,0
00004344,500,2022-06-10,0
00004345,500,2023-12-09,100000
00004346,150,2023-09-15,0
00004347,150,2024-07-13,0
00004348,50,2022-11-16,0
00004349,100,2025-07-02,0
00004350,200,2024-04-30,0
00004351,50,2023-08-05,0
00004352,200,2023-04-26,0
00004353,500,2022-09-27,0
00004354,50,2022-07-18,0
00004355,100,2022-08-15,0
00004356,100,2022-11-22,0
00004357,200,2025-01-31,0
00004358,100,2024-05-06,0
00004359,150,2023-10-17,0
00004360,50,2025-09-22,0
00004361,150,2024-10-25,0
00004362,200,2023-04-07,0
00004363,200,2024-08-08,0
00004364,200,2022-11-18,0
00004365,100,2024-03-30,0
00004366,500,2023-11-16,0
00004367,100,2025-10-31,0
00004368,200,2025-04-03,0
00004369,200,2024-04-20,0
00004370,50,2025-06-21,0
00004371,500,2025-06-23,0
00004372,50,2025-05-12,0
00004373,200,2022-02-16,0
00004374,100,2022-12-07,0
00004375,200,2025-11-02,2000
00004376,50,2025-05-16,0
00004377,200,2025-02-04,0
00004378,100,2022-11-27,0
00004379,100,2022-12-25,0
00004380,100,2023-10-23,0
00004381,50,2022-03-05,0
00004382,200,2024-07-29,0
00004383,500,2024-06-27,0
00004384,100,2024-08-02,0
00004385,50,2025-05-22,0
00004386,100,2023-05-17,0
00004387,50,2022-01-15,0
00004388,200,2024-11-30,0
00004389,200,2022-05-25,0
00004390,150,2025-01-05,0
00004391,500,2025-08-18,0
00004392,50,2024-06-17,0
00004393,50,2023-08-23,0
00004394,50,2024-01-15,0
00004395,500,2025-07-12,0
00004396,200,2022-09-12,0
00004397,150,2025-04-02,0
00004398,50,2022-12-13,0
00004399,150,2022-10-18,0
00004400,200,2023-03-07,0
00004401,150,2025-08-07,0
00004402,200,2025-12-23,0
00004403,100,2023-06-17,0
00004404,200,2023-11-09,0
00004405,150,2025-03-09,0
00004406,50,2022-10-14,0
00004407,150,2022-02-23,0
00004408,150,2025-02-28,0
00004409,150,2023-09-21,0
00004410,100,2025-03-08,0
00004411,200,2025-12-31,0
00004412,150,2022-11-13,0
00004413,100,2022-10-28,0
00004414,200,2023-06-11,0
00004415,50,2023-03-10,0
00004416,100,2025-04-11,1000
00004417,500,2024-11-24,0
00004418,500,2022-12-15,0
00004419,100,2025-04-17,0
00004420,150,2024-12-07,0
00004421,200,2025-08-20,0
00004422,500,2024-09-14,0
00004423,200,2022-01-30,0
00004424,50,2023-12-03,0
00004425,100,2023-04-05,0
00004426,500,2022-09-02,0
00004427,150,2024-10-18,0
00004428,50,2024-12-09,0
00004429,100,2024-01-15,0
00004430,200,2025-07-06,2000
00004431,500,2022-05-18,0
00004432,500,2025-01-06,0
00004433,50,2024-07-03,0
00004434,100,2023-05-17,0
00004435,100,2025-11-13,0
00004436,100,2023-04-13,0
00004437,200,2022-12-30,100000
00004438,150,2025-02-04,0
00004439,100,2022-05-11,0
00004440,100,2024-12-06,0
00004441,100,2023-04-12,0
00004442,500,2024-09-04,0
00004443,500,2022-04-15,0
00004444,50,2023-02-07,0
00004445,200,2022-06-20,0
00004446,50,2025-01-15,0
00004447,500,2024-09-24,0
00004448,50,2025-04-06,0
00004449,50,2024-06-25,0
00004450,100,2025-04-21,0
00004451,500,2024-07-23,0
00004452,150,2024-04-13,0
00004453,200,2025-07-16,0
00004454,500,2024-09-16,0
00004455,150,2023-06-26,0
00004456,100,2023-11-30,0
00004457,500,2024-10-27,0
00004458,200,2022-08-17,0
00004459,100,2024-09-25,100000
00004460,200,2024-10-12,0
00004461,50,2024-06-03,0
00004462,50,2024-06-26,0
00004463,500,2023-01-10,0
00004464,50,2023-04-20,0
00004465,500,2023-09-18,0
00004466,500,2024-08-24,0
00004467,150,2025-06-02,0
00004468,100,2023-10-26,0
00004469,200,2022-12-18,0
00004470,500,2025-09-18,0
00004471,500,2024-08-28,0
00004472,200,2023-07-06,0
00004473,150,2024-08-24,0
00004474,150,2024-01-30,0
00004475,150,2023-12-26,0
00004476,150,2024-07-10,0
00004477,500,2024-03-16,0
00004478,50,2024-04-07,5000
00004479,150,2025-08-15,0
00004480,200,2023-07-16,1000
00004481,100,2025-09-17,0
00004482,150,2024-02-04,15000
00004483,200,2023-10-30,0
00004484,100,2023-03-17,0
00004485,200,2023-07-16,0
00004486,100,2022-11-25,0
00004487,200,2025-04-29,0
00004488,50,2025-09-12,0
00004489,200,2023-05-27,0
00004490,500,2025-04-15,0
00004491,50,2022-04-25,0
00004492,150,2025-01-06,0
00004493,150,2022-08-16,0
00004494,50,2023-10-27,0
00004495,200,2022-11-07,0
00004496,500,2023-09-05,0
00004497,500,2022-06-30,0
00004498,150,2025-03-18,0
00004499,150,2025-02-14,0
00004500,150,2025-11-13,150
00004501,150,2024-01-10,0
00004502,200,2023-03-16,0
00004503,200,2023-04-12,0
00004504,150,2023-02-12,0
00004505,150,2023-06-07,0
00004506,50,2022-10-15,0
00004507,200,2024-05-25,0
00004508,200,2022-04-09,0
00004509,50,2024-11-15,0
00004510,500,2024-06-14,0
00004511,500,2023-11-01,0
00004512,200,2023-08-02,0
00004513,50,2022-06-04,0
00004514,500,2022-08-19,0
00004515,500,2022-06-29,0
00004516,200,2025-06-03,0
00004517,100,2022-05-30,0
00004518,200,2023-07-22,0
00004519,100,2025-08-25,0
00004520,100,2025-08-19,0
00004521,200,2024-12-16,0
00004522,200,2022-02-13,0
00004523,150,2022-01-14,0
00004524,200,2022-02-08,2000
00004525,200,2022-11-05,0
00004526,100,2025-04-11,0
00004527,150,2024-12-26,0
00004528,100,2025-03-22,0
00004529,500,2022-11-09,0
00004530,100,2023-02-27,0
00004531,50,2022-02-23,0
00004532,50,2022-09-18,0
00004533,50,2023-11-02,0
00004534,100,2025-09-09,0
00004535,150,2022-12-01,0
00004536,150,2023-04-23,0
00004537,100,2023-12-29,10000
00004538,50,2024-02-08,250
00004539,200,2022-04-11,0
00004540,200,2023-02-11,0
00004541,200,2025-04-23,0
00004542,50,2022-12-25,0
00004543,500,2024-11-23,0
00004544,100,2022-09-04,0
00004545,500,2024-01-04,0
00004546,150,2024-04-30,0
00004547,50,2024-11-04,0
00004548,150,2024-11-07,0
00004549,200,2022-02-03,20000
00004550,200,2022-07-24,0
00004551,150,2022-05-14,0
00004552,150,2023-04-15,0
00004553,50,2025-08-25,0
00004554,200,2024-08-23,2000
00004555,150,2022-04-03,0
00004556,100,2022-12-30,0
00004557,100,2024-11-28,0
00004558,200,2022-03-21,1000
00004559,150,2024-02-01,0
00004560,100,2024-05-08,0
00004561,500,2022-11-07,0
00004562,100,2024-01-18,0
00004563,50,2022-11-29,250
00004564,150,2024-04-06,0
00004565,150,2025-06-27,0
00004566,50,2023-11-11,5000
00004567,50,2022-10-23,0
00004568,50,2025-01-09,0
00004569,500,2024-12-11,0
00004570,50,2022-01-31,0
00004571,100,2022-07-08,0
00004572,50,2022-08-19,0
00004573,200,2024-04-30,0
00004574,500,2024-06-20,0
00004575,500,2025-07-28,50000
00004576,200,2023-06-11,0
00004577,500,2024-01-19,0
00004578,50,2024-09-05,0
00004579,500,2023-02-06,0
00004580,500,2022-09-23,0
00004581,100,2023-04-07,0
00004582,50,2024-04-07,0
00004583,500,2022-08-04,0
00004584,150,2023-01-14,0
00004585,150,2023-11-05,0
00004586,200,2025-09-30,0
00004587,500,2025-03-28,0
00004588,150,2022-09-27,0
00004589,150,2025-09-16,0
00004590,50,2024-02-28,0
00004591,100,2023-01-09,100
00004592,100,2022-11-28,0
00004593,50,2025-03-17,0
00004594,150,2023-01-20,0
00004595,500,2024-04-10,0
00004596,100,2024-07-17,0
00004597,500,2024-06-19,0
00004598,150,2025-09-04,0
00004599,150,2023-11-22,0
00004600,100,2023-06-07,0
00004601,200,2025-01-29,0
00004602,50,2025-09-30,0
00004603,500,2023-06-23,5000
00004604,200,2025-08-08,100000
00004605,100,2022-07-13,0
00004606,200,2022-08-16,0
00004607,150,2022-09-16,0
00004608,150,2024-07-15,0
00004609,50,2024-10-30,0
00004610,500,2023-02-04,0
00004611,100,2022-02-04,0
00004612,150,2024-12-12,0
00004613,100,2025-02-26,0
00004614,500,2022-04-07,0
00004615,150,2025-01-09,0
00004616,500,2022-12-08,0
00004617,50,2025-10-25,0
00004618,500,2023-04-09,0
00004619,100,2025-01-12,0
00004620,500,2024-05-18,0
00004621,150,2022-04-11,0
00004622,200,2023-08-31,0
00004623,500,2024-05-12,0
00004624,200,2023-10-22,0
00004625,150,2022-01-01,100000
00004626,150,2023-03-04,0
00004627,500,2025-05-01,0
00004628,50,2024-04-20,0
00004629,200,2022-11-25,0
00004630,100,2024-03-12,0
00004631,200,2024-03-11,0
00004632,100,2023-12-19,1000
00004633,100,2024-04-02,0
00004634,500,2025-10-08,0
00004635,200,2022-10-19,0
00004636,150,2022-01-23,0
00004637,500,2023-09-30,0
00004638,500,2024-08-22,0
00004639,200,2023-09-04,0
00004640,500,2025-06-03,0
00004641,50,2023-12-01,0
00004642,50,2024-02-21,0
00004643,150,2022-08-20,0
00004644,200,2025-04-13,0
00004645,200,2023-08-20,0
00004646,50,2022-07-01,0
00004647,500,2025-05-11,0
00004648,100,2025-09-23,0
00004649,200,2024-05-13,200
00004650,150,2023-07-19,0
00004651,500,2023-11-05,0
00004652,150,2024-01-01,150
00004653,200,2023-05-13,0
00004654,100,2025-04-25,0
00004655,150,2022-08-01,0
00004656,200,2025-02-22,0
00004657,500,2024-02-09,0
00004658,200,2022-03-28,0
00004659,500,2025-08-09,0
00004660,500,2022-07-14,0
00004661,100,2024-01-09,0
00004662,500,2024-05-13,0
00004663,50,2023-12-13,0
00004664,200,2024-08-01,0
00004665,500,2022-03-18,0
00004666,200,2025-10-02,0
00004667,100,2025-03-07,0
00004668,150,2022-07-22,0
00004669,200,2022-02-28,0
00004670,150,2024-01-05,0
00004671,150,2023-12-23,0
00004672,100,2023-07-21,0
00004673,50,2023-10-27,0
00004674,150,2022-11-25,0
00004675,500,2025-08-20,0
00004676,200,2023-12-15,0
00004677,100,2024-10-20,0
00004678,150,2023-12-22,0
00004679,100,2023-10-11,0
00004680,50,2022-07-05,0
00004681,150,2025-06-27,0
00004682,100,2024-02-23,0
00004683,200,2023-12-20,0
00004684,200,2024-01-11,0
00004685,100,2023-10-24,500
00004686,500,2023-09-28,0
00004687,500,2023-08-30,0
00004688,500,2022-12-31,0
00004689,50,2023-02-11,100000
00004690,200,2023-06-24,0
00004691,150,2024-12-27,0
00004692,100,2024-02-28,0
00004693,150,2025-06-10,0
00004694,50,2023-10-26,0
00004695,200,2022-03-25,0
00004696,100,2025-09-29,0
00004697,50,2024-10-09,0
00004698,100,2023-05-18,0
00004699,200,2025-08-19,0
00004700,100,2022-01-26,0
00004701,50,2025-06-07,0
00004702,200,2024-04-28,0
00004703,500,2023-01-29,0
00004704,500,2025-04-04,0
00004705,500,2024-03-03,0
00004706,150,2023-06-24,0
00004707,150,2023-04-26,0
00004708,150,2022-06-07,0
00004709,100,2023-10-21,0
00004710,100,2025-01-07,0
00004711,50,2024-11-05,0
00004712,500,2023-10-05,0
00004713,500,2023-04-12,0
00004714,500,2023-04-04,0
00004715,500,2022-04-19,0
00004716,200,2024-10-15,0
00004717,50,2022-12-17,5000
00004718,500,2025-08-24,5000
00004719,200,2025-12-17,0
00004720,150,2022-05-14,0
00004721,150,2025-03-12,0
00004722,50,2025-05-09,0
00004723,100,2024-03-22,0
00004724,200,2023-09-27,0
00004725,150,2023-11-08,0
00004726,500,2024-04-13,0
00004727,500,2025-10-27,0
00004728,50,2025-06-02,500
00004729,500,2022-09-03,0
00004730,50,2025-06-11,5000
00004731,100,2023-02-03,0
00004732,500,2023-01-03,0
00004733,50,2025-08-22,0
00004734,50,2023-11-11,5000
00004735,500,2025-12-06,0
00004736,200,2024-04-14,0
00004737,200,2022-10-11,0
00004738,100,2022-07-16,0
00004739,100,2025-12-19,0
00004740,150,2024-10-20,1500
00004741,200,2023-02-15,0
00004742,50,2023-11-27,0
00004743,50,2024-12-08,0
00004744,500,2022-05-05,0
00004745,50,2025-10-30,0
00004746,100,2022-01-04,0
00004747,500,2022-01-26,50000
00004748,150,2022-02-26,0
00004749,500,2025-02-27,0
00004750,50,2022-12-20,0
00004751,500,2024-10-17,0
00004752,100,2023-12-09,500
00004753,500,2024-02-06,0
00004754,200,2025-12-17,0
00004755,100,2024-11-05,0
00004756,200,2022-03-04,0
00004757,500,2022-09-04,0
00004758,150,2023-08-20,0
00004759,100,2025-04-23,0
00004760,50,2024-10-16,0
00004761,100,2025-06-09,0
00004762,200,2025-09-10,0
00004763,200,2024-07-06,0
00004764,500,2022-05-15,0
00004765,150,2022-10-17,0
00004766,200,2023-01-21,0
00004767,50,2024-01-04,5000
00004768,500,2022-07-22,0
00004769,50,2025-09-20,0
00004770,500,2025-02-27,0
00004771,500,2024-12-04,0
00004772,500,2025-08-10,0
00004773,150,2022-10-05,0
00004774,100,2023-08-23,0
00004775,200,2024-04-07,0
00004776,50,2024-10-01,50
00004777,150,2025-02-23,0
00004778,200,2023-09-19,0
00004779,150,2025-11-01,0
00004780,500,2022-03-27,0
00004781,50,2023-09-21,0
00004782,500,2025-01-16,0
00004783,150,2022-04-09,0
00004784,50,2023-09-13,0
00004785,150,2025-01-06,15000
00004786,500,2024-12-09,0
00004787,500,2024-01-30,0
00004788,50,2023-03-16,250
00004789,100,2025-12-30,0
00004790,100,2024-10-11,0
00004791,500,2022-02-01,50000
00004792,100,2025-11-12,0
00004793,150,2022-01-10,0
00004794,150,2022-12-29,0
00004795,100,2024-02-01,0
00004796,200,2022-04-02,0
00004797,500,2023-05-20,0
00004798,150,2024-05-15,0
00004799,150,2023-02-24,0
00004800,150,2024-04-18,0
00004801,200,2024-04-27,0
00004802,100,2024-09-26,0
00004803,50,2025-07-07,0
00004804,50,2025-11-26,0
00004805,100,2025-09-19,0
00004806,50,2025-07-29,0
00004807,100,2024-09-27,100000
00004808,150,2022-12-09,0
00004809,150,2025-10-26,0
00004810,200,2023-08-07,0
00004811,150,2025-03-13,0
00004812,50,2024-03-19,0
00004813,100,2022-06-27,0
00004814,200,2023-02-16,0
00004815,50,2024-08-18,0
00004816,50,2023-04-14,5000
00004817,100,2022-06-21,0
00004818,50,2023-05-11,0
00004819,150,2024-06-16,0
00004820,200,2025-05-07,0
00004821,500,2023-01-23,0
00004822,150,2022-03-31,0
00004823,100,2023-12-01,0
00004824,150,2022-12-26,0
00004825,100,2025-08-12,10000
00004826,100,2023-08-21,0
00004827,100,2023-01-12,0
00004828,150,2025-09-09,0
00004829,50,2024-06-21,250
00004830,500,2024-12-18,0
00004831,100,2022-10-21,0
00004832,150,2022-04-27,0
00004833,50,2024-04-19,0
00004834,50,2025-06-20,0
00004835,150,2024-01-29,150
00004836,100,2022-01-13,0
00004837,500,2022-04-30,0
00004838,500,2022-09-03,0
00004839,50,2025-02-28,0
00004840,50,2025-08-21,0
00004841,200,2025-03-16,0
00004842,150,2025-11-05,0
00004843,200,2023-05-02,0
00004844,500,2023-05-28,0
00004845,200,2024-09-08,0
00004846,100,2024-07-19,0
00004847,150,2023-04-04,0
00004848,100,2024-03-06,0
00004849,100,2024-01-24,0
00004850,200,2023-09-07,0
00004851,200,2024-04-20,0
00004852,500,2023-04-10,0
00004853,100,2025-07-07,0
00004854,200,2024-05-12,0
00004855,200,2024-07-15,0
00004856,200,2024-08-07,0
00004857,150,2025-09-24,0
00004858,500,2023-02-26,0
00004859,100,2025-03-10,0
00004860,500,2024-01-15,0
00004861,500,2024-04-16,0
00004862,150,2023-03-14,0
00004863,200,2022-08-11,0
00004864,200,2023-09-08,0
00004865,500,2024-04-24,2500
00004866,150,2025-02-03,0
00004867,200,2024-11-25,0
00004868,200,2022-02-18,0
00004869,200,2025-03-08,0
00004870,150,2025-10-25,0
00004871,100,2025-08-06,0
00004872,100,2022-11-05,0
00004873,200,2023-05-19,0
00004874,100,2024-09-23,0
00004875,500,2024-12-22,0
00004876,50,2025-10-16,50
00004877,50,2022-02-13,50
00004878,150,2022-07-04,0
00004879,150,2023-02-20,0
00004880,100,2023-09-22,0
00004881,150,2025-06-30,0
00004882,500,2024-07-03,0
00004883,100,2023-08-17,0
00004884,500,2022-11-24,0
00004885,100,2022-12-01,0
00004886,500,2025-06-20,0
00004887,500,2025-02-05,0
00004888,150,2025-11-14,0
00004889,100,2022-08-21,0
00004890,100,2024-06-30,100
00004891,100,2024-02-20,0
00004892,200,2022-12-16,0
00004893,500,2025-11-10,0
00004894,150,2024-06-22,0
00004895,100,2024-07-05,0
00004896,200,2025-10-07,0
00004897,150,2022-06-24,0
00004898,50,2022-12-29,0
00004899,150,2025-10-19,0
00004900,100,2022-08-16,0
00004901,100,2025-07-22,0
00004902,50,2023-12-28,0
00004903,200,2022-02-02,0
00004904,500,2024-05-05,0
00004905,150,2023-06-02,0
00004906,150,2024-12-01,0
00004907,50,2024-09-29,0
00004908,100,2022-04-17,0
00004909,150,2023-06-23,0
00004910,200,2023-11-23,20000
00004911,50,2023-11-13,0
00004912,100,2025-07-02,100000
00004913,50,2023-09-12,0
00004914,200,2024-02-18,0
00004915,150,2025-11-28,0
00004916,150,2024-11-15,0
00004917,200,2024-04-13,0
00004918,100,2023-12-11,0
00004919,500,2023-01-31,0
00004920,150,2022-06-20,0
00004921,50,2025-09-26,0
00004922,500,2022-08-21,2500
00004923,50,2023-05-13,500
00004924,50,2022-11-12,0
00004925,100,2022-06-28,0
00004926,50,2022-01-28,0
00004927,150,2025-06-18,100000
00004928,200,2025-07-16,0
00004929,50,2025-06-08,0
00004930,100,2023-02-13,0
00004931,50,2023-01-16,50
00004932,50,2024-06-05,0
00004933,100,2023-03-07,100
00004934,200,2023-10-19,0
00004935,100,2024-09-01,0
00004936,200,2025-05-24,0
00004937,200,2023-08-13,0
00004938,500,2022-05-06,0
00004939,500,2022-01-13,2500
00004940,150,2022-10-22,0
00004941,500,2023-01-23,0
00004942,50,2023-01-21,0
00004943,150,2023-04-12,0
00004944,500,2023-08-31,0
00004945,500,2025-08-04,0
00004946,200,2023-05-29,0
00004947,100,2024-12-22,1000
00004948,150,2022-11-27,150
00004949,200,2023-12-06,0
00004950,50,2025-06-23,0
00004951,200,2022-06-13,0
00004952,200,2022-01-25,0
00004953,50,2023-10-15,0
00004954,150,2025-11-30,0
00004955,50,2025-03-11,0
00004956,150,2024-07-12,0
00004957,200,2024-01-29,0
00004958,200,2023-10-04,0
00004959,100,2023-04-13,0
00004960,50,2025-11-15,0
00004961,200,2024-08-03,0
00004962,200,2024-08-07,0
00004963,200,2024-07-15,0
00004964,200,2024-05-09,0
00004965,100,2023-10-11,0
00004966,100,2024-03-29,0
00004967,200,2025-09-17,0
00004968,100,2025-04-29,0
00004969,100,2022-07-14,10000
00004970,100,2023-07-09,0
00004971,50,2024-10-15,0
00004972,150,2025-01-30,0
00004973,100,2024-09-23,0
00004974,200,2024-06-05,0
00004975,100,2024-09-25,0
00004976,50,2023-12-25,0
00004977,50,2023-10-25,0
00004978,500,2023-08-16,0
00004979,500,2024-10-09,0
00004980,200,2024-10-01,2000
00004981,100,2023-11-25,0
00004982,500,2024-05-28,0
00004983,500,2022-09-23,0
00004984,150,2024-02-04,0
00004985,100,2024-01-27,0
00004986,200,2022-05-10,2000
00004987,200,2023-05-20,0
00004988,150,2025-11-10,0
00004989,150,2025-07-22,0
00004990,200,2023-07-29,0
00004991,500,2023-11-10,0
00004992,100,2023-10-22,0
00004993,500,2023-04-14,0
00004994,500,2023-05-01,0
00004995,100,2024-09-27,0
00004996,50,2023-10-04,0
00004997,50,2024-02-26,0
00004998,500,2023-10-21,50000
00004999,200,2025-05-19,0
00005000,150,2022-05-18,0
00005001,100,2023-07-20,0
00005002,150,2022-05-01,0
00005003,100,2025-07-20,1000
00005004,500,2024-09-15,0
00005005,150,2023-10-18,0
00005006,150,2025-05-23,0
00005007,100,2025-08-15,0
00005008,500,2025-05-24,0
00005009,50,2023-02-04,0
00005010,500,2023-08-02,0
00005011,200,2024-05-16,0
00005012,50,2023-09-03,0
00005013,100,2023-08-30,10000
00005014,50,2024-01-25,0
00005015,100,2024-07-03,0
00005016,500,2022-11-18,0
00005017,150,2022-08-09,0
00005018,200,2023-07-20,0
00005019,500,2024-07-17,0
00005020,500,2022-09-21,0
00005021,50,2022-09-11,500
00005022,500,2024-09-04,0
00005023,150,2024-02-08,0
00005024,200,2025-08-16,0
00005025,100,2023-10-31,0
00005026,50,2025-08-11,0
00005027,500,2025-03-10,100000
00005028,50,2022-09-28,0
00005029,50,2022-10-14,0
00005030,500,2022-12-01,0
00005031,100,2022-07-08,0
00005032,150,2023-11-24,1500
00005033,50,2024-10-05,0
00005034,50,2024-12-10,0
00005035,200,2025-11-23,0
00005036,50,2023-03-01,0
00005037,50,2023-06-19,0
00005038,50,2025-08-13,0
00005039,50,2022-04-18,0
00005040,100,2024-09-07,500
00005041,100,2022-11-09,0
00005042,100,2024-10-22,0
00005043,200,2025-07-23,0
00005044,50,2024-11-10,0
00005045,200,2022-02-18,0
00005046,200,2025-01-31,1000
00005047,500,2022-03-15,0
00005048,500,2024-10-03,500
00005049,500,2024-01-24,0
00005050,100,2024-03-24,0
00005051,500,2022-01-16,0
00005052,500,2023-07-31,0
00005053,150,2024-11-12,0
00005054,100,2025-05-29,0
00005055,100,2023-11-01,0
00005056,200,2022-09-02,0
00005057,200,2022-03-01,0
00005058,500,2024-04-10,0
00005059,50,2022-03-27,0
00005060,50,2023-02-26,0
00005061,500,2023-09-04,0
00005062,100,2025-04-29,0
00005063,150,2024-08-07,750
00005064,500,2023-06-01,0
00005065,50,2023-09-27,250
00005066,150,2023-02-27,0
00005067,200,2023-11-02,0
00005068,200,2025-05-17,0
00005069,200,2024-09-10,0
00005070,150,2025-09-28,0
00005071,100,2022-06-09,0
00005072,50,2022-03-05,0
00005073,50,2023-07-16,0
00005074,150,2024-06-30,0
00005075,500,2022-11-23,5000
00005076,100,2025-08-15,0
00005077,200,2024-02-03,20000
00005078,50,2023-09-02,0
00005079,50,2023-09-11,0
00005080,200,2023-02-24,0
00005081,50,2024-09-02,0
00005082,50,2022-06-26,0
00005083,200,2025-04-02,0
00005084,150,2023-07-08,100000
00005085,200,2022-05-10,0
00005086,100,2023-03-18,10000
00005087,50,2022-03-18,0
00005088,200,2024-04-24,0
00005089,50,2025-03-27,0
00005090,50,2023-07-30,0
00005091,200,2023-02-20,0
00005092,50,2025-10-06,0
00005093,100,2023-04-26,0
00005094,50,2025-08-24,100000
00005095,200,2025-02-18,0
00005096,200,2023-04-20,0
00005097,50,2023-08-10,0
00005098,500,2024-01-23,0
00005099,200,2025-01-20,0
00005100,150,2025-02-02,0
00005101,150,2025-08-02,0
00005102,100,2025-04-03,0
00005103,200,2023-12-13,0
00005104,100,2025-10-09,0
00005105,200,2025-10-15,0
00005106,150,2024-06-03,1500
00005107,100,2023-11-13,0
00005108,200,2024-07-12,0
00005109,100,2022-03-29,0
00005110,100,2025-05-11,0
00005111,100,2025-03-20,0
00005112,100,2025-11-20,0
00005113,200,2022-08-18,0
00005114,500,2022-03-27,0
00005115,500,2022-01-09,0
00005116,500,2025-09-23,0
00005117,100,2025-11-01,0
00005118,150,2024-09-28,0
00005119,150,2025-01-28,0
00005120,500,2025-09-07,0
00005121,100,2025-03-27,0
00005122,200,2025-11-09,0
00005123,50,2023-04-08,0
00005124,200,2022-11-15,0
00005125,100,2022-01-02,0
00005126,500,2022-08-09,0
00005127,50,2025-11-24,0
00005128,100,2024-04-11,0
00005129,100,2025-01-14,0
00005130,100,2022-02-18,1000
00005131,50,2023-03-01,0
00005132,50,2022-05-18,0
00005133,50,2024-05-14,0
00005134,200,2022-01-22,0
00005135,150,2023-12-04,0
00005136,100,2023-09-15,0
00005137,500,2024-09-06,0
00005138,500,2022-03-27,0
00005139,50,2024-10-20,0
00005140,50,2023-06-08,0
00005141,200,2025-01-08,0
00005142,200,2025-11-11,0
00005143,150,2025-11-03,0
00005144,50,2024-02-18,5000
00005145,50,2024-08-30,0
00005146,50,2022-06-19,0
00005147,50,2024-07-20,0
00005148,150,2023-05-10,0
00005149,200,2022-03-12,0
00005150,500,2025-12-12,0
00005151,100,2025-06-10,0
00005152,50,2025-11-01,0
00005153,50,2024-11-02,0
00005154,500,2023-01-07,0
00005155,500,2024-03-05,0
00005156,500,2025-08-31,0
00005157,150,2025-04-14,0
00005158,500,2024-10-02,0
00005159,200,2023-08-24,0
00005160,50,2023-08-18,0
00005161,200,2022-08-13,0
00005162,50,2023-02-12,0
00005163,100,2022-01-12,0
00005164,100,2024-02-11,500
00005165,100,2023-11-28,0
00005166,500,2024-10-07,0
00005167,200,2025-12-06,0
00005168,50,2022-07-27,0
00005169,100,2025-05-24,0
00005170,200,2024-10-13,0
00005171,200,2022-02-12,0
00005172,150,2025-07-24,0
00005173,200,2024-08-28,20000
00005174,500,2025-12-08,0
00005175,50,2022-06-28,0
00005176,150,2024-08-30,0
00005177,100,2022-10-09,0
00005178,100,2022-06-26,0
00005179,100,2024-07-02,0
00005180,500,2024-02-04,0
00005181,200,2022-05-17,0
00005182,100,2025-04-07,0
00005183,500,2022-03-23,0
00005184,100,2023-09-08,0
00005185,200,2022-01-23,0
00005186,500,2022-01-25,0
00005187,150,2025-04-14,0
00005188,150,2022-10-08,0
00005189,100,2024-09-10,0
00005190,100,2025-09-21,0
00005191,200,2023-03-15,20000
00005192,500,2025-07-21,0
00005193,50,2022-10-27,0
00005194,500,2022-10-25,0
00005195,50,2024-09-05,0
00005196,50,2025-03-05,0
00005197,200,2025-07-05,0
00005198,100,2023-06-22,0
00005199,200,2022-03-29,0
00005200,200,2022-02-26,0
00005201,150,2024-03-11,0
00005202,100,2022-09-18,0
00005203,500,2024-04-12,0
00005204,100,2023-05-10,0
00005205,150,2024-10-15,0
00005206,200,2025-05-13,200
00005207,500,2022-06-23,0
00005208,100,2025-08-06,1000
00005209,200,2023-07-30,0
00005210,150,2023-09-14,0
00005211,500,2023-11-01,0
00005212,200,2024-11-13,0
00005213,500,2025-11-24,0
00005214,500,2025-05-12,0
00005215,500,2022-10-09,0
00005216,50,2025-11-17,0
00005217,150,2024-12-27,0
00005218,50,2023-05-31,0
00005219,150,2023-08-15,0
00005220,100,2023-10-04,0
00005221,150,2023-05-06,0
00005222,150,2023-09-20,0
00005223,150,2024-11-26,0
00005224,150,2023-06-25,0
00005225,100,2025-06-09,0
00005226,100,2025-11-10,0
00005227,150,2025-12-30,0
00005228,150,2023-02-23,0
00005229,500,2024-12-01,0
00005230,150,2025-07-31,0
00005231,500,2025-07-21,0
00005232,100,2025-08-19,0
00005233,150,2023-05-19,0
00005234,150,2025-03-09,0
00005235,150,2022-10-27,0
00005236,50,2023-06-02,0
00005237,200,2025-02-01,0
00005238,50,2022-05-17,0
00005239,150,2024-10-10,0
00005240,500,2025-04-10,0
00005241,500,2025-03-08,0
00005242,150,2022-04-15,0
00005243,200,2025-05-04,0
00005244,200,2024-03-03,0
00005245,100,2023-01-06,0
00005246,50,2022-03-26,0
00005247,150,2022-08-09,0
00005248,150,2022-09-18,0
00005249,200,2023-02-24,100000
00005250,50,2022-01-21,0
00005251,500,2023-07-22,0
00005252,100,2023-04-18,0
00005253,500,2025-03-14,0
00005254,500,2023-12-26,0
00005255,100,2022-02-17,0
00005256,150,2023-03-27,0
00005257,200,2023-02-21,0
00005258,50,2022-11-25,100000
00005259,150,2024-09-22,0
00005260,100,2024-04-12,0
00005261,200,2025-06-02,0
00005262,100,2023-03-28,0
00005263,50,2023-05-05,0
00005264,200,2025-04-02,0
00005265,200,2024-07-02,0
00005266,50,2022-06-17,0
00005267,200,2024-06-25,0
00005268,200,2025-06-13,0
00005269,50,2025-01-13,0
00005270,100,2025-10-10,0
00005271,500,2023-12-03,0
00005272,200,2024-11-05,0
00005273,200,2025-05-27,0
00005274,100,2025-12-11,10000
00005275,100,2024-04-07,0
00005276,150,2023-12-25,0
00005277,100,2023-08-19,0
00005278,200,2025-05-14,0
00005279,50,2025-11-06,0
00005280,100,2025-08-14,0
00005281,200,2025-12-31,0
00005282,200,2025-03-16,0
00005283,200,2022-02-11,0
00005284,200,2024-05-18,2000
00005285,150,2023-04-14,0
00005286,150,2024-09-07,0
00005287,100,2025-04-14,0
00005288,500,2024-12-23,0
00005289,50,2024-02-21,0
00005290,100,2022-07-04,0
00005291,100,2022-07-09,0
00005292,500,2022-04-13,0
00005293,500,2023-06-07,0
00005294,150,2022-10-18,0
00005295,150,2023-01-16,0
00005296,150,2022-12-08,0
00005297,100,2022-07-08,0
00005298,500,2025-09-02,0
00005299,100,2023-08-14,0
00005300,200,2022-12-10,0
00005301,100,2025-05-19,0
00005302,50,2022-07-27,0
00005303,100,2024-12-29,0
00005304,200,2025-02-07,0
00005305,100,2022-11-09,0
00005306,100,2023-05-19,0
00005307,150,2022-12-18,0
00005308,500,2022-02-12,0
00005309,50,2024-03-17,0
00005310,50,2024-08-18,0
00005311,100,2023-05-11,0
00005312,150,2025-03-21,0
00005313,200,2023-05-19,0
00005314,50,2023-05-24,0
00005315,500,2022-03-28,50000
00005316,100,2022-01-02,0
00005317,500,2024-09-30,0
00005318,200,2025-02-01,0
00005319,200,2024-12-11,0
00005320,500,2023-12-26,0
00005321,500,2024-04-09,0
00005322,500,2024-04-14,0
00005323,200,2022-09-16,0
00005324,100,2022-05-31,0
00005325,150,2023-09-04,0
00005326,200,2024-02-23,0
00005327,150,2022-02-18,0
00005328,100,2022-02-02,0
00005329,100,2024-07-10,0
00005330,100,2025-08-22,0
00005331,200,2023-05-16,0
00005332,100,2024-06-18,0
00005333,200,2024-08-13,0
00005334,150,2023-02-24,0
00005335,200,2022-04-16,0
00005336,100,2025-08-03,0
00005337,150,2024-02-06,15000
00005338,200,2025-08-31,0
00005339,50,2025-05-10,0
00005340,500,2025-02-03,0
00005341,200,2022-05-19,0
00005342,100,2023-09-28,0
00005343,100,2022-01-23,0
00005344,100,2025-12-27,0
00005345,50,2022-02-20,0
00005346,500,2024-01-31,50000
00005347,150,2025-06-09,0
00005348,500,2023-10-31,0
00005349,50,2024-11-24,0
00005350,200,2024-09-25,0
00005351,500,2022-03-16,0
00005352,500,2025-03-05,0
00005353,100,2024-02-13,0
00005354,200,2025-07-24,0
00005355,100,2023-02-07,10000
00005356,150,2024-03-18,0
00005357,50,2023-09-13,250
00005358,100,2024-05-06,0
00005359,200,2022-11-07,0
00005360,500,2023-06-07,0
00005361,100,2022-01-02,0
00005362,100,2022-03-18,0
00005363,200,2022-05-16,0
00005364,100,2025-10-09,0
00005365,50,2025-10-02,0
00005366,150,2025-06-17,0
00005367,150,2024-08-18,0
00005368,150,2025-03-27,0
00005369,150,2025-07-17,0
00005370,500,2022-11-15,0
00005371,500,2024-12-01,0
00005372,500,2023-05-18,0
00005373,50,2024-06-07,0
00005374,150,2024-11-08,0
00005375,200,2022-04-16,0
00005376,150,2023-06-12,0
00005377,100,2025-02-10,0
00005378,100,2023-05-25,0
00005379,100,2022-07-21,0
00005380,500,2024-01-14,0
00005381,200,2024-05-08,0
00005382,150,2022-06-16,0
00005383,500,2024-09-12,0
00005384,50,2023-10-05,0
00005385,50,2024-06-11,0
00005386,200,2022-11-12,0
00005387,50,2023-11-15,0
00005388,50,2023-09-23,0
00005389,200,2024-03-22,0
00005390,200,2024-05-30,0
00005391,150,2023-05-14,0
00005392,100,2023-11-20,0
00005393,150,2025-04-30,0
00005394,50,2022-07-26,50
00005395,100,2025-01-11,0
00005396,50,2025-11-29,0
00005397,50,2022-01-05,0
00005398,50,2022-10-01,0
00005399,150,2025-10-22,0
00005400,150,2025-09-26,0
00005401,50,2022-12-05,0
00005402,150,2022-07-24,100000
00005403,50,2022-03-22,0
00005404,100,2022-12-15,0
00005405,200,2022-08-09,0
00005406,150,2025-06-14,0
00005407,50,2025-06-08,0
00005408,50,2024-08-04,0
00005409,150,2022-11-19,0
00005410,500,2022-07-16,0
00005411,100,2025-11-12,0
00005412,200,2023-11-25,0
00005413,200,2024-07-15,0
00005414,500,2023-09-20,0
00005415,200,2024-05-06,0
00005416,100,2023-09-26,0
00005417,100,2023-05-08,0
00005418,100,2022-03-17,100000
00005419,50,2022-10-30,0
00005420,200,2022-09-16,0
00005421,50,2023-08-02,0
00005422,150,2025-04-01,0
00005423,200,2024-06-10,0
00005424,500,2025-04-18,0
00005425,100,2024-08-27,0
00005426,150,2022-11-17,0
00005427,150,2022-05-16,1500
00005428,200,2023-01-18,0
00005429,200,2025-09-10,0
00005430,150,2024-07-09,0
00005431,150,2025-12-19,0
00005432,150,2025-03-06,0
00005433,100,2022-01-16,0
00005434,100,2023-05-29,0
00005435,200,2023-11-17,0
00005436,100,2023-05-07,0
00005437,200,2023-07-24,0
00005438,100,2024-05-05,100
00005439,150,2025-12-27,0
00005440,500,2024-02-03,0
00005441,50,2024-09-15,0
00005442,500,2023-02-18,0
00005443,150,2025-10-25,0
00005444,500,2023-07-15,0
00005445,500,2025-04-24,0
00005446,500,2023-02-07,0
00005447,50,2024-07-20,0
00005448,500,2025-01-25,0
00005449,200,2022-04-02,0
00005450,50,2024-04-14,0
00005451,50,2024-08-29,0
00005452,200,2024-08-07,0
00005453,500,2025-03-17,0
00005454,150,2025-04-25,0
00005455,150,2023-09-07,0
00005456,50,2023-04-15,0
00005457,500,2023-06-05,0
00005458,50,2024-12-22,0
00005459,100,2024-07-09,0
00005460,50,2024-05-30,50
00005461,150,2025-01-01,0
00005462,500,2024-05-03,5000
00005463,500,2025-09-20,100000
00005464,100,2024-12-29,0
00005465,150,2022-08-26,0
00005466,200,2025-02-22,0
00005467,100,2025-01-21,0
00005468,50,2025-11-04,0
00005469,150,2025-08-17,0
00005470,200,2022-02-12,2000
00005471,100,2025-09-08,0
00005472,150,2024-05-01,0
00005473,200,2023-02-22,0
00005474,150,2022-07-19,0
00005475,150,2023-09-26,0
00005476,500,2025-08-01,2500
00005477,50,2022-01-07,0
00005478,50,2023-07-08,0
00005479,50,2024-07-13,0
00005480,500,2024-12-30,0
00005481,50,2024-09-12,0
00005482,150,2022-06-20,0
00005483,50,2023-12-25,0
00005484,100,2025-01-21,0
00005485,50,2025-06-24,0
00005486,50,2022-05-10,0
00005487,150,2022-11-25,0
00005488,500,2023-02-02,0
00005489,150,2022-03-03,0
00005490,200,2024-06-04,0
00005491,500,2024-04-04,0
00005492,100,2025-06-25,0
00005493,500,2025-11-29,2500
00005494,200,2025-02-15,0
00005495,200,2023-10-22,0
00005496,100,2022-03-27,500
00005497,50,2025-03-15,0
00005498,150,2025-08-21,0
00005499,50,2023-10-08,0
00005500,50,2022-10-02,0
00005501,500,2024-12-02,0
00005502,50,2025-04-29,0
00005503,200,2025-02-07,0
00005504,150,2022-09-03,0
00005505,50,2025-07-30,0
00005506,150,2025-01-04,0
00005507,150,2022-03-21,0
00005508,50,2023-09-07,0
00005509,100,2025-11-26,0
00005510,200,2022-11-10,0
00005511,200,2022-06-02,0
00005512,150,2022-06-03,0
00005513,150,2024-04-13,1500
00005514,150,2023-01-14,0
00005515,100,2024-12-11,0
00005516,50,2024-01-13,0
00005517,150,2023-11-15,0
00005518,50,2023-01-10,0
00005519,500,2022-06-11,0
00005520,150,2023-09-30,0
00005521,500,2025-01-13,0
00005522,50,2025-12-30,0
00005523,500,2025-11-15,0
00005524,500,2025-09-09,0
00005525,200,2022-03-25,0
00005526,200,2022-07-10,0
00005527,150,2022-04-17,0
00005528,50,2025-04-19,5000
00005529,50,2024-08-18,0
00005530,200,2025-01-14,0
00005531,100,2025-04-25,0
00005532,100,2022-06-17,0
00005533,100,2025-08-21,0
00005534,50,2025-07-15,0
00005535,200,2023-03-24,0
00005536,100,2022-12-13,0
00005537,500,2023-05-04,0
00005538,50,2025-10-27,0
00005539,150,2025-03-27,0
00005540,100,2024-10-05,0
00005541,50,2024-05-30,0
00005542,200,2023-01-30,0
00005543,150,2023-12-07,0
00005544,500,2024-04-22,0
00005545,150,2023-07-06,0
00005546,50,2025-12-18,0
00005547,500,2024-10-16,500
00005548,200,2025-04-24,0
00005549,150,2025-11-16,0
00005550,100,2025-08-05,0
00005551,100,2022-09-29,0
00005552,100,2023-05-27,0
00005553,50,2025-11-01,0
00005554,100,2023-07-21,0
00005555,500,2022-01-06,0
00005556,50,2025-11-26,50
00005557,150,2023-02-27,0
00005558,100,2025-08-20,0
00005559,150,2023-10-28,0
00005560,200,2025-09-12,0
00005561,150,2024-06-27,0
00005562,100,2023-02-28,0
00005563,100,2025-09-25,0
00005564,100,2024-09-30,0
00005565,150,2024-06-14,150
00005566,200,2024-08-07,0
00005567,50,2024-07-28,0
00005568,100,2024-04-26,0
00005569,150,2022-10-16,0
00005570,100,2024-05-22,0
00005571,200,2024-12-20,20000
00005572,150,2023-09-13,0
00005573,200,2023-02-16,0
00005574,150,2024-09-03,0
00005575,150,2022-11-25,0
00005576,200,2022-10-01,1000
00005577,200,2024-02-27,0
00005578,500,2024-11-09,0
00005579,100,2022-08-13,0
00005580,150,2024-12-05,0
00005581,50,2023-07-11,0
00005582,500,2023-09-28,0
00005583,50,2022-05-09,0
00005584,50,2023-05-10,0
00005585,150,2023-05-16,0
00005586,500,2025-06-10,0
00005587,500,2023-01-10,0
00005588,500,2022-01-07,0
00005589,50,2023-11-02,0
00005590,500,2024-05-09,0
00005591,50,2024-09-12,0
00005592,50,2023-09-20,0
00005593,200,2023-05-30,0
00005594,150,2025-04-15,0
00005595,200,2025-10-03,0
00005596,500,2025-03-03,0
00005597,50,2024-02-18,0
00005598,100,2023-05-17,0
00005599,150,2024-01-01,0
00005600,100,2024-12-26,0
00005601,100,2024-06-01,0
00005602,50,2025-11-13,100000
00005603,100,2023-04-19,0
00005604,50,2023-02-24,0
00005605,500,2022-05-29,0
00005606,500,2024-06-22,0
00005607,100,2023-03-16,0
00005608,50,2022-03-16,0
00005609,500,2024-04-17,0
00005610,150,2025-08-09,0
00005611,200,2023-03-05,1000
00005612,500,2022-09-01,5000
00005613,500,2025-01-04,0
00005614,100,2022-04-01,0
00005615,150,2025-01-13,0
00005616,50,2024-09-29,0
00005617,100,2024-04-23,0
00005618,50,2022-07-01,0
00005619,100,2025-03-24,0
00005620,200,2025-11-27,0
00005621,150,2024-07-15,0
00005622,100,2022-02-25,0
00005623,500,2022-02-13,0
00005624,100,2022-12-19,0
00005625,100,2022-04-03,0
00005626,100,2023-03-05,0
00005627,150,2024-08-01,15000
00005628,100,2025-06-20,0
00005629,50,2023-02-23,0
00005630,150,2025-11-07,0
00005631,50,2022-11-22,0
00005632,50,2022-12-17,0
00005633,500,2022-12-25,0
00005634,200,2022-08-11,1000
00005635,100,2022-05-30,0
00005636,50,2024-06-09,0
00005637,100,2023-06-30,0
00005638,500,2025-10-18,0
00005639,500,2025-04-14,0
00005640,200,2022-11-19,0
00005641,500,2024-12-27,0
00005642,100,2024-07-08,0
00005643,500,2024-06-30,0
00005644,150,2025-05-26,0
00005645,50,2023-02-06,0
00005646,200,2025-01-01,0
00005647,50,2025-04-05,0
00005648,100,2022-04-21,0
00005649,500,2022-08-20,0
00005650,200,2025-08-23,0
00005651,100,2022-04-19,0
00005652,500,2023-04-20,0
00005653,100,2022-04-14,0
00005654,500,2025-01-18,0
00005655,100,2025-01-08,0
00005656,150,2024-12-11,0
00005657,150,2023-06-19,0
00005658,100,2023-01-01,10000
00005659,100,2022-10-14,0
00005660,100,2025-12-02,0
00005661,500,2022-10-30,0
00005662,50,2024-05-14,0
00005663,500,2022-06-14,0
00005664,150,2024-08-01,0
00005665,150,2023-11-23,150
00005666,50,2025-09-23,0
00005667,50,2022-06-21,0
00005668,500,2022-06-16,2500
00005669,200,2022-07-21,0
00005670,500,2025-08-19,0
00005671,500,2022-02-22,0
00005672,150,2023-10-03,0
00005673,50,2024-10-29,0
00005674,150,2023-06-19,0
00005675,500,2022-10-30,0
00005676,500,2025-01-10,0
00005677,200,2024-12-05,0
00005678,50,2022-11-05,0
00005679,150,2024-10-23,0
00005680,50,2023-10-06,0
00005681,50,2024-11-04,0
00005682,50,2022-04-01,0
00005683,50,2025-09-17,0
00005684,100,2024-02-13,0
00005685,150,2022-07-01,0
00005686,500,2023-07-18,0
00005687,200,2024-02-13,0
00005688,100,2024-04-25,0
00005689,150,2024-11-13,0
00005690,150,2024-01-27,0
00005691,150,2023-09-28,0
00005692,500,2024-02-08,0
00005693,500,2022-03-22,0
00005694,50,2024-04-12,0
00005695,200,2025-05-18,0
00005696,500,2024-07-31,0
00005697,50,2025-07-02,0
00005698,500,2023-01-14,0
00005699,50,2023-07-03,0
00005700,50,2024-03-13,0
00005701,500,2022-09-12,0
00005702,500,2022-01-11,0
00005703,150,2025-08-11,0
00005704,200,2024-10-17,0
00005705,100,2024-11-22,0
00005706,100,2024-12-18,0
00005707,200,2023-07-03,0
00005708,50,2022-10-17,0
00005709,500,2025-10-20,0
00005710,100,2024-12-04,0
00005711,150,2024-04-14,0
00005712,50,2023-05-13,0
00005713,100,2024-01-25,0
00005714,500,2024-06-01,0
00005715,150,2023-05-31,150
00005716,200,2023-08-21,0
00005717,200,2022-11-17,0
00005718,150,2023-08-19,0
00005719,50,2023-01-18,0
00005720,100,2025-10-15,0
00005721,500,2025-10-31,0
00005722,100,2022-02-17,0
00005723,200,2024-02-12,0
00005724,150,2023-08-19,0
00005725,500,2024-10-31,0
00005726,50,2023-04-08,0
00005727,150,2023-05-10,0
00005728,500,2024-11-28,0
00005729,150,2023-11-11,0
00005730,100,2024-08-11,0
00005731,50,2025-10-11,0
00005732,50,2023-08-17,0
00005733,50,2023-08-20,0
00005734,100,2023-03-04,0
00005735,150,2023-02-02,0
00005736,150,2025-04-17,0
00005737,50,2024-03-19,0
00005738,100,2022-07-29,100000
00005739,200,2024-12-13,0
00005740,50,2025-01-19,250
00005741,100,2025-04-30,500
00005742,200,2023-03-20,0
00005743,150,2023-04-08,15000
00005744,50,2022-06-07,0
00005745,500,2024-10-31,0
00005746,150,2024-03-08,100000
00005747,200,2025-02-05,0
00005748,500,2022-01-18,2500
00005749,100,2022-02-24,0
00005750,50,2025-04-15,0
00005751,200,2022-08-18,0
00005752,500,2024-12-08,0
00005753,100,2025-11-10,0
00005754,200,2025-07-28,0
00005755,150,2023-08-04,0
00005756,500,2022-09-03,0
00005757,200,2022-01-07,0
00005758,100,2024-03-13,0
00005759,150,2022-10-02,0
00005760,50,2023-09-30,0
00005761,50,2024-12-13,0
00005762,500,2023-08-11,0
00005763,150,2023-04-08,0
00005764,500,2024-09-04,0
00005765,50,2025-04-16,0
00005766,200,2023-02-03,0
00005767,100,2023-03-18,0
00005768,500,2022-10-30,50000
00005769,150,2023-11-18,0
00005770,50,2022-07-08,0
00005771,50,2025-11-25,0
00005772,150,2022-09-24,0
00005773,200,2022-03-29,0
00005774,50,2023-11-23,0
00005775,200,2024-05-27,0
00005776,50,2024-11-29,0
00005777,50,2022-09-21,0
00005778,50,2022-03-28,0
00005779,50,2024-12-01,0
00005780,150,2024-03-10,0
00005781,500,2022-07-01,0
00005782,50,2024-03-02,0
00005783,200,2022-05-29,0
00005784,100,2022-07-24,0
00005785,100,2023-06-05,0
00005786,150,2022-04-17,0
00005787,500,2025-01-31,0
00005788,500,2022-08-11,0
00005789,200,2024-05-19,0
00005790,100,2025-06-26,0
00005791,500,2023-06-25,0
00005792,50,2022-08-26,0
00005793,500,2022-01-11,0
00005794,200,2023-02-02,0
00005795,100,2024-09-03,0
00005796,500,2024-12-18,0
00005797,50,2023-03-11,0
00005798,150,2025-06-12,0
00005799,50,2022-07-29,0
00005800,200,2025-11-16,0
00005801,500,2022-04-08,0
00005802,500,2025-04-04,0
00005803,150,2023-08-09,0
00005804,50,2024-07-16,0
00005805,500,2022-12-06,0
00005806,500,2025-12-17,0
00005807,200,2025-07-02,0
00005808,200,2025-09-07,0
00005809,500,2025-08-07,0
00005810,500,2025-10-16,0
00005811,200,2022-07-03,0
00005812,150,2022-10-25,0
00005813,150,2025-04-01,0
00005814,500,2023-05-24,0
00005815,500,2022-07-30,0
00005816,500,2023-09-27,0
00005817,100,2022-12-25,0
00005818,50,2023-01-14,0
00005819,100,2023-08-26,0
00005820,200,2024-04-07,0
00005821,50,2024-04-15,0
00005822,50,2025-02-16,0
00005823,200,2025-08-04,0
00005824,200,2022-03-04,0
00005825,100,2023-03-19,0
00005826,100,2024-11-30,0
00005827,150,2025-10-04,0
00005828,150,2025-08-24,0
00005829,500,2022-10-11,0
00005830,500,2022-02-05,0
00005831,150,2022-01-07,0
00005832,200,2025-09-21,0
00005833,100,2025-11-24,0
00005834,200,2023-12-01,1000
00005835,200,2025-04-24,0
00005836,500,2025-10-17,0
00005837,150,2022-07-11,0
00005838,200,2025-03-19,0
00005839,200,2025-07-14,1000
00005840,50,2025-02-24,0
00005841,200,2022-07-21,0
00005842,100,2023-01-25,0
00005843,150,2025-03-16,0
00005844,50,2023-05-31,0
00005845,150,2024-03-27,0
00005846,100,2025-04-18,0
00005847,150,2024-11-08,0
00005848,50,2022-03-02,0
00005849,100,2024-09-06,0
00005850,50,2022-01-14,0
00005851,500,2024-06-08,0
00005852,200,2022-05-09,0
00005853,50,2024-03-03,0
00005854,50,2022-06-16,0
00005855,500,2023-11-17,0
00005856,50,2022-04-09,0
00005857,200,2024-12-16,2000
00005858,50,2023-08-24,0
00005859,50,2023-10-21,5000
00005860,100,2025-07-13,0
00005861,500,2024-06-26,0
00005862,100,2022-04-14,0
00005863,100,2025-07-29,0
00005864,50,2024-10-11,0
00005865,500,2023-07-31,0
00005866,50,2024-07-08,0
00005867,200,2024-04-23,0
00005868,500,2022-10-08,0
00005869,500,2022-07-08,0
00005870,200,2025-07-04,0
00005871,200,2022-04-08,0
00005872,500,2025-12-03,0
00005873,50,2023-06-24,100000
00005874,500,2023-06-23,2500
00005875,100,2023-02-20,0
00005876,50,2022-09-29,0
00005877,150,2024-01-03,0
00005878,100,2023-02-19,0
00005879,200,2022-08-11,0
00005880,50,2024-08-08,250
00005881,50,2022-06-10,0
00005882,50,2024-02-17,0
00005883,200,2023-05-03,0
00005884,150,2022-09-29,0
00005885,500,2025-03-20,0
00005886,200,2022-09-06,0
00005887,200,2022-06-02,0
00005888,500,2023-08-31,0
00005889,500,2022-04-11,0
00005890,100,2025-03-31,0
00005891,100,2024-03-21,0
00005892,50,2022-07-13,0
00005893,150,2022-04-19,0
00005894,100,2025-10-28,0
00005895,50,2024-03-26,0
00005896,50,2022-10-18,0
00005897,200,2025-09-28,0
00005898,100,2022-06-03,500
00005899,50,2024-10-03,0
00005900,500,2025-01-03,0
00005901,50,2025-07-10,0
00005902,500,2024-05-09,0
00005903,500,2023-11-28,0
00005904,200,2025-11-07,0
00005905,100,2024-05-22,0
00005906,100,2025-01-09,0
00005907,50,2024-11-21,0
00005908,150,2024-04-16,750
00005909,500,2024-07-09,0
00005910,50,2024-10-06,0
00005911,500,2025-01-20,0
00005912,200,2024-04-04,0
00005913,50,2024-07-17,0
00005914,50,2024-04-04,0
00005915,200,2023-04-29,0
00005916,500,2022-10-28,0
00005917,50,2024-01-18,0
00005918,200,2025-01-12,0
00005919,100,2023-01-05,0
00005920,150,2023-11-03,0
00005921,50,2024-03-16,0
00005922,150,2022-01-31,0
00005923,500,2024-07-05,0
00005924,150,2024-04-09,0
00005925,50,2024-12-06,0
00005926,100,2022-05-29,0
00005927,100,2023-11-02,0
00005928,200,2025-05-01,0
00005929,500,2025-04-24,0
00005930,150,2023-04-27,0
00005931,500,2025-01-14,0
00005932,500,2022-02-03,0
00005933,100,2022-03-19,0
00005934,50,2025-05-24,0
00005935,100,2025-09-18,0
00005936,200,2025-05-10,0
00005937,150,2024-11-05,0
00005938,100,2023-09-03,0
00005939,150,2025-06-02,0
00005940,50,2025-08-18,500
00005941,200,2025-07-06,0
00005942,200,2022-03-15,0
00005943,200,2022-07-07,0
00005944,100,2023-04-27,0
00005945,200,2024-07-05,0
00005946,100,2025-01-09,0
00005947,100,2022-02-23,0
00005948,200,2023-07-17,0
00005949,50,2025-06-11,5000
00005950,200,2025-06-04,0
00005951,200,2025-01-14,0
00005952,500,2025-03-22,0
00005953,500,2024-10-15,0
00005954,100,2022-09-23,0
00005955,500,2023-02-06,0
00005956,50,2025-08-10,0
00005957,500,2022-01-02,0
00005958,100,2025-10-29,0
00005959,100,2024-01-26,1000
00005960,50,2025-09-20,0
00005961,150,2024-03-10,0
00005962,500,2023-11-11,0
00005963,500,2022-03-20,500
00005964,100,2023-07-27,0
00005965,100,2023-12-03,0
00005966,150,2023-05-30,0
00005967,500,2024-03-16,0
00005968,200,2023-02-06,0
00005969,500,2023-08-26,0
00005970,100,2025-07-22,0
00005971,500,2025-03-25,0
00005972,200,2023-04-01,0
00005973,100,2025-01-23,0
00005974,500,2022-07-31,0
00005975,100,2023-06-18,1000
00005976,100,2024-12-27,0
00005977,200,2022-12-31,0
00005978,150,2024-03-07,0
00005979,500,2022-12-18,0
00005980,500,2023-03-30,0
00005981,100,2023-12-05,0
00005982,150,2022-07-29,0
00005983,500,2022-08-06,0
00005984,200,2024-01-27,0
00005985,200,2024-11-28,0
00005986,200,2025-02-18,0
00005987,500,2023-10-19,0
00005988,150,2023-06-20,0
00005989,100,2023-09-20,0
00005990,50,2025-10-15,0
00005991,500,2022-06-02,0
00005992,50,2024-09-12,0
00005993,100,2022-04-07,0
00005994,150,2025-04-06,0
00005995,50,2022-06-26,0
00005996,100,2024-03-18,0
00005997,150,2023-08-25,0
00005998,150,2023-11-03,0
00005999,100,2022-12-22,0
00006000,100,2024-05-09,0
00006001,500,2022-07-19,0
00006002,200,2024-07-05,0
00006003,50,2022-02-02,0
00006004,150,2022-11-03,0
00006005,50,2023-08-04,0
00006006,50,2022-03-14,0
00006007,100,2024-07-24,0
00006008,500,2022-09-07,0
00006009,500,2024-08-26,0
00006010,500,2022-09-27,0
00006011,50,2023-07-11,0
00006012,100,2024-11-19,0
00006013,150,2024-04-03,0
00006014,100,2023-11-09,0
00006015,200,2024-05-02,2000
00006016,500,2024-11-03,0
00006017,200,2025-01-08,0
00006018,150,2022-12-10,0
00006019,150,2024-11-10,0
00006020,150,2025-01-13,0
00006021,500,2024-05-14,0
00006022,150,2025-12-30,0
00006023,150,2022-12-31,0
00006024,150,2025-06-12,0
00006025,50,2025-11-20,0
00006026,150,2022-02-22,0
00006027,50,2022-03-22,500
00006028,150,2025-08-02,0
00006029,100,2022-05-29,0
00006030,100,2025-08-09,0
00006031,50,2023-10-30,0
00006032,50,2023-03-03,500
00006033,200,2022-03-11,0
00006034,200,2025-02-11,0
00006035,50,2023-08-05,0
00006036,500,2024-12-10,0
00006037,200,2025-04-16,0
00006038,200,2022-10-23,0
00006039,100,2024-05-16,0
00006040,200,2023-08-23,0
00006041,100,2022-01-14,0
00006042,500,2025-12-12,0
00006043,150,2023-08-13,0
00006044,50,2024-12-12,0
00006045,100,2025-12-20,0
00006046,50,2022-10-01,0
00006047,50,2022-09-16,0
00006048,100,2025-08-14,1000
00006049,500,2022-07-09,500
00006050,50,2024-11-30,0
00006051,150,2024-09-29,0
00006052,500,2024-08-06,0
00006053,500,2022-12-05,0
00006054,200,2024-11-28,0
00006055,200,2022-12-29,0
00006056,150,2024-09-10,0
00006057,150,2024-01-14,0
00006058,150,2024-09-17,0
00006059,100,2025-03-15,0
00006060,150,2022-10-19,0
00006061,500,2025-10-03,0
00006062,200,2025-09-08,0
00006063,50,2024-03-14,250
00006064,200,2022-09-05,0
00006065,100,2022-05-10,0
00006066,100,2023-02-11,0
00006067,100,2025-03-02,0
00006068,100,2022-03-01,0
00006069,100,2022-11-14,0
00006070,500,2025-06-13,0
00006071,200,2022-12-17,0
00006072,200,2023-11-01,0
00006073,500,2022-06-04,0
00006074,100,2025-02-06,0
00006075,100,2022-12-08,0
00006076,150,2025-12-09,0
00006077,500,2025-01-11,0
00006078,500,2023-09-23,0
00006079,50,2024-09-28,0
00006080,200,2024-10-06,0
00006081,200,2023-08-17,0
00006082,50,2025-03-15,0
00006083,150,2025-03-28,0
00006084,200,2025-06-05,0
00006085,50,2023-01-05,0
00006086,500,2025-04-07,0
00006087,100,2025-03-15,0
00006088,50,2022-11-28,250
00006089,500,2024-08-17,0
00006090,200,2022-08-19,0
00006091,150,2022-10-11,0
00006092,500,2024-11-28,0
00006093,100,2022-02-27,0
00006094,50,2022-10-03,0
00006095,200,2022-04-22,0
00006096,100,2022-03-19,0
00006097,150,2025-02-09,0
00006098,200,2024-11-28,0
00006099,500,2024-06-16,0
00006100,100,2025-11-20,0
00006101,150,2025-09-28,0
00006102,100,2023-04-30,0
00006103,200,2022-05-05,0
00006104,50,2023-02-18,500
00006105,100,2024-03-05,0
00006106,500,2025-03-21,0
00006107,200,2022-05-17,0
00006108,100,2023-03-07,0
00006109,500,2022-07-11,2500
00006110,500,2022-12-09,0
00006111,500,2023-12-15,0
00006112,50,2023-09-13,0
00006113,150,2025-08-31,0
00006114,500,2023-01-30,2500
00006115,50,2025-03-26,0
00006116,200,2022-06-19,0
00006117,500,2024-10-20,500
00006118,100,2024-03-25,500
00006119,100,2022-08-25,0
00006120,50,2025-11-07,0
00006121,200,2024-04-19,0
00006122,100,2022-04-20,0
00006123,50,2022-08-26,0
00006124,200,2022-08-03,0
00006125,100,2022-03-27,0
00006126,50,2024-07-03,0
00006127,150,2025-09-17,0
00006128,500,2024-06-15,0
00006129,100,2025-06-29,0
00006130,100,2022-03-17,0
00006131,100,2024-06-02,0
00006132,100,2025-01-03,500
00006133,200,2025-08-25,0
00006134,150,2024-12-02,0
00006135,150,2022-12-27,0
00006136,150,2022-02-16,0
00006137,200,2025-07-04,0
00006138,150,2022-01-18,0
00006139,150,2022-10-03,0
00006140,150,2024-02-09,0
00006141,500,2023-02-01,0
00006142,150,2023-12-18,0
00006143,50,2025-09-03,250
00006144,500,2025-05-06,0
00006145,500,2024-10-13,0
00006146,50,2023-04-14,0
00006147,50,2022-10-18,0
00006148,200,2024-01-06,0
00006149,500,2024-01-21,0
00006150,100,2023-03-11,0
00006151,150,2022-06-03,0
00006152,100,2022-02-22,0
00006153,200,2022-04-21,0
00006154,150,2025-06-11,0
00006155,100,2025-02-15,0
00006156,50,2022-12-07,0
00006157,50,2024-06-26,0
00006158,50,2024-06-02,0
00006159,500,2022-02-15,0
00006160,100,2022-09-17,0
00006161,500,2025-08-24,0
00006162,50,2023-12-03,0
00006163,100,2025-11-02,0
00006164,50,2023-03-31,0
00006165,150,2022-03-08,0
00006166,50,2022-02-04,0
00006167,200,2024-10-13,0
00006168,200,2024-01-25,0
00006169,150,2025-06-29,15000
00006170,500,2025-10-18,0
00006171,150,2024-02-01,0
00006172,100,2023-05-20,0
00006173,50,2022-10-08,0
00006174,150,2024-08-03,0
00006175,50,2022-04-01,0
00006176,50,2024-11-19,0
00006177,100,2022-02-24,0
00006178,200,2025-02-08,0
00006179,200,2024-03-27,0
00006180,50,2024-09-28,0
00006181,500,2022-03-29,0
00006182,500,2022-07-19,0
00006183,150,2024-07-06,0
00006184,500,2022-03-04,0
00006185,50,2023-12-03,0
00006186,200,2022-06-22,0
00006187,50,2024-04-16,0
00006188,100,2022-04-21,0
00006189,100,2023-11-12,100
00006190,150,2024-01-10,0
00006191,150,2024-10-04,0
00006192,200,2022-12-25,0
00006193,100,2022-02-20,10000
00006194,100,2023-12-16,0
00006195,500,2025-10-17,0
00006196,200,2025-12-11,0
00006197,150,2024-10-13,150
00006198,500,2022-01-12,0
00006199,100,2025-05-28,0
00006200,200,2023-06-05,0
00006201,200,2024-06-13,0
00006202,50,2023-12-25,0
00006203,500,2023-05-08,0
00006204,200,2022-02-08,2000
00006205,200,2024-04-29,0
00006206,150,2023-11-08,0
00006207,50,2022-05-19,0
00006208,50,2024-07-04,0
00006209,200,2022-09-12,0
00006210,50,2022-02-10,0
00006211,150,2025-04-14,0
00006212,500,2022-05-20,0
00006213,500,2025-12-04,0
00006214,150,2025-03-21,750
00006215,50,2023-10-11,0
00006216,50,2023-06-08,0
00006217,500,2022-03-19,0
00006218,150,2025-08-17,0
00006219,200,2024-03-19,0
00006220,500,2024-10-06,0
00006221,50,2023-02-11,0
00006222,200,2025-11-04,0
00006223,200,2024-02-22,0
00006224,150,2022-07-29,0
00006225,200,2022-07-23,0
00006226,200,2023-08-11,0
00006227,200,2024-09-09,0
00006228,100,2023-04-23,0
00006229,150,2024-06-13,0
00006230,500,2025-10-03,0
00006231,150,2025-04-08,0
00006232,50,2025-06-04,0
00006233,50,2022-05-18,0
00006234,150,2022-12-05,0
00006235,100,2022-02-23,0
00006236,50,2024-11-21,0
00006237,500,2022-12-18,0
00006238,200,2022-04-23,0
00006239,50,2025-07-15,0
00006240,150,2022-07-14,0
00006241,500,2022-06-21,0
00006242,500,2025-03-16,0
00006243,500,2025-04-12,0
00006244,100,2022-08-18,10000
00006245,50,2025-01-05,0
00006246,500,2023-08-17,0
00006247,500,2022-03-04,0
00006248,50,2025-01-24,0
00006249,150,2023-09-15,0
00006250,100,2022-09-04,0
00006251,150,2024-12-04,0
00006252,100,2025-03-15,0
00006253,500,2024-02-05,0
00006254,50,2025-01-09,0
00006255,50,2023-06-16,0
00006256,200,2024-08-29,0
00006257,50,2023-01-04,0
00006258,200,2025-02-27,100000
00006259,200,2022-07-07,0
00006260,50,2022-11-20,0
00006261,200,2025-10-13,0
00006262,150,2022-12-05,0
00006263,200,2025-02-20,0
00006264,100,2024-08-06,0
00006265,200,2025-03-30,0
00006266,200,2025-09-23,0
00006267,150,2022-03-30,0
00006268,100,2022-08-30,0
00006269,50,2025-04-04,0
00006270,150,2024-05-24,100000
00006271,100,2022-12-29,0
00006272,500,2025-02-17,0
00006273,200,2023-12-27,0
00006274,200,2025-04-04,0
00006275,200,2023-01-08,0
00006276,50,2025-05-23,0
00006277,150,2025-06-02,0
00006278,500,2023-05-25,0
00006279,500,2024-05-29,50000
00006280,500,2023-10-02,0
00006281,200,2022-01-24,0
00006282,150,2022-07-29,0
00006283,100,2023-12-30,0
00006284,100,2025-07-14,0
00006285,500,2025-01-24,0
00006286,500,2025-03-21,0
00006287,100,2023-06-29,0
00006288,500,2025-11-27,0
00006289,500,2022-03-26,0
00006290,100,2023-06-14,0
00006291,100,2024-12-15,0
00006292,500,2022-05-20,0
00006293,500,2022-05-10,500
00006294,100,2022-08-20,0
00006295,100,2024-01-03,0
00006296,500,2025-08-03,0
00006297,100,2024-04-14,0
00006298,100,2024-08-31,0
00006299,50,2023-12-01,0
00006300,100,2022-03-31,0
00006301,150,2025-02-13,0
00006302,200,2023-11-12,0
00006303,50,2022-12-06,0
00006304,150,2023-09-11,0
00006305,150,2022-09-13,0
00006306,200,2023-10-14,0
00006307,100,2025-11-28,0
00006308,50,2025-03-07,0
00006309,50,2024-08-20,0
00006310,200,2022-05-14,0
00006311,100,2025-12-04,0
00006312,500,2025-03-19,0
00006313,50,2025-01-24,0
00006314,50,2024-03-31,0
00006315,500,2022-10-25,500
00006316,200,2023-07-09,0
00006317,50,2023-04-09,0
00006318,500,2023-01-14,0
00006319,200,2023-06-27,0
00006320,500,2025-09-20,0
00006321,100,2025-12-02,0
00006322,200,2025-11-27,0
00006323,200,2023-10-01,0
00006324,200,2025-03-07,0
00006325,50,2023-11-02,0
00006326,150,2023-10-05,0
00006327,50,2022-08-15,0
00006328,100,2025-05-11,0
00006329,50,2025-11-08,0
00006330,150,2023-05-20,0
00006331,200,2025-11-23,200
00006332,50,2024-08-29,50
00006333,100,2025-05-05,0
00006334,500,2024-03-19,0
00006335,150,2023-05-25,0
00006336,100,2022-07-24,0
00006337,150,2023-11-03,0
00006338,50,2024-02-16,0
00006339,50,2022-02-20,0
00006340,500,2023-09-09,0
00006341,150,2024-12-22,0
00006342,150,2023-01-02,15000
00006343,200,2025-10-29,0
00006344,500,2025-06-10,0
00006345,200,2024-04-20,20000
00006346,150,2022-11-28,1500
00006347,150,2024-05-17,0
00006348,200,2024-06-26,0
00006349,50,2025-03-15,0
00006350,150,2023-10-16,0
00006351,100,2024-11-03,0
00006352,50,2024-05-20,0
00006353,150,2023-06-13,0
00006354,200,2022-09-25,0
00006355,100,2024-05-07,0
00006356,150,2022-04-21,0
00006357,150,2025-05-21,0
00006358,100,2022-04-20,10000
00006359,100,2023-01-18,0
00006360,100,2023-08-26,0
00006361,200,2024-05-26,0
00006362,200,2025-11-22,0
00006363,150,2024-04-01,0
00006364,150,2025-06-09,150
00006365,50,2022-06-11,0
00006366,50,2022-07-09,0
00006367,500,2023-05-30,0
00006368,500,2025-08-02,0
00006369,50,2022-01-13,0
00006370,500,2022-01-31,0
00006371,500,2024-11-23,0
00006372,200,2025-12-27,0
00006373,500,2022-09-19,0
00006374,50,2022-12-21,0
00006375,150,2024-06-28,0
00006376,50,2023-07-14,0
00006377,200,2023-06-23,0
00006378,200,2022-06-05,0
00006379,50,2022-12-04,100000
00006380,150,2023-04-14,0
00006381,200,2023-12-02,0
00006382,150,2025-11-27,0
00006383,200,2024-12-26,100000
00006384,150,2025-07-25,0
00006385,150,2024-11-18,0
00006386,100,2022-09-10,0
00006387,100,2024-10-28,0
00006388,150,2024-01-12,0
00006389,150,2022-04-07,15000
00006390,150,2023-09-18,0
00006391,150,2025-08-28,0
00006392,100,2023-02-08,0
00006393,50,2022-08-17,0
00006394,100,2022-11-12,0
00006395,200,2023-08-08,0
00006396,500,2024-10-03,0
00006397,500,2022-06-23,0
00006398,200,2023-02-27,0
00006399,150,2025-08-14,0
00006400,100,2024-09-29,0
00006401,100,2025-02-10,0
00006402,100,2022-05-30,0
00006403,150,2022-01-26,0
00006404,50,2022-05-18,0
00006405,200,2023-05-21,0
00006406,150,2023-11-05,0
00006407,100,2022-03-09,0
00006408,100,2023-10-28,0
00006409,500,2022-10-24,0
00006410,100,2023-11-09,0
00006411,150,2022-01-25,150
00006412,500,2022-05-22,0
00006413,200,2024-06-21,0
00006414,150,2024-11-19,0
00006415,200,2023-12-09,0
00006416,150,2023-06-05,0
00006417,150,2023-06-20,0
00006418,50,2024-12-24,0
00006419,500,2024-01-11,0
00006420,200,2025-05-19,0
00006421,200,2025-12-13,0
00006422,50,2022-02-01,0
00006423,150,2023-05-09,0
00006424,50,2022-10-29,0
00006425,500,2024-11-15,0
00006426,500,2024-03-01,0
00006427,500,2025-04-01,0
00006428,500,2024-12-16,0
00006429,100,2025-11-15,0
00006430,150,2023-10-07,0
00006431,100,2024-09-08,0
00006432,200,2025-10-26,0
00006433,200,2023-04-22,200
00006434,500,2025-01-11,0
00006435,200,2025-12-26,0
00006436,150,2022-09-28,0
00006437,500,2025-08-21,0
00006438,200,2022-11-30,0
00006439,100,2025-03-09,0
00006440,100,2022-08-19,0
00006441,500,2024-10-20,2500
00006442,500,2023-03-07,0
00006443,500,2024-11-20,0
00006444,500,2025-02-14,0
00006445,100,2022-10-26,0
00006446,50,2022-01-31,0
00006447,100,2022-01-05,100000
00006448,200,2024-08-02,0
00006449,50,2022-04-03,0
00006450,500,2025-07-17,0
00006451,500,2025-10-17,0
00006452,200,2022-09-07,200
00006453,150,2023-01-23,0
00006454,50,2023-08-15,250
00006455,500,2023-08-16,0
00006456,100,2025-08-06,0
00006457,500,2024-11-11,0
00006458,200,2023-07-20,0
00006459,500,2025-08-06,0
00006460,150,2023-09-26,0
00006461,500,2023-10-10,0
00006462,50,2022-03-13,50
00006463,200,2024-04-07,0
00006464,50,2024-01-28,0
00006465,150,2023-11-06,0
00006466,500,2024-02-16,0
00006467,50,2023-11-10,50
00006468,200,2024-06-05,0
00006469,200,2024-05-14,0
00006470,50,2022-01-27,0
00006471,200,2024-01-30,0
00006472,50,2025-12-22,250
00006473,150,2022-01-04,0
00006474,500,2023-10-26,0
00006475,500,2025-04-26,0
00006476,500,2024-08-19,100000
00006477,50,2024-01-23,0
00006478,100,2024-05-30,0
00006479,100,2023-08-26,0
00006480,200,2024-12-30,0
00006481,500,2025-06-27,0
00006482,200,2025-05-27,0
00006483,50,2024-12-17,0
00006484,200,2025-02-16,0
00006485,500,2022-08-31,0
00006486,200,2025-06-12,200
00006487,150,2025-04-26,0
00006488,150,2024-07-17,0
00006489,500,2024-07-19,0
00006490,50,2025-11-20,0
00006491,100,2022-02-15,0
00006492,100,2024-06-02,0
00006493,150,2024-07-19,0
00006494,500,2025-03-28,0
00006495,100,2024-02-18,100
00006496,500,2022-01-12,0
00006497,500,2024-01-25,0
00006498,50,2024-08-02,0
00006499,500,2023-10-06,0
00006500,50,2024-08-01,0
00006501,150,2025-12-17,750
00006502,200,2023-08-31,0
00006503,100,2022-06-02,100000
00006504,100,2023-07-29,100000
00006505,200,2022-10-10,0
00006506,100,2022-11-30,0
00006507,200,2023-11-16,0
00006508,50,2024-07-09,500
00006509,150,2023-06-30,0
00006510,50,2025-02-07,0
00006511,150,2024-02-03,0
00006512,50,2023-10-16,0
00006513,500,2022-09-16,100000
00006514,100,2022-09-16,0
00006515,150,2024-10-14,0
00006516,500,2022-02-06,0
00006517,50,2022-05-10,0
00006518,100,2025-12-13,0
00006519,200,2023-07-18,0
00006520,200,2022-12-18,0
00006521,100,2023-07-25,0
00006522,200,2022-12-30,0
00006523,500,2025-06-05,0
00006524,150,2022-01-11,15000
00006525,500,2025-08-28,0
00006526,500,2023-01-10,0
00006527,150,2024-07-15,0
00006528,100,2024-05-09,100000
00006529,150,2022-01-13,0
00006530,50,2023-12-21,0
00006531,50,2022-07-07,0
00006532,150,2022-01-03,0
00006533,200,2022-08-12,0
00006534,50,2023-10-08,0
00006535,50,2022-03-31,0
00006536,100,2024-06-21,100000
00006537,100,2023-02-13,10000
00006538,50,2024-05-31,0
00006539,50,2022-01-10,0
00006540,150,2025-12-05,0
00006541,50,2024-10-29,0
00006542,150,2025-02-24,0
00006543,150,2023-04-10,0
00006544,100,2025-03-08,0
00006545,200,2025-04-29,0
00006546,100,2024-04-24,0
00006547,500,2023-06-11,0
00006548,200,2022-08-25,0
00006549,50,2025-07-02,0
00006550,500,2022-10-17,0
00006551,100,2023-09-29,0
00006552,50,2023-03-13,0
00006553,50,2022-03-14,0
00006554,50,2022-11-11,0
00006555,500,2025-09-21,0
00006556,100,2025-11-03,0
00006557,200,2023-08-31,0
00006558,150,2024-06-15,0
00006559,100,2023-11-22,0
00006560,100,2024-05-11,0
00006561,200,2023-07-14,0
00006562,200,2022-03-21,0
00006563,200,2023-02-01,0
00006564,100,2023-05-30,0
00006565,500,2024-10-27,0
00006566,150,2022-12-29,0
00006567,100,2024-02-23,0
00006568,150,2024-04-11,0
00006569,500,2022-04-08,0
00006570,50,2024-07-01,0
00006571,150,2025-12-14,1500
00006572,200,2025-06-23,0
00006573,50,2024-01-16,0
00006574,100,2023-02-26,0
00006575,50,2025-05-01,500
00006576,150,2022-08-08,1500
00006577,50,2025-09-26,0
00006578,50,2023-04-24,50
00006579,50,2024-08-05,0
00006580,200,2022-07-14,0
00006581,50,2022-10-19,0
00006582,150,2025-12-13,0
00006583,200,2022-04-21,0
00006584,100,2022-12-11,0
00006585,200,2025-06-25,0
00006586,100,2023-10-08,0
00006587,150,2025-12-01,0
00006588,100,2022-01-02,0
00006589,100,2023-01-09,0
00006590,150,2025-03-04,0
00006591,50,2022-01-22,0
00006592,200,2025-12-03,0
00006593,50,2023-10-17,0
00006594,100,2023-01-10,0
00006595,150,2025-09-02,0
00006596,500,2023-06-16,0
00006597,500,2023-11-27,5000
00006598,50,2024-10-05,5000
00006599,100,2022-09-22,0
00006600,500,2022-04-12,0
00006601,500,2025-10-12,0
00006602,50,2023-04-18,0
00006603,50,2022-04-09,5000
00006604,150,2025-10-19,0
00006605,150,2022-01-25,0
00006606,500,2022-08-31,5000
00006607,100,2022-03-06,0
00006608,200,2022-04-04,0
00006609,150,2022-05-12,1500
00006610,500,2022-07-12,0
00006611,150,2025-06-14,0
00006612,100,2025-01-22,0
00006613,100,2024-02-05,0
00006614,150,2022-10-28,15000
00006615,50,2022-03-10,5000
00006616,500,2025-03-28,500
00006617,200,2025-03-15,0
00006618,500,2022-05-01,50000
00006619,200,2024-09-04,0
00006620,100,2024-09-07,0
00006621,100,2023-03-23,0
00006622,500,2023-08-15,0
00006623,150,2023-04-06,15000
00006624,200,2024-07-27,0
00006625,100,2023-11-16,0
00006626,100,2022-11-26,0
00006627,50,2022-05-30,0
00006628,200,2023-10-04,0
00006629,200,2023-01-12,0
00006630,200,2025-01-05,0
00006631,500,2022-05-06,0
00006632,500,2025-12-09,0
00006633,100,2023-03-30,0
00006634,50,2022-05-23,50
00006635,500,2022-03-23,0
00006636,200,2025-10-18,1000
00006637,50,2025-07-28,0
00006638,500,2025-02-12,0
00006639,500,2023-06-03,0
00006640,100,2022-08-27,10000
00006641,200,2023-03-27,0
00006642,500,2022-01-14,0
00006643,150,2024-07-23,0
00006644,500,2025-02-13,0
00006645,500,2024-07-12,0
00006646,500,2023-01-17,100000
00006647,500,2024-05-17,0
00006648,200,2022-04-06,0
00006649,100,2024-05-08,0
00006650,100,2022-01-18,0
00006651,100,2024-07-26,0
00006652,500,2023-01-18,50000
00006653,200,2022-02-20,0
00006654,100,2022-01-03,0
00006655,50,2022-07-06,0
00006656,100,2023-04-08,0
00006657,500,2022-01-13,0
00006658,200,2025-12-05,0
00006659,50,2025-08-18,0
00006660,100,2022-05-19,0
00006661,500,2022-09-12,0
00006662,200,2022-01-09,0
00006663,500,2022-07-13,0
00006664,50,2024-10-27,0
00006665,500,2024-01-31,0
00006666,500,2022-06-17,0
00006667,150,2025-03-11,0
00006668,200,2022-12-09,0
00006669,50,2024-02-21,0
00006670,50,2025-12-22,500
00006671,100,2024-09-07,0
00006672,500,2023-03-19,50000
00006673,500,2022-11-13,0
00006674,500,2024-09-09,0
00006675,500,2023-07-20,0
00006676,150,2022-04-20,0
00006677,500,2022-10-10,0
00006678,200,2022-11-29,1000
00006679,500,2023-03-14,0
00006680,500,2022-09-19,0
00006681,100,2022-10-05,0
00006682,100,2022-05-02,0
00006683,150,2023-07-25,0
00006684,150,2025-09-03,0
00006685,100,2024-12-10,0
00006686,50,2024-05-13,0
00006687,150,2025-03-28,0
00006688,100,2025-12-06,500
00006689,50,2022-09-19,250
00006690,50,2023-07-22,0
00006691,100,2023-03-25,0
00006692,100,2024-06-17,0
00006693,100,2025-11-25,0
00006694,100,2024-02-03,0
00006695,50,2022-09-25,0
00006696,200,2023-11-19,0
00006697,200,2023-06-04,0
00006698,50,2025-10-29,0
00006699,50,2023-12-07,0
00006700,500,2023-04-18,0
00006701,200,2024-07-24,0
00006702,200,2025-04-12,100000
00006703,100,2022-09-28,0
00006704,50,2025-08-27,0
00006705,500,2022-07-03,0
00006706,50,2024-08-19,0
00006707,500,2022-03-25,0
00006708,100,2025-04-07,0
00006709,500,2023-03-23,0
00006710,50,2023-06-24,0
00006711,500,2023-07-20,50000
00006712,200,2022-11-29,0
00006713,50,2023-02-20,0
00006714,200,2024-09-24,200
00006715,150,2024-04-11,0
00006716,150,2024-05-05,0
00006717,200,2024-08-01,0
00006718,50,2024-02-24,0
00006719,200,2022-11-10,100000
00006720,200,2024-01-12,0
00006721,150,2025-04-05,0
00006722,150,2023-09-08,0
00006723,200,2024-06-02,0
00006724,100,2025-11-03,0
00006725,100,2023-04-06,0
00006726,150,2022-01-18,0
00006727,500,2024-02-11,0
00006728,100,2022-09-23,0
00006729,200,2022-10-03,0
00006730,50,2022-07-01,0
00006731,100,2023-06-08,0
00006732,200,2025-09-24,0
00006733,150,2025-09-02,0
00006734,150,2023-06-30,0
00006735,50,2025-10-22,0
00006736,500,2025-07-27,0
00006737,50,2024-12-29,0
00006738,500,2025-11-08,0
00006739,500,2024-04-14,0
00006740,100,2023-09-30,0
00006741,50,2025-09-09,0
00006742,200,2023-06-24,0
00006743,500,2023-11-25,0
00006744,100,2023-07-31,0
00006745,100,2024-01-19,0
00006746,150,2024-12-24,0
00006747,100,2023-06-18,0
00006748,50,2025-11-13,0
00006749,50,2025-12-17,0
00006750,500,2024-10-19,0
00006751,150,2023-07-01,0
00006752,200,2024-03-10,0
00006753,500,2025-10-14,0
00006754,150,2024-07-17,0
00006755,150,2025-07-25,0
00006756,100,2024-01-09,0
00006757,200,2024-01-30,0
00006758,150,2024-03-15,0
00006759,500,2024-10-26,0
00006760,50,2024-06-01,0
00006761,150,2022-09-17,1500
00006762,150,2024-01-28,150
00006763,500,2023-11-12,0
00006764,500,2023-09-20,0
00006765,150,2023-01-15,0
00006766,500,2022-10-20,0
00006767,150,2025-03-25,0
00006768,150,2024-07-03,0
00006769,100,2022-01-28,0
00006770,150,2022-10-07,0
00006771,500,2022-09-01,0
00006772,200,2022-09-08,0
00006773,150,2022-04-18,0
00006774,150,2025-08-25,0
00006775,100,2023-05-23,0
00006776,100,2024-04-30,0
00006777,150,2023-10-11,0
00006778,100,2022-04-25,0
00006779,200,2023-03-27,0
00006780,200,2023-04-08,0
00006781,50,2022-03-03,0
00006782,50,2024-10-12,0
00006783,150,2022-12-09,0
00006784,50,2022-06-12,0
00006785,500,2024-07-03,100000
00006786,150,2023-10-14,0
00006787,150,2025-09-09,0
00006788,100,2024-06-05,0
00006789,500,2024-08-01,0
00006790,200,2022-04-10,0
00006791,100,2025-08-09,0
00006792,50,2025-11-17,0
00006793,150,2022-10-30,0
00006794,200,2024-08-05,0
00006795,500,2024-05-30,0
00006796,150,2024-04-12,0
00006797,200,2022-01-07,0
00006798,50,2025-08-15,0
00006799,150,2022-11-09,0
00006800,500,2022-05-09,5000
00006801,150,2025-08-22,0
00006802,50,2022-03-16,250
00006803,200,2025-10-29,0
00006804,100,2022-05-15,0
00006805,150,2024-08-06,0
00006806,100,2022-09-03,0
00006807,500,2023-09-09,0
00006808,500,2025-11-18,0
00006809,100,2024-03-26,0
00006810,50,2024-10-09,0
00006811,50,2023-02-11,0
00006812,200,2025-06-28,0
00006813,100,2024-11-27,0
00006814,100,2022-02-24,0
00006815,100,2025-03-24,0
00006816,200,2023-05-20,0
00006817,150,2025-06-14,0
00006818,100,2023-04-26,0
00006819,100,2025-08-03,0
00006820,200,2023-04-10,0
00006821,100,2024-12-05,0
00006822,100,2022-01-03,0
00006823,200,2025-11-16,0
00006824,100,2023-12-27,0
00006825,100,2024-05-16,0
00006826,500,2023-12-18,0
00006827,200,2024-03-24,200
00006828,500,2024-07-29,2500
00006829,200,2025-05-28,0
00006830,50,2024-11-01,0
00006831,100,2024-02-20,100
00006832,200,2022-09-13,0
00006833,50,2023-12-27,0
00006834,500,2023-04-01,0
00006835,500,2025-10-20,0
00006836,100,2025-12-17,10000
00006837,200,2025-12-19,0
00006838,500,2023-06-13,0
00006839,200,2023-02-15,0
00006840,150,2022-09-26,0
00006841,100,2025-11-15,0
00006842,100,2022-11-27,0
00006843,500,2022-02-04,0
00006844,500,2023-08-22,0
00006845,100,2023-12-10,0
00006846,500,2022-11-12,0
00006847,100,2023-01-01,0
00006848,150,2024-04-09,750
00006849,500,2023-11-23,0
00006850,50,2024-03-08,0
00006851,200,2023-05-17,200
00006852,500,2022-04-24,0
00006853,200,2023-07-19,0
00006854,100,2022-01-13,0
00006855,150,2023-04-15,0
00006856,150,2022-09-07,0
00006857,150,2022-11-01,150
00006858,100,2024-02-29,0
00006859,50,2024-11-07,0
00006860,200,2023-04-15,0
00006861,200,2025-09-07,0
00006862,50,2023-10-05,0
00006863,200,2022-04-03,0
00006864,150,2025-03-10,750
00006865,50,2024-01-25,500
00006866,50,2022-06-08,0
00006867,150,2023-11-07,0
00006868,50,2025-03-12,0
00006869,50,2025-03-26,0
00006870,500,2023-03-10,0
00006871,200,2025-01-25,0
00006872,100,2022-05-04,0
00006873,50,2022-10-08,250
00006874,200,2022-11-21,0
00006875,50,2025-06-29,0
00006876,200,2022-07-16,0
00006877,50,2022-11-03,0
00006878,100,2025-03-16,0
00006879,200,2025-06-24,0
00006880,500,2025-03-06,0
00006881,200,2022-03-16,0
00006882,500,2024-08-29,0
00006883,100,2024-05-23,0
00006884,200,2023-04-19,100000
00006885,100,2022-09-28,0
00006886,200,2025-10-14,0
00006887,200,2023-11-26,0
00006888,500,2024-12-31,0
00006889,500,2024-05-10,0
00006890,100,2025-07-16,0
00006891,150,2023-02-20,0
00006892,50,2025-07-14,0
00006893,150,2023-09-25,0
00006894,500,2025-10-08,0
00006895,500,2025-07-28,0
00006896,100,2022-09-13,0
00006897,100,2022-09-05,0
00006898,150,2022-02-18,0
00006899,200,2024-02-14,0
00006900,150,2025-02-27,0
00006901,150,2024-09-09,150
00006902,50,2022-10-15,0
00006903,500,2024-08-08,0
00006904,150,2025-01-20,0
00006905,200,2024-10-13,0
00006906,500,2024-07-06,0
00006907,150,2022-07-02,0
00006908,100,2024-02-29,0
00006909,200,2025-11-15,0
00006910,150,2023-11-09,15000
00006911,100,2023-12-24,0
00006912,100,2024-08-21,0
00006913,500,2024-03-01,0
00006914,500,2024-05-23,0
00006915,200,2024-06-22,100000
00006916,150,2022-10-09,0
00006917,200,2023-04-02,0
00006918,50,2025-11-23,0
00006919,200,2022-01-17,0
00006920,150,2022-08-14,0
00006921,100,2024-08-05,0
00006922,100,2024-05-23,0
00006923,50,2023-10-06,0
00006924,500,2025-06-25,0
00006925,500,2023-11-18,0
00006926,150,2023-07-31,0
00006927,200,2023-05-23,0
00006928,150,2023-06-21,0
00006929,150,2023-03-30,0
00006930,150,2022-05-30,0
00006931,150,2025-06-07,0
00006932,500,2025-05-20,0
00006933,500,2023-05-12,0
00006934,150,2023-07-19,0
00006935,150,2023-04-09,0
00006936,150,2024-04-19,0
00006937,500,2025-10-16,0
00006938,500,2022-12-17,0
00006939,50,2025-04-30,0
00006940,200,2022-09-20,0
00006941,200,2023-03-24,0
00006942,500,2025-08-08,0
00006943,500,2025-04-08,0
00006944,150,2022-07-24,0
00006945,50,2022-01-17,0
00006946,500,2024-07-01,0
00006947,100,2022-08-24,0
00006948,50,2024-09-07,0
00006949,500,2023-12-14,0
00006950,200,2024-01-29,0
00006951,500,2022-09-28,0
00006952,100,2022-03-18,0
00006953,50,2023-09-11,0
00006954,200,2023-09-16,0
00006955,50,2022-10-31,0
00006956,100,2025-03-06,100
00006957,100,2023-12-30,0
00006958,50,2023-02-22,0
00006959,200,2023-11-14,0
00006960,150,2024-12-18,0
00006961,200,2023-01-25,0
00006962,150,2025-07-10,0
00006963,200,2022-01-05,0
00006964,200,2022-06-11,0
00006965,500,2023-03-24,0
00006966,150,2025-12-16,0
00006967,150,2023-01-23,0
00006968,150,2024-03-23,0
00006969,50,2022-05-29,0
00006970,500,2025-02-01,0
00006971,100,2023-08-31,0
00006972,100,2024-04-14,0
00006973,100,2022-03-10,0
00006974,100,2023-09-27,0
00006975,100,2023-06-27,0
00006976,50,2022-02-08,0
00006977,200,2025-04-01,0
00006978,200,2025-01-11,0
00006979,50,2025-02-04,0
00006980,150,2025-12-26,0
00006981,100,2025-03-11,0
00006982,200,2025-04-08,0
00006983,100,2025-09-01,10000
00006984,200,2023-08-09,2000
00006985,100,2022-03-18,0
00006986,150,2022-04-30,0
00006987,500,2024-01-21,0
00006988,100,2022-11-28,0
00006989,500,2023-07-29,0
00006990,150,2023-01-07,0
00006991,150,2022-11-23,0
00006992,100,2024-12-01,0
00006993,500,2023-04-24,500
00006994,100,2023-11-08,0
00006995,50,2023-03-18,0
00006996,50,2023-04-16,250
00006997,150,2024-04-16,0
00006998,50,2025-11-18,0
00006999,200,2024-07-23,0
00007000,50,2024-06-15,0
00007001,100,2024-09-06,0
00007002,150,2023-10-08,0
00007003,50,2022-12-22,0
00007004,150,2023-03-08,750
00007005,100,2025-04-06,0
00007006,150,2024-09-25,0
00007007,50,2023-03-20,0
00007008,100,2022-04-06,0
00007009,150,2024-07-27,100000
00007010,50,2022-07-06,0
00007011,100,2022-12-01,0
00007012,100,2023-08-23,1000
00007013,50,2024-06-18,0
00007014,200,2023-06-15,0
00007015,500,2024-08-05,0
00007016,50,2024-09-02,0
00007017,200,2023-10-20,0
00007018,200,2022-08-05,0
00007019,500,2023-01-10,0
00007020,50,2024-03-02,0
00007021,500,2023-04-11,0
00007022,200,2022-11-12,0
00007023,200,2025-07-12,0
00007024,500,2022-05-12,0
00007025,150,2025-05-11,100000
00007026,150,2024-02-29,0
00007027,500,2023-08-01,0
00007028,500,2022-10-29,0
00007029,200,2023-05-26,0
00007030,200,2025-03-20,0
00007031,50,2023-01-17,50
00007032,50,2022-04-07,0
00007033,200,2024-11-17,2000
00007034,500,2024-05-01,0
00007035,500,2022-04-13,0
00007036,50,2024-07-19,0
00007037,200,2023-08-20,0
00007038,100,2025-05-10,0
00007039,50,2025-04-18,0
00007040,500,2023-05-31,0
00007041,100,2025-05-10,0
00007042,50,2024-10-08,0
00007043,100,2022-10-19,0
00007044,200,2023-06-06,0
00007045,500,2024-07-19,0
00007046,50,2024-01-09,0
00007047,100,2022-10-23,0
00007048,100,2024-02-11,0
00007049,150,2025-04-25,0
00007050,200,2023-01-29,0
00007051,50,2025-11-18,0
00007052,100,2023-02-19,0
00007053,150,2023-09-11,0
00007054,50,2023-09-17,0
00007055,500,2024-10-19,0
00007056,500,2023-11-09,50000
00007057,50,2022-12-07,500
00007058,500,2025-10-31,0
00007059,500,2025-11-02,0
00007060,500,2023-10-04,0
00007061,200,2024-10-14,0
00007062,100,2024-03-24,0
00007063,100,2022-11-24,0
00007064,500,2023-10-11,0
00007065,150,2023-01-14,0
00007066,200,2024-08-29,0
00007067,100,2022-11-24,0
00007068,500,2022-11-11,500
00007069,200,2023-12-17,0
00007070,100,2025-05-23,0
00007071,150,2025-03-18,0
00007072,100,2022-11-06,0
00007073,50,2022-05-27,0
00007074,200,2023-03-24,100000
00007075,150,2023-10-09,0
00007076,500,2024-04-03,0
00007077,100,2024-08-06,0
00007078,100,2025-08-15,0
00007079,500,2023-08-31,0
00007080,100,2022-03-29,0
00007081,50,2023-11-18,0
00007082,500,2024-11-19,100000
00007083,150,2022-07-18,0
00007084,50,2023-04-02,0
00007085,50,2022-03-31,0
00007086,500,2023-04-05,0
00007087,100,2022-05-12,0
00007088,50,2022-12-29,0
00007089,50,2022-12-21,0
00007090,150,2023-08-30,0
00007091,50,2025-12-27,0
00007092,100,2024-06-10,0
00007093,500,2024-10-19,0
00007094,150,2022-01-18,0
00007095,500,2022-08-13,0
00007096,150,2025-02-13,0
00007097,200,2023-09-26,0
00007098,100,2025-10-11,10000
00007099,100,2025-03-13,0
00007100,200,2024-06-24,0
00007101,200,2023-05-16,0
00007102,500,2023-11-02,0
00007103,200,2025-07-30,0
00007104,200,2023-09-29,0
00007105,50,2025-05-05,0
00007106,100,2023-03-22,0
00007107,100,2022-08-17,0
00007108,200,2022-10-24,0
00007109,100,2023-01-10,100
00007110,50,2023-08-06,0
00007111,150,2024-12-25,0
00007112,50,2023-07-31,0
00007113,500,2025-03-09,0
00007114,50,2022-07-04,0
00007115,500,2024-07-03,0
00007116,200,2025-04-19,0
00007117,500,2023-07-23,0
00007118,500,2022-07-17,0
00007119,500,2025-12-01,0
00007120,500,2022-02-10,50000
00007121,200,2024-04-19,1000
00007122,50,2022-05-08,250
00007123,100,2025-01-09,0
00007124,500,2024-03-22,0
00007125,50,2022-01-08,0
00007126,50,2023-10-31,0
00007127,150,2023-05-16,0
00007128,100,2025-01-31,0
00007129,150,2025-02-06,0
00007130,200,2025-06-15,0
00007131,500,2025-06-06,50000
00007132,200,2024-12-29,0
00007133,100,2024-07-25,0
00007134,100,2023-04-11,0
00007135,500,2023-02-28,0
00007136,500,2025-06-02,0
00007137,100,2023-03-16,0
00007138,200,2022-06-20,0
00007139,50,2025-07-16,0
00007140,200,2022-12-29,0
00007141,50,2023-05-23,0
00007142,150,2022-08-11,150
00007143,100,2022-11-14,0
00007144,100,2023-02-16,0
00007145,500,2022-11-09,100000
00007146,500,2023-04-04,0
00007147,100,2024-08-02,0
00007148,50,2024-12-18,0
00007149,50,2024-04-11,0
00007150,200,2024-10-06,0
00007151,50,2024-05-15,0
00007152,150,2025-04-06,0
00007153,500,2024-12-06,0
00007154,150,2023-05-22,0
00007155,500,2022-09-18,0
00007156,200,2024-04-19,0
00007157,500,2025-11-23,0
00007158,500,2024-05-08,0
00007159,500,2025-08-10,0
00007160,150,2023-12-18,0
00007161,100,2025-10-15,500
00007162,200,2024-02-11,0
00007163,200,2024-12-29,0
00007164,100,2025-06-06,0
00007165,500,2022-07-12,0
00007166,200,2023-02-23,0
00007167,500,2025-04-29,0
00007168,100,2023-12-05,0
00007169,500,2023-07-13,0
00007170,50,2024-06-29,0
00007171,100,2025-04-01,0
00007172,50,2024-06-30,0
00007173,200,2022-10-20,0
00007174,200,2024-05-16,0
00007175,150,2022-05-09,0
00007176,500,2025-06-21,0
00007177,50,2025-02-25,100000
00007178,200,2023-09-21,0
00007179,200,2023-06-07,0
00007180,500,2025-03-15,0
00007181,150,2022-06-04,0
00007182,100,2025-05-30,0
00007183,150,2022-08-19,0
00007184,100,2023-08-15,0
00007185,500,2025-07-14,0
00007186,200,2025-04-05,0
00007187,500,2022-08-07,0
00007188,150,2025-04-11,0
00007189,150,2023-08-17,0
00007190,500,2022-12-08,0
00007191,500,2024-03-18,0
00007192,150,2022-12-17,0
00007193,50,2022-12-02,0
00007194,200,2022-03-22,0
00007195,150,2025-02-06,0
00007196,50,2022-02-07,0
00007197,100,2023-07-09,0
00007198,150,2024-01-05,0
00007199,100,2022-01-02,0
00007200,500,2025-03-19,0
00007201,50,2023-11-07,0
00007202,500,2025-02-02,0
00007203,500,2024-08-28,0
00007204,50,2025-02-07,0
00007205,100,2022-01-30,0
00007206,200,2024-01-29,0
00007207,50,2022-01-02,0
00007208,150,2024-03-10,0
00007209,200,2022-07-28,0
00007210,500,2023-12-30,0
00007211,50,2024-01-03,0
00007212,50,2025-02-16,0
00007213,500,2023-01-28,0
00007214,500,2025-09-23,0
00007215,150,2024-06-03,0
00007216,50,2024-10-26,0
00007217,50,2025-08-31,0
00007218,200,2022-11-28,0
00007219,50,2022-03-05,0
00007220,100,2024-05-25,0
00007221,50,2022-04-08,0
00007222,150,2023-09-13,0
00007223,150,2022-09-27,0
00007224,50,2024-03-16,0
00007225,150,2024-05-14,0
00007226,200,2024-02-06,0
00007227,50,2024-02-13,0
00007228,100,2022-08-28,0
00007229,150,2025-06-05,0
00007230,200,2022-10-08,0
00007231,200,2023-01-01,0
00007232,100,2022-09-13,0
00007233,150,2023-04-29,0
00007234,150,2024-06-19,0
00007235,150,2024-10-18,0
00007236,200,2023-09-14,0
00007237,150,2024-02-02,0
00007238,500,2024-06-14,0
00007239,50,2023-04-20,0
00007240,150,2022-01-13,0
00007241,50,2022-10-08,0
00007242,150,2023-03-23,0
00007243,500,2022-04-26,2500
00007244,200,2022-09-19,0
00007245,50,2022-05-20,0
00007246,200,2023-05-01,0
00007247,100,2025-07-21,0
00007248,200,2022-11-18,0
00007249,150,2025-01-02,0
00007250,100,2025-06-18,0
00007251,150,2025-12-29,0
00007252,500,2023-10-28,0
00007253,500,2025-10-01,0
00007254,150,2022-10-14,0
00007255,150,2022-07-27,0
00007256,500,2023-11-03,0
00007257,500,2022-06-22,0
00007258,50,2023-11-20,0
00007259,500,2025-07-28,5000
00007260,500,2022-07-09,0
00007261,200,2023-09-22,0
00007262,100,2024-01-20,0
00007263,150,2022-10-17,0
00007264,500,2023-08-29,0
00007265,200,2022-09-01,0
00007266,150,2025-12-09,0
00007267,500,2024-07-29,0
00007268,150,2025-05-20,0
00007269,150,2023-04-19,0
00007270,500,2022-03-04,0
00007271,50,2024-12-21,0
00007272,50,2022-05-21,0
00007273,100,2025-08-12,0
00007274,500,2023-01-09,0
00007275,50,2024-11-16,0
00007276,500,2022-12-25,0
00007277,500,2022-05-20,0
00007278,100,2024-09-09,0
00007279,100,2022-01-20,0
00007280,500,2024-06-09,0
00007281,50,2023-10-04,0
00007282,200,2025-11-17,0
00007283,150,2025-09-15,0
00007284,150,2023-04-09,0
00007285,500,2022-04-13,0
00007286,500,2022-08-08,0
00007287,200,2023-01-21,0
00007288,200,2024-10-13,20000
00007289,200,2024-02-15,0
00007290,500,2024-03-25,0
00007291,50,2023-09-28,0
00007292,200,2022-10-07,0
00007293,500,2023-06-11,0
00007294,200,2023-06-21,0
00007295,150,2022-04-18,0
00007296,500,2025-04-14,0
00007297,50,2022-08-18,100000
00007298,500,2023-11-28,0
00007299,500,2022-02-04,0
00007300,100,2025-11-01,0
00007301,100,2022-07-14,0
00007302,500,2025-05-02,0
00007303,500,2023-08-18,0
00007304,100,2025-08-25,0
00007305,150,2024-11-19,0
00007306,150,2025-06-22,0
00007307,500,2024-07-26,0
00007308,200,2022-12-16,0
00007309,150,2024-10-01,0
00007310,500,2023-12-15,0
00007311,100,2024-11-27,0
00007312,500,2022-04-16,0
00007313,50,2024-06-22,0
00007314,200,2025-01-08,0
00007315,50,2022-10-09,0
00007316,500,2023-01-20,0
00007317,200,2022-06-17,0
00007318,150,2025-04-04,0
00007319,150,2023-11-05,0
00007320,150,2023-02-27,0
00007321,100,2024-12-07,0
00007322,500,2022-08-03,2500
00007323,50,2023-03-06,0
00007324,150,2024-06-08,0
00007325,50,2022-06-17,0
00007326,500,2024-10-03,0
00007327,50,2023-07-18,0
00007328,150,2025-03-26,150
00007329,500,2025-09-06,0
00007330,500,2025-07-14,0
00007331,50,2024-06-30,0
00007332,50,2024-01-29,0
00007333,500,2024-05-20,0
00007334,500,2023-03-02,0
00007335,150,2022-07-03,0
00007336,150,2024-10-30,0
00007337,50,2024-08-09,0
00007338,50,2025-10-01,0
00007339,100,2025-10-10,0
00007340,50,2022-09-07,0
00007341,500,2022-06-13,100000
00007342,100,2025-03-20,0
00007343,150,2022-10-03,0
00007344,150,2023-12-17,0
00007345,200,2022-03-28,0
00007346,500,2023-11-03,0
00007347,50,2024-10-25,0
00007348,50,2023-08-04,0
00007349,100,2023-09-06,0
00007350,200,2023-02-28,0
00007351,150,2025-11-28,0
00007352,500,2024-10-13,0
00007353,200,2022-10-14,0
00007354,50,2023-03-21,0
00007355,500,2025-05-12,0
00007356,100,2023-03-05,0
00007357,500,2022-05-04,0
00007358,150,2025-01-20,0
00007359,200,2022-07-05,0
00007360,150,2024-07-11,0
00007361,50,2025-08-25,0
00007362,200,2024-02-09,0
00007363,200,2025-03-09,0
00007364,150,2022-08-25,0
00007365,150,2023-05-20,0
00007366,500,2022-03-29,0
00007367,500,2023-05-07,0
00007368,100,2024-07-24,500
00007369,500,2025-05-02,0
00007370,200,2024-04-19,1000
00007371,150,2022-12-29,0
00007372,200,2023-06-07,0
00007373,200,2022-06-06,200
00007374,500,2025-11-27,0
00007375,150,2025-07-23,0
00007376,150,2025-01-01,0
00007377,150,2024-04-18,0
00007378,50,2024-02-04,0
00007379,50,2023-01-22,0
00007380,500,2022-01-03,0
00007381,100,2022-01-17,0
00007382,200,2024-05-09,0
00007383,100,2024-11-08,0
00007384,150,2025-07-21,0
00007385,150,2024-07-17,0
00007386,500,2023-04-16,0
00007387,100,2022-02-14,0
00007388,500,2022-04-02,0
00007389,200,2023-06-17,0
00007390,500,2025-07-07,0
00007391,50,2025-03-12,0
00007392,500,2025-01-03,0
00007393,150,2025-06-10,0
00007394,150,2023-10-18,0
00007395,150,2022-08-18,0
00007396,100,2023-11-05,0
00007397,200,2022-10-06,0
00007398,50,2024-07-17,0
00007399,100,2022-02-13,0
00007400,200,2025-02-06,0
00007401,50,2022-08-05,0
00007402,150,2022-03-13,0
00007403,100,2025-04-24,0
00007404,500,2022-05-14,0
00007405,100,2025-01-28,0
00007406,150,2024-11-14,0
00007407,100,2023-03-16,0
00007408,200,2024-07-09,2000
00007409,50,2023-04-22,0
00007410,500,2022-01-26,0
00007411,50,2023-12-16,0
00007412,200,2022-02-17,0
00007413,100,2024-03-21,0
00007414,150,2022-12-08,0
00007415,150,2022-05-19,0
00007416,100,2023-04-22,0
00007417,500,2022-03-13,0
00007418,150,2024-07-11,0
00007419,50,2023-07-04,0
00007420,50,2022-02-10,5000
00007421,500,2025-12-13,0
00007422,500,2023-03-17,0
00007423,150,2023-05-07,0
00007424,50,2022-05-02,0
00007425,500,2023-09-26,2500
00007426,100,2023-07-22,0
00007427,200,2022-02-27,0
00007428,500,2024-08-30,0
00007429,200,2023-06-08,0
00007430,500,2024-04-13,0
00007431,100,2024-02-04,10000
00007432,150,2022-10-23,0
00007433,50,2023-06-27,0
00007434,100,2022-12-20,0
00007435,50,2024-12-28,0
00007436,50,2022-03-14,0
00007437,200,2024-12-12,0
00007438,200,2023-03-17,200
00007439,100,2025-01-23,0
00007440,100,2022-04-25,0
00007441,100,2022-03-13,1000
00007442,100,2024-03-11,0
00007443,200,2022-10-05,2000
00007444,100,2024-04-18,0
00007445,500,2022-03-05,50000
00007446,200,2025-05-23,0
00007447,50,2022-07-16,0
00007448,100,2023-11-15,0
00007449,500,2022-01-26,50000
00007450,100,2025-06-14,0
00007451,100,2022-03-12,0
00007452,100,2022-11-25,500
00007453,500,2024-02-19,0
00007454,500,2024-08-25,0
00007455,200,2024-10-12,0
00007456,50,2022-02-21,0
00007457,150,2023-10-10,0
00007458,150,2024-04-14,0
00007459,200,2022-08-16,0
00007460,500,2022-05-21,0
00007461,50,2024-07-20,0
00007462,100,2024-04-13,500
00007463,100,2023-09-10,0
00007464,100,2023-01-12,0
00007465,50,2025-08-19,0
00007466,100,2023-12-03,0
00007467,500,2023-07-07,0
00007468,100,2025-09-22,0
00007469,500,2023-07-11,0
00007470,200,2024-08-29,0
00007471,200,2025-06-17,1000
00007472,200,2025-08-06,0
00007473,150,2022-07-13,0
00007474,100,2024-08-21,0
00007475,200,2025-05-19,0
00007476,500,2022-02-19,0
00007477,100,2023-07-08,0
00007478,150,2025-04-11,0
00007479,50,2024-02-22,50
00007480,50,2025-03-23,0
00007481,150,2025-01-04,0
00007482,50,2022-12-16,0
00007483,500,2024-04-08,0
00007484,150,2025-05-27,0
00007485,200,2023-06-07,0
00007486,200,2024-11-18,0
00007487,100,2023-03-15,0
00007488,50,2022-01-20,0
00007489,150,2023-10-01,0
00007490,50,2024-11-12,0
00007491,200,2025-09-08,0
00007492,50,2025-03-02,0
00007493,50,2024-10-01,0
00007494,500,2022-09-25,5000
00007495,50,2022-04-14,0
00007496,500,2023-02-17,0
00007497,100,2023-02-09,0
00007498,100,2023-07-25,0
00007499,500,2024-06-14,0
00007500,50,2024-10-29,0
00007501,100,2025-03-21,0
00007502,200,2023-10-15,0
00007503,100,2022-10-31,0
00007504,50,2022-12-11,250
00007505,100,2024-10-03,0
00007506,100,2022-01-30,0
00007507,150,2022-01-04,0
00007508,100,2022-01-05,100
00007509,500,2024-11-28,0
00007510,150,2024-04-05,0
00007511,500,2022-08-16,0
00007512,50,2024-11-23,0
00007513,500,2022-07-04,0
00007514,50,2024-04-11,0
00007515,50,2025-04-02,0
00007516,50,2024-02-27,0
00007517,100,2023-04-27,0
00007518,200,2023-02-17,0
00007519,500,2025-10-10,0
00007520,500,2024-07-30,0
00007521,500,2022-04-02,0
00007522,500,2023-11-21,0
00007523,50,2025-01-26,0
00007524,150,2024-03-06,0
00007525,50,2022-02-17,0
00007526,500,2024-11-20,0
00007527,100,2023-05-26,0
00007528,50,2023-05-16,0
00007529,50,2022-07-16,0
00007530,50,2023-10-14,100000
00007531,500,2025-08-15,0
00007532,150,2023-11-07,0
00007533,500,2023-09-25,0
00007534,50,2023-01-23,0
00007535,50,2022-05-21,0
00007536,150,2023-05-05,0
00007537,200,2022-03-03,0
00007538,200,2025-03-23,0
00007539,150,2023-08-04,0
00007540,150,2024-04-08,0
00007541,100,2022-04-20,100000
00007542,100,2023-07-01,0
00007543,50,2022-10-13,0
00007544,500,2022-07-07,0
00007545,100,2022-10-10,0
00007546,500,2024-07-03,0
00007547,150,2022-01-03,0
00007548,200,2022-10-16,2000
00007549,500,2022-05-24,0
00007550,150,2022-10-06,0
00007551,150,2025-07-28,0
00007552,200,2023-10-01,0
00007553,100,2023-12-07,0
00007554,50,2022-01-18,0
00007555,100,2025-06-23,100000
00007556,100,2025-02-03,0
00007557,50,2025-01-29,0
00007558,200,2022-05-23,0
00007559,150,2023-12-10,0
00007560,150,2025-09-25,0
00007561,200,2022-08-23,0
00007562,50,2024-08-09,0
00007563,100,2022-04-24,0
00007564,200,2022-02-18,1000
00007565,500,2023-05-12,0
00007566,200,2022-06-27,1000
00007567,100,2022-09-18,0
00007568,200,2022-05-21,0
00007569,100,2022-03-02,0
00007570,150,2024-12-26,0
00007571,50,2024-10-16,0
00007572,200,2023-10-28,0
00007573,150,2023-10-02,0
00007574,50,2023-09-18,0
00007575,100,2024-06-19,0
00007576,100,2025-07-22,0
00007577,50,2022-08-08,0
00007578,150,2023-04-30,15000
00007579,100,2023-09-26,0
00007580,100,2023-06-16,0
00007581,500,2024-05-13,50000
00007582,500,2022-12-13,0
00007583,150,2022-07-27,0
00007584,100,2024-07-28,0
00007585,100,2024-03-18,0
00007586,50,2024-11-09,0
00007587,200,2025-12-11,0
00007588,150,2025-12-02,0
00007589,100,2022-09-24,0
00007590,50,2025-06-26,0
00007591,200,2025-01-22,0
00007592,150,2025-07-01,0
00007593,200,2022-06-14,0
00007594,500,2022-05-04,0
00007595,150,2022-01-31,150
00007596,500,2023-09-14,0
00007597,200,2023-09-10,0
00007598,100,2023-04-27,0
00007599,150,2023-03-06,0
00007600,150,2024-05-08,0
00007601,200,2025-01-26,0
00007602,50,2022-11-05,5000
00007603,150,2025-05-23,0
00007604,150,2022-12-02,0
00007605,500,2022-12-19,50000
00007606,150,2023-08-03,0
00007607,50,2022-09-11,0
00007608,500,2024-10-06,0
00007609,500,2025-02-01,2500
00007610,200,2023-05-26,20000
00007611,100,2023-09-21,0
00007612,500,2023-08-12,0
00007613,500,2023-01-02,0
00007614,500,2024-11-24,0
00007615,200,2025-01-04,20000
00007616,200,2023-06-16,0
00007617,50,2023-12-13,0
00007618,50,2022-03-31,0
00007619,100,2024-01-30,0
00007620,150,2022-06-18,0
00007621,100,2023-05-22,0
00007622,50,2025-12-21,0
00007623,150,2025-06-05,0
00007624,500,2024-05-18,2500
00007625,200,2022-10-19,0
00007626,500,2024-02-28,500
00007627,100,2022-12-01,500
00007628,50,2025-05-02,0
00007629,500,2025-06-29,0
00007630,50,2022-06-14,500
00007631,50,2022-01-28,0
00007632,200,2022-08-28,0
00007633,200,2022-07-22,0
00007634,200,2025-08-28,0
00007635,50,2022-08-03,0
00007636,200,2022-11-15,0
00007637,150,2025-11-01,0
00007638,50,2024-11-05,0
00007639,500,2025-08-20,0
00007640,200,2024-12-08,0
00007641,150,2022-01-20,0
00007642,50,2023-02-26,0
00007643,150,2023-04-03,0
00007644,100,2025-12-17,0
00007645,200,2022-12-07,0
00007646,200,2024-12-06,0
00007647,200,2022-10-09,0
00007648,500,2022-04-26,0
00007649,200,2022-08-18,0
00007650,50,2024-05-23,100000
00007651,50,2025-06-14,0
00007652,100,2022-09-23,0
00007653,500,2025-04-19,0
00007654,200,2023-05-30,0
00007655,50,2025-01-01,0
00007656,150,2023-04-10,15000
00007657,500,2022-08-06,0
00007658,50,2023-01-08,0
00007659,500,2022-01-31,0
00007660,500,2024-01-21,0
00007661,200,2024-10-22,1000
00007662,150,2025-10-02,0
00007663,100,2022-10-04,0
00007664,200,2023-01-17,0
00007665,50,2024-03-11,0
00007666,200,2025-05-18,0
00007667,200,2025-02-03,0
00007668,200,2023-06-16,0
00007669,200,2022-02-10,0
00007670,200,2025-10-29,0
00007671,50,2024-06-13,0
00007672,50,2023-05-19,0
00007673,150,2025-11-28,0
00007674,100,2022-07-03,0
00007675,50,2024-04-12,0
00007676,100,2024-03-06,10000
00007677,50,2023-03-22,0
00007678,50,2025-08-21,0
00007679,150,2022-11-17,0
00007680,100,2025-12-10,0
00007681,50,2025-06-23,0
00007682,100,2025-03-29,0
00007683,500,2023-08-23,0
00007684,100,2022-02-18,100
00007685,200,2025-05-15,0
00007686,50,2022-02-01,0
00007687,100,2022-04-06,0
00007688,150,2022-05-26,0
00007689,150,2025-01-31,0
00007690,150,2024-04-07,0
00007691,100,2023-04-19,0
00007692,500,2023-11-07,0
00007693,500,2022-07-05,5000
00007694,50,2022-08-31,0
00007695,150,2024-10-18,0
00007696,100,2024-10-01,0
00007697,500,2024-05-19,0
00007698,50,2023-10-18,0
00007699,500,2023-11-22,0
00007700,50,2022-10-08,0
00007701,50,2024-07-08,0
00007702,150,2022-07-21,0
00007703,500,2024-02-02,0
00007704,200,2024-11-03,2000
00007705,150,2022-11-13,0
00007706,50,2025-10-07,0
00007707,200,2022-11-26,0
00007708,200,2022-02-08,0
00007709,150,2024-06-10,0
00007710,150,2023-07-28,0
00007711,200,2024-08-17,0
00007712,150,2022-05-13,0
00007713,50,2024-08-01,0
00007714,500,2024-08-07,0
00007715,200,2023-06-24,0
00007716,200,2024-12-24,0
00007717,100,2024-09-12,0
00007718,50,2023-03-20,500
00007719,150,2023-04-13,0
00007720,100,2024-06-24,0
00007721,50,2023-09-10,0
00007722,150,2025-12-16,0
00007723,100,2024-02-25,100000
00007724,100,2023-11-12,0
00007725,200,2025-11-04,0
00007726,100,2024-07-12,0
00007727,500,2023-09-07,0
00007728,200,2024-05-03,0
00007729,100,2022-01-22,0
00007730,200,2025-10-31,0
00007731,200,2022-05-19,0
00007732,100,2023-11-24,0
00007733,500,2024-04-01,0
00007734,100,2024-01-04,0
00007735,100,2024-12-19,0
00007736,500,2024-08-31,0
00007737,200,2025-10-07,0
00007738,150,2024-11-24,0
00007739,500,2024-03-16,0
00007740,100,2022-12-28,1000
00007741,150,2023-04-27,0
00007742,150,2022-02-22,0
00007743,500,2022-10-24,0
00007744,500,2024-05-06,0
00007745,150,2025-05-05,0
00007746,200,2023-06-12,0
00007747,150,2023-01-28,0
00007748,150,2024-04-22,0
00007749,200,2024-10-21,0
00007750,200,2024-10-20,0
00007751,150,2023-06-06,0
00007752,50,2025-04-16,0
00007753,50,2023-05-10,0
00007754,500,2023-06-16,0
00007755,100,2024-09-03,0
00007756,200,2022-09-24,0
00007757,100,2023-01-05,500
00007758,100,2025-08-10,0
00007759,50,2022-08-06,0
00007760,200,2024-01-30,0
00007761,200,2024-05-22,0
00007762,200,2022-08-07,0
00007763,50,2023-08-27,0
00007764,500,2024-02-01,0
00007765,150,2025-02-05,0
00007766,500,2023-04-22,2500
00007767,50,2024-05-20,0
00007768,50,2023-03-01,0
00007769,100,2023-01-19,500
00007770,200,2025-03-10,0
00007771,50,2022-07-15,0
00007772,150,2023-01-13,0
00007773,150,2024-10-11,0
00007774,50,2024-05-14,0
00007775,50,2024-07-11,0
00007776,50,2023-03-19,0
00007777,50,2024-03-30,0
00007778,200,2022-03-22,0
00007779,50,2022-03-09,0
00007780,100,2023-03-04,0
00007781,200,2023-01-11,0
00007782,150,2024-02-11,0
00007783,50,2024-06-21,0
00007784,150,2024-06-27,0
00007785,100,2025-02-11,500
00007786,500,2022-03-08,0
00007787,150,2023-06-17,1500
00007788,500,2025-06-08,0
00007789,500,2023-10-28,0
00007790,500,2023-03-25,0
00007791,100,2022-09-18,0
00007792,100,2024-10-07,0
00007793,50,2022-11-24,0
00007794,50,2024-03-04,0
00007795,50,2023-09-04,0
00007796,500,2024-05-29,50000
00007797,200,2024-07-15,0
00007798,150,2022-12-18,0
00007799,100,2025-02-06,0
00007800,150,2023-02-25,0
00007801,150,2025-06-30,0
00007802,500,2024-02-05,500
00007803,500,2025-01-23,0
00007804,50,2024-05-07,0
00007805,150,2024-04-25,0
00007806,50,2022-12-14,50
00007807,50,2025-03-03,0
00007808,100,2025-05-03,500
00007809,50,2024-01-31,0
00007810,150,2023-05-03,0
00007811,150,2023-06-15,0
00007812,50,2025-04-12,0
00007813,100,2023-12-15,0
00007814,100,2023-02-27,0
00007815,100,2023-05-17,0
00007816,50,2022-11-12,0
00007817,150,2023-12-06,0
00007818,50,2022-08-21,0
00007819,100,2023-11-23,0
00007820,50,2023-04-08,0
00007821,500,2024-10-29,0
00007822,500,2023-08-07,0
00007823,100,2025-07-01,0
00007824,100,2023-01-30,0
00007825,150,2023-05-20,0
00007826,100,2025-04-27,0
00007827,50,2025-01-05,100000
00007828,500,2025-08-14,0
00007829,100,2023-07-06,0
00007830,50,2022-11-28,0
00007831,50,2024-06-28,0
00007832,500,2024-03-15,0
00007833,500,2025-05-16,0
00007834,50,2022-08-30,0
00007835,200,2024-04-02,0
00007836,200,2024-07-30,0
00007837,150,2023-07-24,0
00007838,50,2024-02-26,0
00007839,150,2025-08-05,750
00007840,200,2023-12-02,0
00007841,50,2025-04-15,0
00007842,200,2024-07-03,1000
00007843,50,2024-09-13,0
00007844,200,2022-09-20,0
00007845,150,2024-08-27,0
00007846,500,2025-07-13,0
00007847,150,2024-02-24,0
00007848,100,2025-12-07,100000
00007849,200,2022-09-04,0
00007850,100,2022-02-24,100000
00007851,100,2025-09-13,0
00007852,500,2023-07-05,0
00007853,100,2023-07-08,500
00007854,50,2022-05-09,0
00007855,100,2023-11-11,0
00007856,150,2022-07-12,0
00007857,100,2022-07-25,0
00007858,50,2023-09-06,0
00007859,50,2024-11-25,0
00007860,200,2025-04-25,0
00007861,100,2023-06-19,0
00007862,100,2024-02-06,0
00007863,150,2022-09-26,0
00007864,50,2024-10-24,0
00007865,150,2025-07-10,0
00007866,150,2025-12-05,0
00007867,50,2025-04-24,0
00007868,50,2023-09-12,0
00007869,200,2024-10-05,20000
00007870,200,2025-03-22,0
00007871,100,2023-04-26,0
00007872,500,2025-04-22,0
00007873,200,2023-12-27,100000
00007874,50,2022-12-06,0
00007875,500,2025-09-24,0
00007876,200,2023-07-18,100000
00007877,150,2025-07-27,0
00007878,150,2024-12-15,0
00007879,500,2022-12-18,0
00007880,150,2025-12-03,0
00007881,200,2022-10-04,0
00007882,100,2022-02-06,0
00007883,150,2024-03-25,0
00007884,500,2022-12-11,0
00007885,100,2025-07-29,0
00007886,150,2022-06-14,0
00007887,200,2022-12-12,0
00007888,100,2023-01-11,0
00007889,50,2022-08-06,0
00007890,150,2025-09-21,0
00007891,200,2022-12-11,0
00007892,150,2024-07-04,0
00007893,200,2023-01-22,0
00007894,150,2023-01-05,0
00007895,50,2022-12-14,0
00007896,100,2023-07-15,100000
00007897,500,2022-12-25,0
00007898,50,2025-05-25,0
00007899,200,2024-03-18,0
00007900,200,2022-03-23,0
00007901,200,2022-01-01,0
00007902,150,2022-04-18,0
00007903,150,2024-05-31,0
00007904,50,2024-09-04,0
00007905,50,2022-02-08,0
00007906,500,2022-06-03,500
00007907,500,2023-03-26,0
00007908,100,2025-01-08,0
00007909,100,2022-11-25,0
00007910,200,2022-07-11,100000
00007911,100,2024-02-22,0
00007912,50,2024-05-09,0
00007913,500,2022-10-22,0
00007914,50,2023-10-19,0
00007915,200,2022-08-16,0
00007916,200,2022-04-23,0
00007917,200,2022-09-23,0
00007918,100,2025-12-22,0
00007919,150,2022-01-22,1500
00007920,100,2024-08-06,0
00007921,150,2024-05-17,15000
00007922,100,2023-04-02,0
00007923,100,2023-02-10,0
00007924,50,2022-01-26,0
00007925,500,2023-06-15,0
00007926,50,2024-06-10,0
00007927,100,2022-07-23,0
00007928,150,2023-08-13,0
00007929,100,2024-07-30,0
00007930,200,2025-09-10,0
00007931,500,2024-01-12,0
00007932,200,2022-03-06,0
00007933,100,2023-05-30,0
00007934,100,2025-07-01,0
00007935,150,2024-05-27,0
00007936,200,2023-11-03,0
00007937,50,2024-11-13,0
00007938,50,2022-06-27,0
00007939,200,2025-06-23,0
00007940,100,2022-12-20,0
00007941,100,2022-03-26,0
00007942,150,2025-02-21,0
00007943,150,2023-07-01,0
00007944,50,2024-10-13,0
00007945,150,2023-12-09,0
00007946,150,2023-02-07,0
00007947,200,2025-03-18,0
00007948,500,2022-01-23,0
00007949,150,2025-01-02,0
00007950,100,2024-02-15,0
00007951,100,2024-05-06,0
00007952,50,2023-07-30,0
00007953,100,2023-02-10,0
00007954,150,2022-05-10,0
00007955,50,2025-05-04,0
00007956,500,2023-11-22,0
00007957,150,2024-09-13,0
00007958,150,2022-12-24,1500
00007959,100,2023-10-20,0
00007960,500,2022-02-02,0
00007961,50,2025-04-06,0
00007962,200,2024-12-28,20000
00007963,50,2023-09-17,0
00007964,200,2022-07-12,0
00007965,200,2024-10-31,0
00007966,500,2023-06-21,0
00007967,200,2022-04-15,0
00007968,200,2022-06-18,0
00007969,200,2025-08-27,0
00007970,150,2024-05-01,0
00007971,200,2024-08-15,0
00007972,200,2023-04-24,0
00007973,50,2024-01-24,0
00007974,50,2024-11-29,0
00007975,500,2025-06-01,0
00007976,50,2022-11-02,0
00007977,100,2025-03-27,0
00007978,50,2024-11-24,0
00007979,50,2025-11-29,0
00007980,500,2024-02-28,2500
00007981,150,2024-04-23,0
00007982,200,2022-03-10,0
00007983,50,2023-04-12,0
00007984,200,2023-07-01,0
00007985,500,2024-11-08,0
00007986,50,2024-03-22,0
00007987,200,2025-09-25,0
00007988,200,2024-08-22,0
00007989,50,2025-01-27,0
00007990,100,2023-01-11,0
00007991,200,2025-03-22,0
00007992,50,2025-06-12,100000
00007993,200,2024-11-06,0
00007994,200,2023-11-05,0
00007995,150,2025-10-16,0
00007996,50,2024-03-04,0
00007997,100,2025-03-18,0
00007998,150,2025-10-24,0
00007999,500,2025-11-21,0
00008000,500,2024-09-13,0
00008001,50,2023-10-07,0
00008002,150,2022-02-14,0
00008003,150,2025-03-15,0
00008004,50,2025-11-23,0
00008005,150,2025-08-19,0
00008006,200,2025-12-04,0
00008007,500,2024-04-02,0
00008008,200,2022-03-02,0
00008009,100,2023-01-18,0
00008010,50,2024-04-03,0
00008011,500,2025-10-16,0
00008012,50,2024-08-29,0
00008013,500,2025-04-05,0
00008014,500,2025-06-14,100000
00008015,500,2022-11-24,0
00008016,500,2022-11-12,0
00008017,150,2023-02-22,0
00008018,100,2024-08-07,100
00008019,500,2024-05-16,0
00008020,150,2025-06-04,0
00008021,200,2025-04-17,0
00008022,50,2023-02-27,0
00008023,500,2025-01-01,0
00008024,100,2022-06-28,0
00008025,100,2023-11-01,0
00008026,500,2025-11-18,5000
00008027,150,2025-03-04,0
00008028,200,2024-07-09,20000
00008029,500,2023-01-03,5000
00008030,500,2024-06-18,0
00008031,150,2023-06-14,0
00008032,500,2022-11-29,0
00008033,150,2023-04-21,0
00008034,500,2023-07-24,0
00008035,100,2022-04-22,0
00008036,50,2024-08-12,0
00008037,50,2024-04-28,0
00008038,50,2024-03-02,0
00008039,150,2025-09-20,0
00008040,50,2023-12-05,0
00008041,500,2025-04-02,0
00008042,50,2022-07-30,0
00008043,150,2025-04-04,0
00008044,100,2025-09-01,0
00008045,150,2022-01-04,0
00008046,200,2022-04-05,0
00008047,50,2025-05-11,0
00008048,200,2025-07-15,0
00008049,200,2022-04-09,0
00008050,500,2025-07-12,0
00008051,500,2025-08-04,0
00008052,50,2024-07-19,0
00008053,100,2024-12-18,0
00008054,200,2025-01-31,0
00008055,150,2023-09-05,0
00008056,150,2022-03-03,0
00008057,50,2024-07-26,0
00008058,500,2025-09-13,0
00008059,150,2025-03-03,0
00008060,200,2025-07-16,0
00008061,50,2024-05-08,0
00008062,200,2025-04-28,0
00008063,500,2024-02-28,0
00008064,100,2024-08-25,0
00008065,100,2022-02-01,0
00008066,500,2022-10-01,0
00008067,100,2025-07-03,0
00008068,50,2025-07-25,0
00008069,100,2024-05-12,0
00008070,150,2023-07-29,0
00008071,150,2025-05-03,0
00008072,100,2025-08-07,0
00008073,500,2025-10-25,0
00008074,200,2022-01-13,200
00008075,150,2025-09-17,0
00008076,100,2023-09-03,0
00008077,150,2023-03-17,0
00008078,50,2025-04-14,250
00008079,100,2024-07-28,0
00008080,50,2023-01-10,0
00008081,150,2025-03-13,0
00008082,50,2023-05-27,0
00008083,200,2022-01-02,0
00008084,150,2023-05-12,0
00008085,100,2025-11-13,0
00008086,150,2023-12-28,0
00008087,200,2023-06-08,0
00008088,50,2025-12-04,0
00008089,200,2024-01-23,0
00008090,150,2025-10-23,750
00008091,200,2025-12-08,0
00008092,500,2025-01-24,0
00008093,150,2025-03-13,0
00008094,200,2023-05-25,0
00008095,150,2025-12-29,0
00008096,100,2023-02-09,0
00008097,100,2024-05-26,10000
00008098,200,2025-05-22,0
00008099,500,2024-04-15,0
00008100,50,2022-09-22,0
00008101,150,2025-03-07,0
00008102,100,2022-10-04,0
00008103,150,2023-01-16,0
00008104,200,2023-01-13,0
00008105,200,2025-02-28,0
00008106,50,2024-02-26,0
00008107,50,2024-07-18,0
00008108,500,2025-04-09,0
00008109,100,2023-12-08,0
00008110,500,2025-05-15,0
00008111,100,2025-04-19,0
00008112,500,2025-01-27,0
00008113,150,2025-02-06,0
00008114,200,2025-02-12,0
00008115,200,2024-07-12,0
00008116,150,2024-06-07,150
00008117,100,2023-06-06,0
00008118,50,2024-12-07,0
00008119,150,2025-05-30,0
00008120,50,2023-11-02,0
00008121,500,2023-01-24,0
00008122,500,2022-06-23,0
00008123,100,2024-04-04,100
00008124,50,2023-08-17,0
00008125,200,2024-03-27,0
00008126,500,2022-05-18,0
00008127,150,2025-08-28,0
00008128,50,2023-08-06,0
00008129,500,2022-05-25,0
00008130,50,2022-02-04,0
00008131,500,2024-10-12,0
00008132,500,2024-08-20,0
00008133,500,2025-06-09,0
00008134,150,2025-10-06,0
00008135,100,2025-09-28,0
00008136,100,2023-08-31,0
00008137,150,2025-06-25,0
00008138,100,2022-04-24,0
00008139,100,2023-11-21,0
00008140,50,2025-03-13,0
00008141,200,2024-05-26,0
00008142,50,2025-06-28,0
00008143,500,2025-06-24,0
00008144,500,2025-01-21,0
00008145,50,2025-08-22,0
00008146,150,2024-04-03,0
00008147,50,2022-06-24,0
00008148,150,2023-05-19,0
00008149,50,2024-07-07,0
00008150,200,2022-07-25,0
00008151,200,2025-03-17,0
00008152,200,2022-11-10,0
00008153,150,2022-01-14,0
00008154,150,2024-10-02,0
00008155,100,2023-10-14,0
00008156,50,2025-09-06,0
00008157,500,2023-10-09,0
00008158,50,2022-01-27,5000
00008159,200,2023-02-07,0
00008160,50,2024-10-13,0
00008161,150,2022-05-08,0
00008162,50,2025-03-24,0
00008163,100,2022-04-03,0
00008164,150,2025-06-27,0
00008165,500,2025-05-08,0
00008166,500,2023-02-11,0
00008167,100,2023-03-07,0
00008168,100,2023-09-03,0
00008169,150,2023-09-28,0
00008170,200,2023-08-10,0
00008171,50,2023-07-09,0
00008172,50,2024-06-28,0
00008173,500,2024-05-01,0
00008174,100,2023-10-08,0
00008175,50,2025-11-17,0
00008176,200,2023-10-21,100000
00008177,50,2024-08-23,0
00008178,500,2024-01-02,2500
00008179,100,2025-01-07,0
00008180,50,2023-07-03,0
00008181,100,2023-06-08,100
00008182,500,2023-12-27,0
00008183,150,2023-12-11,0
00008184,50,2022-07-15,0
00008185,200,2023-06-18,0
00008186,500,2024-03-14,0
00008187,100,2025-05-18,0
00008188,200,2022-04-07,0
00008189,200,2022-01-06,200
00008190,500,2023-05-19,0
00008191,50,2023-09-30,0
00008192,150,2022-08-29,0
00008193,50,2023-05-25,0
00008194,500,2022-11-03,0
00008195,500,2022-02-19,0
00008196,500,2024-02-23,0
00008197,100,2022-03-23,0
00008198,150,2025-01-19,0
00008199,150,2025-07-10,0
00008200,50,2025-09-13,0
00008201,500,2022-01-26,0
00008202,150,2022-11-19,0
00008203,150,2022-07-05,0
00008204,200,2023-08-02,0
00008205,500,2023-02-28,0
00008206,100,2023-12-03,0
00008207,100,2023-02-14,500
00008208,500,2024-08-17,0
00008209,50,2024-10-27,0
00008210,50,2024-06-03,0
00008211,500,2025-05-24,0
00008212,50,2025-05-06,0
00008213,50,2025-05-12,0
00008214,50,2025-01-12,0
00008215,150,2023-04-01,750
00008216,100,2024-03-09,0
00008217,50,2023-11-18,0
00008218,500,2023-11-25,0
00008219,150,2022-11-30,0
00008220,100,2023-01-17,0
00008221,50,2025-05-01,0
00008222,50,2023-08-28,0
00008223,100,2022-10-28,500
00008224,500,2024-08-21,0
00008225,200,2024-09-04,0
00008226,150,2025-12-27,0
00008227,200,2025-11-30,0
00008228,50,2024-12-25,0
00008229,100,2025-08-04,0
00008230,50,2024-06-27,0
00008231,150,2024-03-10,0
00008232,500,2025-03-18,0
00008233,100,2025-03-26,0
00008234,200,2024-03-04,0
00008235,100,2024-04-14,0
00008236,150,2025-12-10,0
00008237,200,2022-01-06,0
00008238,50,2022-10-10,0
00008239,50,2024-12-30,0
00008240,100,2024-02-05,0
00008241,500,2024-07-07,50000
00008242,500,2024-04-01,500
00008243,200,2023-04-30,20000
00008244,100,2024-06-07,0
00008245,150,2022-04-01,0
00008246,500,2025-08-05,50000
00008247,150,2022-01-17,0
00008248,500,2022-09-05,2500
00008249,500,2022-03-31,0
00008250,100,2022-05-01,0
00008251,100,2025-08-01,1000
00008252,100,2022-02-17,0
00008253,150,2022-11-20,0
00008254,200,2024-01-30,0
00008255,500,2024-01-21,0
00008256,50,2025-03-22,0
00008257,100,2024-03-14,100000
00008258,500,2024-05-31,50000
00008259,150,2024-10-06,0
00008260,150,2023-06-12,0
00008261,500,2022-10-08,5000
00008262,500,2025-05-23,0
00008263,150,2023-11-06,0
00008264,50,2022-09-12,0
00008265,500,2022-09-05,0
00008266,500,2024-03-08,0
00008267,150,2024-12-20,0
00008268,150,2023-11-08,0
00008269,200,2022-11-18,0
00008270,500,2025-11-05,0
00008271,50,2024-10-07,0
00008272,50,2023-10-07,0
00008273,200,2022-01-25,0
00008274,200,2022-07-30,0
00008275,100,2023-09-27,0
00008276,50,2024-07-05,5000
00008277,100,2024-05-13,0
00008278,200,2022-02-02,0
00008279,150,2022-05-09,0
00008280,150,2022-02-25,750
00008281,50,2022-05-19,0
00008282,50,2024-05-16,0
00008283,50,2023-10-10,0
00008284,150,2024-12-14,0
00008285,50,2024-02-04,0
00008286,150,2023-09-11,750
00008287,500,2023-10-31,0
00008288,500,2023-06-28,50000
00008289,150,2024-01-19,0
00008290,150,2025-11-23,0
00008291,200,2025-04-10,20000
00008292,50,2025-03-18,0
00008293,50,2025-08-09,0
00008294,500,2024-12-24,0
00008295,150,2024-04-08,0
00008296,200,2023-11-08,0
00008297,50,2025-02-08,0
00008298,150,2025-05-28,0
00008299,500,2024-07-31,0
00008300,50,2024-02-06,0
00008301,50,2023-01-16,0
00008302,200,2024-08-28,0
00008303,50,2025-01-15,0
00008304,50,2025-08-08,0
00008305,100,2022-12-02,1000
00008306,200,2024-09-28,0
00008307,100,2022-10-22,0
00008308,500,2025-12-01,0
00008309,100,2023-03-07,0
00008310,200,2023-08-16,0
00008311,100,2025-02-22,0
00008312,150,2023-05-07,0
00008313,200,2024-07-31,0
00008314,500,2025-08-29,0
00008315,100,2024-06-18,0
00008316,100,2025-06-27,0
00008317,100,2023-04-04,0
00008318,150,2025-08-27,0
00008319,100,2023-05-04,0
00008320,50,2025-03-24,50
00008321,50,2024-05-16,0
00008322,100,2022-12-25,0
00008323,150,2022-10-11,0
00008324,150,2024-10-10,0
00008325,500,2025-04-25,0
00008326,500,2022-01-19,0
00008327,200,2023-11-10,0
00008328,50,2023-11-04,0
00008329,150,2022-09-17,0
00008330,50,2024-06-25,0
00008331,500,2025-11-13,0
00008332,50,2023-02-18,0
00008333,100,2022-09-12,10000
00008334,150,2023-05-19,0
00008335,100,2023-01-13,0
00008336,200,2025-07-04,0
00008337,100,2022-09-20,0
00008338,200,2024-08-14,0
00008339,50,2024-04-28,0
00008340,500,2025-12-04,0
00008341,200,2024-04-02,0
00008342,200,2022-02-27,0
00008343,200,2022-01-08,0
00008344,150,2022-04-18,0
00008345,50,2023-11-18,0
00008346,100,2025-07-01,0
00008347,150,2022-10-05,0
00008348,50,2022-03-18,0
00008349,150,2022-04-20,0
00008350,200,2023-07-08,20000
00008351,200,2024-01-22,0
00008352,200,2024-07-17,0
00008353,150,2025-03-11,0
00008354,200,2022-11-24,200
00008355,100,2025-12-18,0
00008356,500,2025-09-18,0
00008357,200,2023-06-22,0
00008358,50,2023-08-03,0
00008359,150,2023-10-08,0
00008360,500,2023-03-04,0
00008361,100,2025-04-17,0
00008362,500,2025-10-23,0
00008363,500,2025-01-14,0
00008364,500,2022-06-08,0
00008365,500,2024-05-25,100000
00008366,150,2023-10-05,1500
00008367,500,2025-12-09,0
00008368,100,2022-10-20,0
00008369,200,2023-08-31,0
00008370,100,2023-04-01,0
00008371,150,2024-02-20,0
00008372,50,2022-11-18,0
00008373,500,2025-12-12,0
00008374,500,2025-08-26,500
00008375,150,2025-06-15,0
00008376,150,2023-04-12,0
00008377,50,2025-12-04,5000
00008378,200,2025-12-02,0
00008379,100,2022-10-09,0
00008380,500,2024-12-23,0
00008381,150,2024-10-16,0
00008382,100,2023-11-30,0
00008383,200,2024-10-29,0
00008384,50,2024-11-17,0
00008385,500,2022-10-17,0
00008386,100,2023-02-24,0
00008387,500,2025-08-22,0
00008388,150,2025-09-08,0
00008389,150,2022-05-19,0
00008390,50,2024-02-27,0
00008391,100,2025-11-30,0
00008392,500,2025-08-08,0
00008393,150,2024-08-15,0
00008394,500,2025-05-12,0
00008395,150,2024-03-12,1500
00008396,500,2024-05-27,0
00008397,500,2023-07-06,0
00008398,200,2023-01-30,0
00008399,500,2023-05-10,0
00008400,500,2024-06-29,0
00008401,200,2022-09-02,100000
00008402,50,2025-03-21,0
00008403,200,2022-06-21,0
00008404,100,2022-01-16,1000
00008405,150,2023-10-15,0
00008406,500,2024-04-12,0
00008407,150,2024-10-19,0
00008408,500,2024-03-27,0
00008409,150,2024-10-07,0
00008410,100,2023-06-06,0
00008411,150,2022-01-12,15000
00008412,500,2024-07-03,0
00008413,200,2024-12-23,0
00008414,150,2025-10-31,150
00008415,200,2024-02-23,0
00008416,150,2022-08-07,0
00008417,150,2023-09-12,0
00008418,500,2025-04-20,0
00008419,150,2022-01-11,0
00008420,100,2023-02-17,0
00008421,500,2024-05-22,2500
00008422,150,2024-08-20,0
00008423,50,2024-07-15,250
00008424,200,2023-02-02,100000
00008425,150,2023-07-03,0
00008426,100,2024-11-15,0
00008427,50,2022-12-22,500
00008428,50,2025-01-12,0
00008429,500,2023-04-03,100000
00008430,150,2022-05-22,0
00008431,500,2022-01-25,0
00008432,200,2025-07-30,100000
00008433,200,2025-05-06,0
00008434,500,2024-09-24,0
00008435,150,2023-11-21,0
00008436,500,2023-07-05,0
00008437,150,2024-03-08,0
00008438,500,2022-01-27,0
00008439,50,2024-08-08,0
00008440,200,2025-11-16,0
00008441,500,2022-01-30,0
00008442,200,2025-08-04,0
00008443,100,2025-03-19,0
00008444,50,2023-11-21,0
00008445,500,2022-04-03,0
00008446,200,2022-01-03,0
00008447,500,2023-05-29,0
00008448,50,2023-04-23,0
00008449,150,2024-12-22,0
00008450,100,2023-11-12,0
00008451,500,2022-02-05,0
00008452,150,2022-11-11,150
00008453,500,2024-06-20,0
00008454,200,2023-08-09,0
00008455,200,2024-01-13,0
00008456,50,2025-09-06,0
00008457,500,2024-05-21,0
00008458,500,2022-11-22,0
00008459,500,2024-12-05,0
00008460,100,2025-05-26,0
00008461,500,2024-03-22,0
00008462,150,2022-08-06,0
00008463,100,2023-05-17,0
00008464,100,2022-12-11,0
00008465,200,2022-03-05,0
00008466,150,2025-01-28,0
00008467,500,2023-07-28,0
00008468,200,2024-09-11,0
00008469,500,2023-03-06,50000
00008470,100,2025-12-04,10000
00008471,100,2025-04-24,0
00008472,50,2024-01-31,100000
00008473,50,2024-08-17,0
00008474,100,2023-08-27,0
00008475,200,2024-01-11,0
00008476,500,2023-10-02,0
00008477,500,2025-04-30,0
00008478,200,2022-11-09,0
00008479,200,2022-10-23,0
00008480,200,2022-09-01,0
00008481,500,2025-04-01,2500
00008482,100,2023-04-12,0
00008483,500,2022-04-26,50000
00008484,150,2023-07-13,0
00008485,500,2025-07-09,0
00008486,50,2025-10-06,0
00008487,150,2024-08-12,0
00008488,500,2023-10-24,0
00008489,50,2025-07-08,0
00008490,200,2024-10-13,0
00008491,100,2025-04-30,0
00008492,500,2025-01-12,0
00008493,50,2024-07-15,0
00008494,200,2024-11-19,100000
00008495,50,2023-10-19,0
00008496,50,2025-02-16,0
00008497,150,2024-11-10,0
00008498,200,2022-12-10,0
00008499,500,2023-03-07,0
00008500,500,2024-11-14,0
00008501,100,2024-12-11,500
00008502,50,2025-11-04,0
00008503,50,2022-11-06,0
00008504,200,2025-10-27,0
00008505,50,2025-07-17,0
00008506,500,2022-02-27,0
00008507,150,2022-06-30,0
00008508,500,2022-07-24,0
00008509,500,2025-08-18,0
00008510,500,2025-08-11,0
00008511,50,2024-11-12,0
00008512,50,2025-08-21,0
00008513,50,2024-04-02,0
00008514,500,2022-03-17,0
00008515,50,2024-07-20,0
00008516,100,2024-09-12,0
00008517,500,2025-02-10,0
00008518,500,2025-05-27,0
00008519,100,2023-07-17,0
00008520,500,2025-09-19,0
00008521,200,2025-09-16,0
00008522,200,2022-04-05,0
00008523,150,2022-04-01,0
00008524,150,2024-07-31,0
00008525,200,2024-11-28,0
00008526,100,2023-01-27,0
00008527,200,2022-01-28,0
00008528,200,2023-04-29,0
00008529,100,2025-09-09,0
00008530,100,2022-07-25,0
00008531,150,2025-07-18,1500
00008532,200,2025-10-16,0
00008533,150,2022-09-18,0
00008534,500,2024-09-06,0
00008535,100,2024-11-23,0
00008536,150,2023-06-24,1500
00008537,500,2025-01-05,0
00008538,50,2023-09-30,5000
00008539,50,2025-08-27,0
00008540,50,2022-11-09,0
00008541,150,2022-04-11,0
00008542,500,2024-06-28,0
00008543,200,2024-12-29,0
00008544,50,2025-04-08,0
00008545,200,2025-06-19,0
00008546,50,2022-10-19,0
00008547,150,2025-07-09,0
00008548,200,2024-11-15,0
00008549,200,2024-08-26,0
00008550,150,2022-02-20,0
00008551,100,2024-05-16,0
00008552,200,2023-09-03,0
00008553,50,2024-06-03,0
00008554,100,2025-06-09,0
00008555,100,2024-10-18,0
00008556,100,2022-09-01,0
00008557,200,2024-01-20,0
00008558,100,2025-05-16,0
00008559,100,2025-09-18,0
00008560,50,2024-11-08,0
00008561,500,2023-03-03,0
00008562,100,2025-03-02,0
00008563,150,2025-02-19,0
00008564,150,2025-08-08,0
00008565,100,2023-04-10,0
00008566,50,2024-02-09,0
00008567,150,2022-05-22,0
00008568,150,2025-01-05,0
00008569,200,2024-03-07,20000
00008570,100,2023-09-07,0
00008571,200,2024-08-22,0
00008572,200,2022-12-28,0
00008573,150,2025-07-18,0
00008574,500,2023-08-04,0
00008575,200,2023-07-03,0
00008576,500,2022-08-24,0
00008577,200,2022-01-07,0
00008578,100,2022-12-06,100
00008579,200,2025-03-02,0
00008580,150,2022-07-22,0
00008581,150,2023-07-15,0
00008582,200,2025-12-02,0
00008583,500,2023-06-07,0
00008584,100,2025-11-22,0
00008585,200,2023-08-13,1000
00008586,500,2022-09-14,0
00008587,150,2025-09-22,0
00008588,100,2023-02-17,0
00008589,50,2022-11-07,0
00008590,150,2022-03-02,0
00008591,500,2024-02-27,0
00008592,100,2022-08-27,0
00008593,100,2024-05-01,0
00008594,200,2022-09-10,0
00008595,200,2024-04-30,0
00008596,50,2022-01-04,0
00008597,150,2024-03-18,0
00008598,150,2022-12-23,0
00008599,50,2022-10-03,0
00008600,100,2022-10-01,0
00008601,100,2023-07-05,0
00008602,500,2022-03-23,2500
00008603,200,2024-05-17,0
00008604,200,2024-09-26,0
00008605,50,2022-07-12,0
00008606,200,2025-06-12,1000
00008607,150,2023-07-20,0
00008608,50,2023-07-16,0
00008609,500,2022-12-03,0
00008610,150,2022-05-09,0
00008611,200,2024-01-09,0
00008612,150,2022-10-14,0
00008613,200,2022-04-18,0
00008614,200,2023-05-20,0
00008615,100,2024-02-17,0
00008616,500,2025-04-12,0
00008617,150,2025-08-09,0
00008618,500,2025-07-21,0
00008619,500,2022-11-20,0
00008620,200,2025-11-04,0
00008621,150,2022-07-09,0
00008622,50,2022-02-23,0
00008623,500,2023-10-25,2500
00008624,150,2023-12-05,750
00008625,150,2023-08-14,0
00008626,150,2025-01-30,0
00008627,100,2023-01-05,0
00008628,500,2023-04-14,0
00008629,150,2024-08-18,0
00008630,100,2022-05-16,0
00008631,150,2023-07-20,0
00008632,50,2024-02-05,0
00008633,150,2025-04-03,0
00008634,100,2024-01-03,1000
00008635,500,2024-07-26,0
00008636,200,2025-04-22,0
00008637,100,2022-05-11,0
00008638,50,2023-08-16,500
00008639,150,2023-05-15,0
00008640,200,2024-05-20,1000
00008641,50,2025-12-01,0
00008642,150,2024-10-25,150
00008643,500,2024-09-10,0
00008644,50,2023-10-02,0
00008645,50,2023-10-27,50
00008646,150,2023-04-14,0
00008647,500,2024-04-24,0
00008648,50,2022-01-31,0
00008649,500,2022-06-08,0
00008650,50,2022-04-03,0
00008651,200,2025-07-16,0
00008652,200,2023-09-09,0
00008653,200,2022-04-19,0
00008654,500,2025-08-27,0
00008655,100,2024-05-26,0
00008656,100,2023-05-16,0
00008657,50,2024-02-02,0
00008658,100,2025-12-18,0
00008659,50,2024-04-07,250
00008660,100,2022-04-22,0
00008661,500,2024-06-03,0
00008662,150,2025-11-25,1500
00008663,100,2022-12-11,0
00008664,50,2022-07-16,0
00008665,100,2022-02-25,0
00008666,200,2022-03-17,0
00008667,50,2023-06-09,0
00008668,500,2025-03-05,0
00008669,50,2024-04-02,0
00008670,100,2023-02-26,0
00008671,500,2022-10-16,0
00008672,100,2023-07-24,1000
00008673,100,2025-04-17,0
00008674,100,2022-04-07,0
00008675,100,2025-09-03,100000
00008676,50,2022-06-04,0
00008677,100,2023-06-09,0
00008678,100,2023-04-03,0
00008679,100,2023-04-12,0
00008680,150,2023-01-07,0
00008681,50,2023-03-16,0
00008682,500,2023-06-05,0
00008683,200,2025-10-23,0
00008684,100,2023-03-20,0
00008685,500,2024-03-29,0
00008686,150,2025-06-02,0
00008687,50,2022-12-21,0
00008688,500,2024-05-30,0
00008689,150,2022-12-23,0
00008690,500,2024-01-01,0
00008691,200,2025-07-27,0
00008692,100,2023-07-21,0
00008693,500,2025-07-28,0
00008694,100,2025-06-27,0
00008695,100,2023-12-31,0
00008696,50,2023-11-17,0
00008697,200,2024-04-07,0
00008698,150,2025-02-26,0
00008699,150,2024-09-26,0
00008700,200,2022-11-19,0
00008701,100,2025-08-02,0
00008702,500,2024-05-03,0
00008703,50,2023-06-30,0
00008704,150,2023-03-25,0
00008705,500,2025-11-30,0
00008706,150,2024-06-23,0
00008707,150,2024-03-17,0
00008708,150,2025-09-27,0
00008709,100,2025-02-23,0
00008710,200,2022-09-18,0
00008711,500,2025-02-03,0
00008712,100,2022-11-12,0
00008713,200,2024-10-08,0
00008714,100,2023-09-02,0
00008715,200,2022-06-17,0
00008716,200,2025-08-13,0
00008717,200,2023-02-07,0
00008718,500,2023-04-05,0
00008719,100,2025-09-12,0
00008720,500,2023-11-04,0
00008721,200,2023-05-20,0
00008722,50,2024-04-25,0
00008723,200,2025-01-07,0
00008724,500,2024-08-21,0
00008725,100,2025-06-15,0
00008726,500,2025-09-08,500
00008727,150,2023-04-05,0
00008728,500,2022-06-20,0
00008729,500,2025-09-05,0
00008730,200,2022-07-01,200
00008731,200,2023-03-03,0
00008732,200,2022-05-01,0
00008733,100,2022-01-09,0
00008734,150,2025-01-03,0
00008735,200,2025-02-08,0
00008736,50,2025-02-12,0
00008737,200,2023-07-18,0
00008738,50,2022-09-27,0
00008739,150,2024-03-26,0
00008740,500,2023-09-02,0
00008741,200,2024-03-23,0
00008742,150,2022-10-23,0
00008743,100,2024-03-06,0
00008744,150,2023-12-07,0
00008745,100,2023-01-27,0
00008746,200,2022-10-12,0
00008747,500,2025-04-20,0
00008748,150,2022-01-24,0
00008749,500,2023-06-22,0
00008750,50,2025-09-29,0
00008751,200,2025-12-09,0
00008752,150,2025-03-07,0
00008753,500,2024-04-19,0
00008754,50,2024-04-23,0
00008755,500,2023-04-05,0
00008756,100,2025-05-13,0
00008757,50,2024-03-08,0
00008758,150,2025-03-15,15000
00008759,100,2025-03-08,0
00008760,500,2022-03-11,0
00008761,50,2023-02-03,0
00008762,150,2023-07-11,0
00008763,200,2024-09-14,0
00008764,100,2025-11-05,0
00008765,50,2023-07-31,100000
00008766,500,2025-11-16,0
00008767,50,2022-05-26,0
00008768,200,2025-05-14,0
00008769,50,2023-05-30,0
00008770,50,2022-08-01,0
00008771,150,2025-03-30,0
00008772,500,2025-09-19,0
00008773,50,2022-04-08,0
00008774,100,2022-03-21,0
00008775,500,2024-05-04,0
00008776,50,2024-04-07,0
00008777,50,2022-05-29,0
00008778,500,2022-03-23,0
00008779,100,2022-09-07,0
00008780,100,2023-06-13,0
00008781,150,2023-09-12,0
00008782,100,2022-05-03,0
00008783,100,2022-06-02,0
00008784,200,2025-03-04,0
00008785,50,2024-09-21,0
00008786,500,2022-07-24,0
00008787,500,2024-02-22,5000
00008788,200,2022-07-22,0
00008789,50,2024-10-11,0
00008790,100,2025-12-15,1000
00008791,50,2022-10-05,0
00008792,200,2025-10-02,0
00008793,100,2024-12-02,0
00008794,50,2023-08-16,250
00008795,500,2024-07-29,0
00008796,150,2023-10-12,0
00008797,200,2025-11-28,100000
00008798,100,2024-06-12,0
00008799,500,2024-01-25,0
00008800,150,2024-05-27,0
00008801,50,2023-05-05,0
00008802,50,2022-03-18,0
00008803,200,2023-09-10,0
00008804,50,2025-09-08,0
00008805,50,2025-03-28,0
00008806,100,2023-05-26,0
00008807,50,2023-12-15,0
00008808,50,2022-06-05,0
00008809,50,2023-11-19,0
00008810,50,2024-04-21,0
00008811,200,2025-09-17,0
00008812,50,2024-04-12,0
00008813,150,2023-11-22,0
00008814,150,2022-12-26,0
00008815,200,2023-10-01,0
00008816,50,2022-10-12,0
00008817,150,2024-09-23,0
00008818,50,2025-12-20,0
00008819,500,2025-05-08,0
00008820,150,2024-12-02,0
00008821,150,2024-05-22,0
00008822,150,2024-11-03,0
00008823,500,2023-03-29,0
00008824,50,2024-01-27,0
00008825,150,2024-06-05,0
00008826,200,2023-03-03,0
00008827,500,2023-08-30,0
00008828,100,2024-07-07,0
00008829,50,2024-07-22,0
00008830,200,2022-09-30,0
00008831,150,2024-04-09,0
00008832,150,2024-02-23,0
00008833,200,2022-02-16,0
00008834,50,2023-08-26,0
00008835,150,2022-08-16,0
00008836,50,2024-02-14,0
00008837,200,2023-01-04,0
00008838,500,2024-06-30,0
00008839,50,2022-01-11,5000
00008840,200,2025-01-13,0
00008841,150,2022-07-25,0
00008842,500,2022-10-16,50000
00008843,100,2023-01-29,0
00008844,50,2022-09-07,0
00008845,100,2022-10-14,0
00008846,500,2022-10-31,0
00008847,500,2022-11-14,0
00008848,500,2023-07-23,0
00008849,100,2024-12-13,0
00008850,500,2025-04-25,0
00008851,50,2022-01-03,0
00008852,50,2025-02-09,0
00008853,500,2022-08-26,0
00008854,50,2025-12-13,0
00008855,100,2023-12-12,0
00008856,150,2023-02-02,0
00008857,200,2022-10-26,0
00008858,500,2025-04-27,0
00008859,50,2024-06-13,0
00008860,150,2024-09-29,0
00008861,50,2025-05-11,0
00008862,500,2023-05-08,100000
00008863,50,2022-05-30,500
00008864,50,2025-06-27,0
00008865,150,2023-05-12,0
00008866,500,2023-11-13,0
00008867,100,2024-11-11,0
00008868,50,2025-09-05,0
00008869,200,2025-02-12,0
00008870,200,2023-08-13,0
00008871,100,2025-02-01,100
00008872,500,2025-10-12,0
00008873,500,2023-04-03,2500
00008874,150,2024-10-16,0
00008875,500,2025-08-08,0
00008876,50,2025-10-11,0
00008877,200,2025-02-17,0
00008878,50,2025-09-29,0
00008879,100,2025-09-15,0
00008880,200,2023-05-29,0
00008881,100,2024-04-04,0
00008882,50,2023-10-16,0
00008883,500,2023-10-24,0
00008884,200,2024-02-02,0
00008885,150,2025-11-30,0
00008886,500,2023-07-24,0
00008887,50,2024-05-08,0
00008888,200,2025-03-06,0
00008889,150,2024-01-06,0
00008890,500,2025-05-29,0
00008891,200,2022-01-31,0
00008892,50,2024-03-06,0
00008893,200,2023-05-08,0
00008894,150,2024-01-31,0
00008895,50,2022-06-19,0
00008896,100,2024-06-28,0
00008897,100,2024-05-06,0
00008898,50,2023-09-05,0
00008899,500,2022-04-30,0
00008900,100,2025-07-24,1000
00008901,100,2024-09-07,0
00008902,500,2025-06-11,0
00008903,500,2024-03-25,0
00008904,150,2024-07-30,0
00008905,200,2023-01-05,0
00008906,50,2024-12-24,0
00008907,100,2023-05-08,0
00008908,150,2022-12-23,0
00008909,500,2022-01-10,0
00008910,150,2022-06-13,0
00008911,100,2023-09-23,0
00008912,150,2023-12-02,0
00008913,200,2025-05-14,0
00008914,500,2023-11-24,0
00008915,150,2025-04-12,0
00008916,200,2022-12-23,0
00008917,500,2024-02-15,5000
00008918,100,2024-01-26,0
00008919,100,2023-03-13,0
00008920,100,2025-06-24,0
00008921,500,2023-08-20,0
00008922,100,2022-06-19,0
00008923,500,2022-10-13,0
00008924,100,2022-04-05,0
00008925,100,2025-05-24,0
00008926,100,2025-11-14,0
00008927,50,2024-06-25,0
00008928,200,2023-08-29,0
00008929,500,2022-10-12,0
00008930,50,2023-09-11,5000
00008931,500,2022-12-29,0
00008932,150,2025-11-02,0
00008933,100,2024-04-11,0
00008934,100,2024-08-30,0
00008935,50,2024-03-22,0
00008936,100,2023-12-28,0
00008937,100,2022-09-06,0
00008938,500,2022-11-18,0
00008939,150,2024-12-24,0
00008940,150,2022-01-16,0
00008941,50,2024-05-06,100000
00008942,50,2022-08-06,0
00008943,100,2023-03-10,0
00008944,100,2024-09-29,0
00008945,50,2025-05-21,50
00008946,50,2023-01-12,0
00008947,150,2024-05-31,750
00008948,100,2023-11-29,0
00008949,150,2025-12-04,0
00008950,500,2024-01-25,0
00008951,500,2023-09-26,50000
00008952,500,2025-06-27,0
00008953,100,2023-04-10,1000
00008954,100,2022-10-07,0
00008955,50,2024-02-28,0
00008956,200,2024-08-11,0
00008957,500,2022-06-04,0
00008958,200,2023-08-17,0
00008959,150,2023-05-17,0
00008960,50,2025-06-13,0
00008961,150,2023-02-06,0
00008962,50,2022-06-14,0
00008963,200,2024-05-26,0
00008964,200,2023-11-28,1000
00008965,200,2025-08-20,0
00008966,200,2022-05-18,0
00008967,500,2022-11-24,0
00008968,150,2024-09-03,0
00008969,200,2025-09-18,100000
00008970,50,2022-11-16,0
00008971,50,2025-10-14,0
00008972,200,2025-07-06,0
00008973,200,2022-02-19,0
00008974,200,2025-07-19,0
00008975,150,2023-05-19,0
00008976,100,2025-11-01,0
00008977,500,2023-12-30,0
00008978,50,2022-10-10,0
00008979,500,2023-08-06,0
00008980,150,2024-04-28,0
00008981,200,2022-06-21,1000
00008982,500,2023-10-01,0
00008983,50,2022-03-01,0
00008984,100,2024-07-17,0
00008985,100,2025-03-12,0
00008986,500,2025-11-28,0
00008987,100,2025-12-10,0
00008988,100,2022-10-21,0
00008989,150,2025-05-12,0
00008990,500,2024-02-18,0
00008991,100,2022-09-17,0
00008992,500,2023-06-13,0
00008993,500,2023-02-18,0
00008994,200,2024-04-25,0
00008995,50,2023-11-30,0
00008996,500,2022-10-13,500
00008997,150,2025-09-28,0
00008998,200,2023-12-25,0
00008999,200,2024-03-15,0
00009000,200,2024-06-30,0
00009001,100,2024-01-26,500
00009002,200,2023-01-10,0
00009003,150,2023-12-09,0
00009004,100,2024-09-28,0
00009005,150,2025-10-09,0
00009006,200,2025-06-10,0
00009007,200,2023-06-17,0
00009008,500,2023-08-25,0
00009009,100,2022-12-04,0
00009010,500,2023-08-13,0
00009011,50,2022-02-14,0
00009012,100,2023-10-07,10000
00009013,500,2022-09-23,0
00009014,200,2023-11-01,0
00009015,150,2022-08-13,0
00009016,50,2024-05-13,0
00009017,200,2024-05-05,0
00009018,100,2025-05-08,0
00009019,150,2025-12-09,15000
00009020,500,2023-03-18,0
00009021,150,2022-10-11,100000
00009022,50,2023-09-09,0
00009023,150,2022-01-09,0
00009024,100,2023-08-23,0
00009025,200,2025-01-31,0
00009026,50,2023-08-11,0
00009027,200,2025-03-07,0
00009028,100,2024-02-05,0
00009029,500,2023-08-20,0
00009030,50,2024-07-28,250
00009031,500,2024-12-20,0
00009032,150,2024-07-16,0
00009033,100,2023-05-13,0
00009034,100,2025-11-21,100000
00009035,150,2023-10-11,15000
00009036,200,2024-03-30,0
00009037,200,2022-01-25,0
00009038,200,2025-07-14,0
00009039,100,2024-12-01,0
00009040,50,2022-08-20,250
00009041,100,2022-02-25,0
00009042,50,2025-10-16,0
00009043,500,2023-07-04,0
00009044,150,2025-01-17,0
00009045,100,2024-05-16,0
00009046,500,2024-02-20,100000
00009047,100,2025-11-16,0
00009048,200,2024-10-18,0
00009049,50,2025-11-29,0
00009050,50,2023-11-19,0
00009051,150,2025-05-27,0
00009052,200,2025-05-12,0
00009053,500,2024-01-29,0
00009054,150,2025-03-09,0
00009055,50,2022-08-21,0
00009056,100,2023-06-20,0
00009057,50,2025-02-28,0
00009058,150,2022-04-13,0
00009059,50,2022-06-08,0
00009060,150,2023-08-21,0
00009061,200,2023-12-08,0
00009062,500,2025-11-16,0
00009063,50,2025-01-12,0
00009064,100,2024-12-08,0
00009065,500,2025-08-01,0
00009066,50,2023-08-09,0
00009067,50,2022-05-06,0
00009068,150,2023-05-11,15000
00009069,200,2024-11-08,0
00009070,100,2023-11-08,0
00009071,50,2023-07-17,0
00009072,100,2024-09-04,0
00009073,150,2023-12-23,0
00009074,100,2022-03-28,0
00009075,50,2022-07-31,0
00009076,500,2023-10-13,0
00009077,200,2022-08-14,0
00009078,200,2025-01-29,0
00009079,50,2025-05-30,5000
00009080,50,2024-04-09,0
00009081,500,2025-11-22,0
00009082,100,2024-09-17,0
00009083,200,2022-07-11,0
00009084,500,2024-03-08,0
00009085,500,2024-05-15,0
00009086,500,2025-03-15,0
00009087,200,2024-06-17,0
00009088,500,2023-02-18,0
00009089,100,2024-04-27,100
00009090,150,2022-02-27,0
00009091,500,2023-03-01,0
00009092,150,2024-01-01,0
00009093,50,2025-04-19,0
00009094,150,2024-06-19,0
00009095,500,2024-01-27,0
00009096,100,2023-05-22,0
00009097,500,2024-11-08,0
00009098,100,2024-03-05,0
00009099,100,2022-07-13,0
00009100,200,2023-11-18,0
00009101,50,2025-10-27,0
00009102,150,2024-05-21,0
00009103,200,2025-05-23,0
00009104,50,2023-02-19,100000
00009105,150,2023-02-23,0
00009106,200,2023-01-02,0
00009107,200,2024-05-30,0
00009108,100,2023-06-07,0
00009109,150,2025-12-25,1500
00009110,100,2024-11-26,0
00009111,150,2024-05-23,0
00009112,100,2022-01-10,0
00009113,200,2023-01-26,0
00009114,50,2025-01-01,0
00009115,200,2022-09-14,0
00009116,50,2025-08-01,0
00009117,100,2025-02-11,0
00009118,100,2024-09-17,0
00009119,200,2024-07-22,0
00009120,50,2022-09-05,0
00009121,500,2023-08-23,0
00009122,100,2025-11-20,0
00009123,500,2024-03-09,0
00009124,500,2022-05-06,500
00009125,100,2022-05-30,500
00009126,150,2022-10-16,0
00009127,150,2024-09-28,0
00009128,50,2023-12-16,0
00009129,200,2025-11-17,0
00009130,200,2022-07-12,0
00009131,200,2022-09-04,0
00009132,500,2025-07-16,0
00009133,200,2024-01-18,0
00009134,200,2023-12-18,0
00009135,200,2024-07-21,0
00009136,50,2025-05-28,0
00009137,200,2024-12-09,0
00009138,100,2023-08-12,0
00009139,50,2022-02-05,0
00009140,150,2022-11-08,0
00009141,150,2022-10-11,0
00009142,200,2025-10-29,0
00009143,100,2024-07-28,0
00009144,100,2022-09-18,0
00009145,500,2022-06-05,0
00009146,100,2025-07-01,0
00009147,200,2022-02-13,0
00009148,150,2024-09-06,0
00009149,200,2022-04-13,0
00009150,150,2024-10-06,0
00009151,500,2022-08-23,5000
00009152,50,2025-12-08,50
00009153,200,2025-12-22,0
00009154,100,2024-05-08,100000
00009155,50,2022-10-03,0
00009156,500,2025-03-17,0
00009157,150,2024-08-17,0
00009158,500,2024-07-22,0
00009159,100,2023-03-28,0
00009160,500,2024-10-21,0
00009161,150,2024-10-04,0
00009162,500,2023-01-18,0
00009163,500,2024-04-05,0
00009164,50,2023-06-01,0
00009165,500,2024-04-26,0
00009166,200,2023-08-04,0
00009167,100,2022-11-16,500
00009168,50,2024-10-10,0
00009169,200,2024-05-16,0
00009170,500,2022-10-18,0
00009171,500,2023-11-14,0
00009172,500,2022-12-07,0
00009173,200,2025-10-03,0
00009174,50,2022-03-22,0
00009175,100,2022-02-12,0
00009176,50,2022-06-26,0
00009177,200,2022-02-05,0
00009178,500,2022-02-19,0
00009179,150,2023-07-28,0
00009180,100,2024-10-11,0
00009181,200,2025-08-27,0
00009182,50,2025-08-13,0
00009183,100,2023-04-26,0
00009184,200,2025-09-04,0
00009185,200,2025-05-10,0
00009186,100,2022-01-27,100
00009187,50,2022-03-19,0
00009188,500,2025-05-03,0
00009189,50,2025-02-06,0
00009190,50,2022-01-08,0
00009191,150,2024-12-24,0
00009192,100,2024-12-14,0
00009193,100,2023-11-19,0
00009194,150,2022-05-13,0
00009195,500,2023-01-04,0
00009196,50,2025-06-27,0
00009197,50,2023-06-22,0
00009198,200,2024-05-04,0
00009199,100,2024-05-05,0
00009200,500,2025-08-09,500
00009201,100,2022-10-08,0
00009202,200,2024-11-30,100000
00009203,150,2024-07-28,0
00009204,150,2024-07-26,0
00009205,150,2023-03-28,150
00009206,50,2023-12-16,0
00009207,100,2025-10-13,0
00009208,100,2022-01-18,0
00009209,200,2024-10-15,0
00009210,500,2024-07-06,0
00009211,150,2022-10-13,100000
00009212,50,2023-09-24,0
00009213,200,2025-05-26,0
00009214,200,2023-12-31,0
00009215,50,2024-04-10,0
00009216,200,2024-09-07,0
00009217,50,2024-11-08,0
00009218,200,2022-09-14,0
00009219,500,2023-03-20,0
00009220,100,2024-06-04,0
00009221,150,2022-02-20,15000
00009222,100,2024-07-30,0
00009223,100,2025-04-27,0
00009224,200,2024-06-04,0
00009225,500,2025-11-16,0
00009226,500,2025-12-03,0
00009227,200,2025-08-11,0
00009228,200,2023-10-28,0
00009229,500,2025-08-05,0
00009230,500,2025-06-01,5000
00009231,500,2025-04-10,0
00009232,150,2025-03-04,0
00009233,100,2023-10-25,0
00009234,200,2024-09-10,0
00009235,200,2023-10-23,0
00009236,200,2024-02-18,0
00009237,500,2023-01-20,0
00009238,150,2024-12-25,150
00009239,50,2025-12-26,0
00009240,150,2022-09-13,0
00009241,50,2024-03-04,0
00009242,500,2025-04-08,0
00009243,50,2022-10-12,0
00009244,150,2024-03-22,0
00009245,50,2024-12-30,0
00009246,50,2025-08-20,0
00009247,150,2024-12-12,0
00009248,50,2025-08-27,0
00009249,50,2022-01-09,0
00009250,100,2023-06-21,0
00009251,100,2024-12-06,0
00009252,500,2024-10-03,0
00009253,200,2022-04-12,0
00009254,50,2022-10-17,0
00009255,50,2022-09-10,0
00009256,100,2023-11-28,0
00009257,50,2025-08-11,0
00009258,50,2024-10-07,0
00009259,500,2022-02-17,0
00009260,500,2023-12-07,0
00009261,100,2022-11-28,0
00009262,100,2024-04-15,0
00009263,50,2025-07-22,0
00009264,200,2022-12-11,0
00009265,50,2024-10-17,0
00009266,50,2022-10-06,0
00009267,100,2024-02-28,0
00009268,200,2022-10-12,0
00009269,500,2024-07-13,0
00009270,200,2025-07-24,0
00009271,50,2025-11-29,0
00009272,200,2025-11-14,2000
00009273,150,2024-03-11,0
00009274,500,2024-01-23,0
00009275,200,2023-06-08,20000
00009276,500,2024-10-06,0
00009277,150,2025-08-15,0
00009278,150,2023-03-25,0
00009279,50,2023-07-29,0
00009280,200,2025-01-29,0
00009281,200,2023-12-26,0
00009282,500,2023-02-11,0
00009283,150,2024-11-03,0
00009284,150,2025-02-24,0
00009285,100,2025-09-16,0
00009286,150,2025-09-03,0
00009287,200,2025-07-14,0
00009288,200,2024-10-09,0
00009289,200,2023-09-06,0
00009290,100,2022-11-12,10000
00009291,200,2024-01-18,0
00009292,50,2024-11-06,0
00009293,150,2023-05-15,0
00009294,200,2025-06-03,0
00009295,150,2023-09-08,0
00009296,200,2025-05-07,0
00009297,500,2022-03-06,0
00009298,150,2023-10-16,0
00009299,150,2022-03-07,0
00009300,500,2023-07-06,0
00009301,100,2022-01-17,500
00009302,150,2022-12-19,0
00009303,500,2023-02-06,0
00009304,200,2024-07-04,0
00009305,200,2022-10-18,0
00009306,500,2023-10-07,0
00009307,150,2025-09-27,0
00009308,50,2023-05-10,0
00009309,50,2022-05-10,0
00009310,150,2025-02-19,0
00009311,50,2023-12-27,250
00009312,50,2023-09-07,0
00009313,50,2025-09-09,0
00009314,500,2022-07-12,0
00009315,150,2023-04-10,0
00009316,100,2024-08-08,0
00009317,100,2023-04-04,0
00009318,500,2023-11-09,0
00009319,50,2022-08-17,0
00009320,150,2025-03-25,750
00009321,200,2024-01-04,0
00009322,200,2023-06-26,0
00009323,200,2025-10-15,0
00009324,100,2025-09-29,0
00009325,50,2024-12-08,0
00009326,100,2024-12-18,0
00009327,150,2023-12-15,0
00009328,50,2023-06-16,0
00009329,200,2022-03-25,0
00009330,50,2025-04-12,0
00009331,50,2022-06-10,0
00009332,150,2023-12-06,0
00009333,150,2025-11-02,0
00009334,200,2025-12-01,20000
00009335,100,2024-08-28,0
00009336,50,2024-05-01,0
00009337,100,2024-06-24,0
00009338,50,2022-10-15,0
00009339,150,2024-09-01,0
00009340,200,2022-12-08,0
00009341,150,2022-07-27,0
00009342,200,2022-02-28,0
00009343,500,2022-08-31,0
00009344,200,2024-03-14,0
00009345,500,2025-06-26,0
00009346,200,2025-03-15,0
00009347,500,2024-06-02,0
00009348,100,2025-06-20,0
00009349,50,2024-06-11,0
00009350,50,2023-09-29,0
00009351,150,2025-06-14,0
00009352,500,2022-10-20,0
00009353,100,2025-10-18,0
00009354,200,2024-06-21,0
00009355,50,2022-12-21,0
00009356,100,2023-07-29,0
00009357,500,2025-02-12,0
00009358,50,2023-09-24,0
00009359,50,2025-09-08,0
00009360,100,2022-04-28,0
00009361,500,2023-05-12,0
00009362,150,2022-04-05,0
00009363,100,2025-02-06,0
00009364,100,2022-08-08,0
00009365,100,2024-08-23,0
00009366,150,2024-06-23,0
00009367,100,2025-05-26,0
00009368,50,2023-11-10,0
00009369,50,2023-08-08,0
00009370,100,2022-06-24,0
00009371,100,2025-08-17,0
00009372,200,2025-06-13,0
00009373,50,2022-03-20,0
00009374,100,2025-09-22,0
00009375,200,2024-09-17,0
00009376,50,2023-10-19,250
00009377,500,2022-08-23,0
00009378,200,2025-05-23,0
00009379,150,2022-05-12,0
00009380,100,2022-11-28,0
00009381,200,2022-10-17,0
00009382,50,2022-04-20,0
00009383,200,2023-04-14,0
00009384,100,2022-11-17,100000
00009385,100,2024-03-24,0
00009386,50,2023-10-22,0
00009387,200,2024-06-10,0
00009388,50,2022-02-25,0
00009389,500,2024-11-18,0
00009390,200,2022-01-03,0
00009391,150,2023-12-11,0
00009392,500,2022-06-15,0
00009393,100,2022-04-26,0
00009394,150,2022-04-15,750
00009395,50,2022-09-26,0
00009396,200,2024-12-02,0
00009397,200,2025-02-10,0
00009398,100,2023-09-27,0
00009399,50,2022-12-15,0
00009400,500,2024-03-29,0
00009401,200,2022-04-07,0
00009402,50,2023-07-12,250
00009403,150,2024-04-15,0
00009404,200,2025-10-23,0
00009405,50,2025-01-03,0
00009406,100,2023-05-07,0
00009407,500,2024-10-31,500
00009408,100,2025-01-30,0
00009409,200,2022-12-20,2000
00009410,50,2023-05-15,0
00009411,200,2022-05-04,0
00009412,150,2022-11-24,0
00009413,50,2023-04-27,0
00009414,500,2022-12-13,0
00009415,100,2022-12-22,100000
00009416,100,2025-11-04,0
00009417,200,2024-12-07,0
00009418,200,2023-04-01,0
00009419,50,2023-05-02,0
00009420,50,2025-08-21,0
00009421,200,2023-05-18,0
00009422,500,2022-01-26,0
00009423,500,2025-04-28,0
00009424,200,2024-05-27,0
00009425,50,2022-03-29,250
00009426,50,2023-06-11,0
00009427,50,2022-04-14,0
00009428,50,2024-07-24,0
00009429,100,2023-07-05,0
00009430,50,2025-09-01,0
00009431,500,2023-10-19,0
00009432,100,2024-07-28,1000
00009433,50,2022-08-14,0
00009434,500,2022-06-14,0
00009435,150,2024-01-11,0
00009436,150,2024-05-10,0
00009437,100,2025-06-17,0
00009438,150,2024-03-08,0
00009439,500,2023-01-17,0
00009440,200,2022-06-10,0
00009441,200,2025-11-02,0
00009442,500,2024-10-21,0
00009443,100,2024-05-21,0
00009444,150,2024-03-31,0
00009445,200,2024-02-21,0
00009446,200,2025-01-18,0
00009447,50,2024-02-02,0
00009448,100,2024-07-28,100000
00009449,500,2024-09-05,0
00009450,50,2022-12-06,0
00009451,100,2025-11-08,0
00009452,150,2025-09-28,0
00009453,50,2023-09-11,0
00009454,200,2024-02-20,0
00009455,200,2023-02-24,0
00009456,50,2023-08-31,0
00009457,50,2022-05-27,0
00009458,200,2022-07-18,0
00009459,100,2025-07-06,0
00009460,150,2023-01-16,0
00009461,100,2022-08-19,0
00009462,500,2024-05-13,0
00009463,200,2023-06-21,0
00009464,150,2024-03-06,0
00009465,500,2025-03-03,0
00009466,500,2024-09-16,0
00009467,100,2024-02-12,0
00009468,100,2022-01-07,100000
00009469,100,2024-09-23,0
00009470,100,2024-04-02,0
00009471,50,2023-12-07,0
00009472,100,2022-10-24,0
00009473,500,2022-08-21,0
00009474,100,2024-09-15,0
00009475,200,2023-11-07,0
00009476,150,2022-05-12,1500
00009477,50,2024-02-12,0
00009478,100,2025-03-31,100000
00009479,200,2022-12-15,0
00009480,100,2023-07-30,0
00009481,500,2023-01-30,100000
00009482,50,2024-07-03,0
00009483,200,2025-08-28,20000
00009484,150,2025-10-18,0
00009485,500,2024-12-02,0
00009486,500,2024-09-04,0
00009487,500,2025-06-12,0
00009488,500,2022-04-27,0
00009489,100,2022-08-07,0
00009490,50,2023-07-26,0
00009491,200,2023-11-19,0
00009492,150,2024-11-24,0
00009493,500,2025-06-23,0
00009494,50,2022-01-20,0
00009495,200,2023-03-09,0
00009496,150,2024-04-12,0
00009497,50,2024-04-15,0
00009498,50,2022-12-11,0
00009499,150,2023-12-23,0
00009500,100,2024-04-28,0
00009501,500,2023-09-17,0
00009502,100,2024-09-26,0
00009503,500,2022-05-26,2500
00009504,500,2025-11-13,0
00009505,500,2025-04-13,100000
00009506,100,2025-11-29,500
00009507,50,2024-10-20,5000
00009508,150,2023-01-22,0
00009509,100,2022-08-24,0
00009510,100,2024-05-13,0
00009511,100,2022-06-07,0
00009512,500,2023-11-06,0
00009513,50,2022-04-03,0
00009514,500,2022-04-26,0
00009515,100,2025-05-16,0
00009516,150,2024-01-31,0
00009517,150,2024-10-28,0
00009518,200,2023-04-26,0
00009519,500,2025-01-27,0
00009520,50,2022-11-10,0
00009521,150,2023-03-23,0
00009522,100,2022-10-25,0
00009523,150,2022-08-05,0
00009524,150,2022-05-23,0
00009525,100,2023-10-23,0
00009526,50,2025-07-12,0
00009527,150,2024-10-07,0
00009528,100,2022-08-06,0
00009529,100,2025-12-18,0
00009530,50,2022-09-06,0
00009531,200,2023-04-23,0
00009532,150,2024-01-04,0
00009533,100,2025-02-10,0
00009534,100,2022-07-12,0
00009535,100,2022-04-18,0
00009536,50,2024-08-21,0
00009537,500,2025-09-16,0
00009538,500,2022-04-05,0
00009539,200,2025-11-25,0
00009540,150,2025-04-01,0
00009541,100,2025-07-13,0
00009542,50,2025-02-25,0
00009543,500,2025-05-24,0
00009544,50,2024-08-01,0
00009545,100,2023-11-05,0
00009546,50,2024-05-07,0
00009547,50,2022-05-17,0
00009548,100,2025-06-27,0
00009549,200,2024-07-16,1000
00009550,50,2024-09-07,0
00009551,150,2022-01-23,0
00009552,100,2023-09-18,0
00009553,100,2025-08-16,0
00009554,150,2022-07-12,0
00009555,500,2023-04-16,0
00009556,50,2024-04-23,0
00009557,100,2023-01-14,0
00009558,200,2023-10-03,0
00009559,50,2022-07-12,0
00009560,50,2025-08-21,0
00009561,150,2023-07-04,0
00009562,500,2023-07-09,0
00009563,50,2022-11-19,0
00009564,100,2024-01-24,100000
00009565,150,2024-06-18,0
00009566,50,2022-08-30,0
00009567,500,2024-05-22,0
00009568,150,2024-05-03,0
00009569,50,2025-06-08,0
00009570,150,2022-07-31,0
00009571,150,2023-01-30,0
00009572,500,2025-12-18,2500
00009573,200,2022-03-21,0
00009574,100,2023-09-07,0
00009575,50,2025-11-02,0
00009576,50,2024-11-07,0
00009577,100,2024-02-29,0
00009578,50,2022-02-25,0
00009579,150,2024-02-25,0
00009580,150,2023-01-07,0
00009581,500,2022-12-26,2500
00009582,100,2024-09-10,0
00009583,200,2024-06-05,0
00009584,200,2025-05-13,0
00009585,100,2025-03-13,0
00009586,100,2025-01-05,0
00009587,500,2023-05-28,500
00009588,500,2023-01-28,0
00009589,50,2025-06-26,0
00009590,150,2022-09-17,0
00009591,100,2023-08-26,10000
00009592,100,2024-11-15,0
00009593,150,2024-04-19,0
00009594,150,2025-10-13,0
00009595,500,2023-04-17,0
00009596,150,2023-03-04,0
00009597,50,2024-12-14,0
00009598,500,2023-06-06,0
00009599,500,2024-06-09,0
00009600,150,2023-08-13,0
00009601,100,2025-02-25,0
00009602,500,2022-10-01,0
00009603,150,2022-02-12,0
00009604,100,2023-11-28,0
00009605,50,2025-03-28,0
00009606,100,2025-02-19,0
00009607,500,2025-06-26,0
00009608,500,2023-07-12,0
00009609,200,2025-07-17,0
00009610,100,2025-03-11,0
00009611,500,2024-05-14,0
00009612,100,2023-10-23,0
00009613,200,2024-04-09,0
00009614,150,2024-07-26,0
00009615,500,2024-12-07,0
00009616,50,2025-04-27,0
00009617,150,2023-07-16,0
00009618,500,2024-07-21,0
00009619,150,2023-08-07,0
00009620,500,2025-08-14,0
00009621,200,2024-11-23,0
00009622,200,2024-07-10,0
00009623,500,2025-04-01,0
00009624,50,2024-04-16,0
00009625,200,2025-12-05,0
00009626,50,2024-06-06,0
00009627,50,2023-06-19,0
00009628,50,2022-06-15,250
00009629,500,2023-06-18,0
00009630,200,2022-07-30,0
00009631,200,2024-01-05,0
00009632,150,2022-01-01,0
00009633,50,2025-01-16,0
00009634,200,2022-02-10,0
00009635,200,2024-10-03,0
00009636,150,2025-02-26,0
00009637,100,2023-02-23,0
00009638,100,2024-01-24,0
00009639,200,2025-03-24,0
00009640,50,2023-07-24,0
00009641,50,2025-08-15,0
00009642,200,2024-04-16,0
00009643,500,2023-04-15,0
00009644,150,2022-04-04,0
00009645,150,2022-12-31,0
00009646,200,2022-05-28,0
00009647,500,2025-04-18,0
00009648,150,2024-07-01,0
00009649,50,2022-09-24,0
00009650,100,2025-01-08,0
00009651,200,2024-05-26,0
00009652,200,2023-09-09,0
00009653,50,2025-07-12,0
00009654,100,2024-11-25,0
00009655,500,2023-05-16,0
00009656,200,2025-02-19,0
00009657,200,2023-02-06,0
00009658,150,2023-03-29,150
00009659,50,2022-06-12,0
00009660,100,2024-06-18,0
00009661,200,2025-05-16,0
00009662,500,2025-08-21,0
00009663,150,2025-08-09,0
00009664,150,2022-10-29,0
00009665,200,2024-07-30,0
00009666,200,2024-08-30,1000
00009667,200,2023-11-02,0
00009668,50,2023-02-02,0
00009669,100,2023-06-04,0
00009670,150,2023-03-09,0
00009671,150,2024-04-05,0
00009672,500,2024-02-13,0
00009673,100,2023-04-22,0
00009674,50,2025-10-12,0
00009675,100,2023-04-01,0
00009676,200,2022-07-01,0
00009677,50,2024-07-07,0
00009678,50,2024-07-03,0
00009679,150,2024-08-02,0
00009680,200,2022-12-21,0
00009681,100,2024-03-05,0
00009682,200,2024-06-29,0
00009683,50,2024-11-09,0
00009684,500,2025-05-24,0
00009685,200,2023-06-27,0
00009686,150,2025-06-09,0
00009687,150,2025-08-24,0
00009688,150,2024-10-25,0
00009689,100,2025-04-18,0
00009690,100,2024-07-02,0
00009691,150,2022-02-26,0
00009692,100,2024-09-02,0
00009693,200,2025-02-15,0
00009694,50,2023-06-28,0
00009695,50,2024-09-10,0
00009696,150,2022-06-14,0
00009697,200,2023-12-20,0
00009698,50,2022-06-05,0
00009699,200,2023-03-02,0
00009700,100,2022-05-02,0
00009701,50,2022-03-08,0
00009702,50,2025-03-15,0
00009703,50,2024-04-17,0
00009704,150,2024-11-02,0
00009705,150,2023-06-24,0
00009706,500,2023-11-15,0
00009707,200,2024-01-19,0
00009708,100,2023-02-15,0
00009709,100,2024-04-22,0
00009710,50,2025-07-16,0
00009711,50,2022-03-17,0
00009712,50,2025-03-14,0
00009713,50,2022-05-03,0
00009714,150,2025-04-12,0
00009715,150,2024-05-13,100000
00009716,500,2024-10-24,0
00009717,200,2023-10-06,0
00009718,50,2025-01-26,0
00009719,150,2024-10-25,0
00009720,200,2023-07-21,0
00009721,50,2023-10-01,0
00009722,200,2024-07-07,0
00009723,50,2024-11-11,0
00009724,200,2024-11-12,0
00009725,50,2023-07-29,0
00009726,500,2024-04-22,0
00009727,200,2025-01-26,0
00009728,500,2022-02-02,0
00009729,100,2024-01-26,0
00009730,500,2025-04-15,0
00009731,500,2025-08-07,0
00009732,150,2022-12-03,0
00009733,100,2022-01-08,0
00009734,500,2025-12-13,0
00009735,200,2023-08-09,0
00009736,150,2023-07-24,0
00009737,100,2025-06-30,0
00009738,100,2022-11-15,100
00009739,150,2022-05-18,0
00009740,50,2024-12-25,0
00009741,50,2023-09-24,0
00009742,200,2023-05-14,0
00009743,500,2022-07-04,0
00009744,500,2023-11-27,0
00009745,200,2023-09-05,0
00009746,100,2022-01-06,0
00009747,500,2023-06-22,0
00009748,50,2025-10-08,0
00009749,100,2024-10-30,0
00009750,100,2024-01-02,0
00009751,500,2025-10-28,0
00009752,200,2024-04-27,0
00009753,200,2024-09-08,0
00009754,100,2022-07-04,0
00009755,150,2022-06-06,0
00009756,100,2022-01-18,0
00009757,500,2024-02-05,0
00009758,200,2023-10-14,0
00009759,50,2023-12-17,0
00009760,500,2024-12-15,0
00009761,150,2025-07-30,0
00009762,50,2024-09-28,0
00009763,150,2023-12-05,0
00009764,500,2022-04-29,0
00009765,500,2023-09-14,0
00009766,50,2022-12-16,0
00009767,500,2024-02-08,0
00009768,500,2022-08-15,0
00009769,150,2025-06-25,0
00009770,500,2023-02-25,0
00009771,50,2025-04-18,0
00009772,500,2025-03-17,500
00009773,50,2023-02-06,0
00009774,50,2023-06-13,0
00009775,100,2023-06-15,0
00009776,500,2022-12-21,0
00009777,100,2022-07-30,0
00009778,150,2025-03-22,0
00009779,100,2022-04-17,0
00009780,50,2022-12-22,500
00009781,100,2024-08-25,0
00009782,150,2022-07-05,0
00009783,150,2024-04-02,750
00009784,50,2023-11-12,0
00009785,150,2024-01-13,0
00009786,50,2022-05-09,0
00009787,50,2023-01-24,500
00009788,150,2022-01-22,0
00009789,500,2022-06-30,0
00009790,50,2022-04-08,0
00009791,200,2024-01-09,0
00009792,150,2025-09-21,0
00009793,150,2024-07-24,0
00009794,200,2023-05-02,0
00009795,150,2023-10-29,0
00009796,150,2022-09-03,0
00009797,100,2025-05-08,0
00009798,100,2024-04-12,0
00009799,500,2023-07-01,0
00009800,50,2024-05-03,0
00009801,50,2025-06-19,0
00009802,50,2022-02-16,0
00009803,50,2025-11-23,0
00009804,200,2025-11-14,0
00009805,50,2022-05-01,0
00009806,500,2025-07-27,0
00009807,150,2022-10-02,0
00009808,50,2024-04-08,0
00009809,200,2024-10-28,0
00009810,100,2025-11-08,10000
00009811,150,2025-07-30,0
00009812,200,2025-06-20,0
00009813,200,2022-10-27,1000
00009814,150,2024-10-13,0
00009815,50,2022-01-08,100000
00009816,100,2022-10-12,0
00009817,150,2024-10-05,0
00009818,100,2025-02-02,0
00009819,50,2025-12-11,0
00009820,100,2022-03-04,10000
00009821,150,2025-02-18,0
00009822,200,2022-09-21,0
00009823,100,2025-02-13,0
00009824,50,2022-10-24,0
00009825,50,2023-08-28,0
00009826,50,2023-11-10,0
00009827,500,2025-08-08,2500
00009828,500,2024-03-29,50000
00009829,50,2023-08-13,0
00009830,100,2023-01-08,0
00009831,200,2024-01-05,0
00009832,200,2023-06-24,0
00009833,200,2025-11-19,0
00009834,150,2022-03-27,0
00009835,50,2023-06-11,0
00009836,500,2025-04-11,0
00009837,200,2024-03-14,0
00009838,150,2023-02-23,15000
00009839,150,2025-07-08,0
00009840,200,2022-10-03,0
00009841,500,2024-10-04,0
00009842,500,2024-06-25,0
00009843,200,2023-12-13,0
00009844,500,2025-06-30,0
00009845,50,2023-02-26,0
00009846,50,2024-05-03,0
00009847,100,2025-04-26,100
00009848,50,2023-02-01,0
00009849,50,2023-07-27,0
00009850,500,2023-07-22,0
00009851,200,2022-06-13,0
00009852,500,2022-02-01,0
00009853,50,2023-03-01,0
00009854,150,2024-12-03,0
00009855,150,2023-05-19,0
00009856,500,2023-08-17,0
00009857,500,2025-12-27,0
00009858,150,2024-07-30,0
00009859,50,2024-01-11,0
00009860,200,2022-09-20,0
00009861,500,2024-01-05,0
00009862,200,2024-08-29,0
00009863,50,2025-03-01,0
00009864,100,2022-09-16,0
00009865,200,2024-10-07,100000
00009866,150,2024-11-11,0
00009867,200,2025-07-07,0
00009868,200,2023-11-11,0
00009869,100,2025-04-29,0
00009870,150,2025-09-20,0
00009871,500,2025-09-20,0
00009872,100,2024-12-12,0
00009873,500,2022-01-04,0
00009874,50,2024-12-15,0
00009875,100,2024-02-04,0
00009876,200,2024-11-10,0
00009877,200,2025-01-01,0
00009878,200,2024-09-20,0
00009879,200,2024-10-25,20000
00009880,150,2023-10-26,0
00009881,100,2024-09-09,0
00009882,150,2025-03-22,0
00009883,500,2024-08-30,0
00009884,50,2023-04-19,0
00009885,100,2022-06-16,0
00009886,150,2023-12-07,0
00009887,150,2025-05-13,0
00009888,500,2025-12-04,0
00009889,150,2025-01-05,0
00009890,150,2022-06-28,0
00009891,50,2025-12-16,0
00009892,500,2024-03-01,0
00009893,100,2024-05-27,0
00009894,50,2025-08-28,0
00009895,500,2025-06-21,0
00009896,150,2023-11-17,0
00009897,500,2024-04-12,0
00009898,150,2022-05-28,0
00009899,200,2023-09-29,0
00009900,500,2024-04-05,0
00009901,500,2024-05-24,0
00009902,50,2022-04-13,0
00009903,100,2023-12-20,0
00009904,100,2022-05-05,0
00009905,200,2023-01-28,0
00009906,50,2023-11-02,0
00009907,100,2022-12-20,0
00009908,100,2022-09-16,0
00009909,500,2023-03-17,0
00009910,500,2022-12-09,0
00009911,200,2025-02-07,100000
00009912,150,2024-06-11,0
00009913,50,2022-06-19,0
00009914,500,2022-03-10,0
00009915,100,2023-02-07,0
00009916,500,2022-01-11,5000
00009917,100,2024-06-17,0
00009918,150,2024-12-15,0
00009919,200,2022-08-02,0
00009920,150,2023-06-19,0
00009921,50,2023-12-08,0
00009922,100,2024-03-15,10000
00009923,200,2023-07-02,0
00009924,200,2025-07-20,0
00009925,200,2022-10-06,2000
00009926,100,2024-03-20,0
00009927,150,2025-07-02,0
00009928,50,2025-05-12,0
00009929,500,2023-12-16,0
00009930,100,2024-10-23,0
00009931,50,2022-12-16,0
00009932,150,2023-10-20,0
00009933,100,2025-02-14,0
00009934,50,2025-10-11,0
00009935,150,2023-10-18,0
00009936,50,2022-11-22,0
00009937,200,2023-06-17,0
00009938,500,2024-01-30,0
00009939,500,2023-07-01,0
00009940,200,2022-01-06,0
00009941,500,2022-02-15,0
00009942,150,2022-06-18,0
00009943,500,2025-11-28,0
00009944,50,2025-05-28,0
00009945,200,2024-09-16,0
00009946,50,2022-11-10,0
00009947,150,2023-09-05,1500
00009948,500,2022-12-05,0
00009949,50,2024-05-29,0
00009950,500,2025-01-13,0
00009951,100,2024-11-25,0
00009952,150,2025-09-19,0
00009953,150,2024-06-20,0
00009954,150,2024-02-16,0
00009955,500,2022-03-17,0
00009956,150,2023-10-30,0
00009957,500,2023-06-24,0
00009958,100,2025-07-31,0
00009959,100,2024-06-03,0
00009960,200,2022-07-28,0
00009961,200,2025-02-28,0
00009962,100,2022-01-06,0
00009963,150,2025-06-08,0
00009964,50,2024-09-24,0
00009965,100,2023-09-04,0
00009966,150,2023-03-08,0
00009967,200,2024-08-13,0
00009968,50,2025-09-21,50
00009969,150,2025-08-10,0
00009970,200,2023-04-14,0
00009971,500,2023-06-23,0
00009972,50,2025-09-12,0
00009973,500,2024-09-17,0
00009974,150,2024-01-19,0
00009975,500,2023-11-21,0
00009976,50,2023-04-03,0
00009977,200,2023-09-25,100000
00009978,150,2025-08-21,0
00009979,100,2025-06-22,0
00009980,100,2023-05-02,0
00009981,500,2024-01-22,0
00009982,150,2025-02-05,100000
00009983,150,2024-09-22,0
00009984,150,2024-09-26,0
00009985,500,2022-07-20,0
00009986,200,2022-04-01,0
00009987,500,2023-06-22,0
00009988,50,2023-02-01,0
00009989,100,2023-03-14,0
00009990,150,2024-06-28,150
00009991,200,2022-07-28,0
00009992,500,2024-06-29,0
00009993,50,2023-06-06,0
00009994,200,2025-10-03,0
00009995,100,2023-08-19,0
00009996,150,2023-10-17,0
00009997,50,2024-11-27,0
00009998,200,2023-08-04,0
00009999,200,2022-03-17,0
00010000,50,2023-01-27,0
