ticketNumber,nominalValue,lotteryDate,winAmount
00000001,50,2022-02-21,0
00000002,100,2023-04-03,0
00000003,50,2025-10-17,0
00000004,500,2022-06-28,0
00000005,50,2022-03-03,250
00000006,500,2025-05-17,2500
00000007,500,2024-05-09,0
00000008,500,2023-07-24,0
00000009,50,2022-11-23,0
00000010,150,2023-07-24,0
00000011,150,2022-07-29,150
00000012,150,2023-12-06,0
00000013,50,2024-07-29,0
00000014,200,2022-06-11,0
00000015,500,2024-01-11,0
00000016,50,2022-04-04,0
00000017,150,2022-06-13,0
00000018,50,2024-02-18,0
00000019,150,2022-11-30,0
00000020,100,2025-10-04,0
00000021,50,2025-06-01,0
00000022,500,2023-05-17,0
00000023,200,2023-07-07,0
00000024,500,2023-03-26,0
00000025,50,2023-04-15,0
00000026,150,2024-04-01,0
00000027,100,2025-03-07,0
00000028,150,2023-03-12,0
00000029,200,2025-08-09,0
00000030,150,2022-10-13,0
00000031,500,2025-01-08,0
00000032,500,2024-05-27,0
00000033,200,2024-01-12,0
00000034,100,2024-11-09,0
00000035,50,2022-08-13,0
00000036,100,2025-10-25,0
00000037,50,2024-02-28,0
00000038,200,2024-12-19,0
00000039,500,2022-01-24,0
00000040,50,2025-10-28,0
00000041,150,2025-08-05,0
00000042,150,2024-06-09,0
00000043,50,2023-06-24,0
00000044,100,2024-11-05,0
00000045,150,2025-08-01,0
00000046,100,2022-11-10,0
00000047,100,2025-01-09,0
00000048,500,2022-01-02,0
00000049,200,2022-02-09,0
00000050,150,2023-09-22,0
00000051,100,2025-03-07,0
00000052,50,2024-09-22,0
00000053,500,2022-09-15,0
00000054,200,2025-01-30,0
00000055,500,2025-05-27,0
00000056,100,2025-01-09,0
00000057,100,2025-12-31,0
00000058,150,2024-06-16,0
00000059,200,2022-09-05,0
00000060,50,2023-11-24,100000
00000061,100,2025-04-20,0
00000062,50,2025-12-20,0
00000063,100,2022-05-19,0
00000064,150,2022-05-26,0
00000065,150,2025-10-02,0
00000066,500,2022-09-28,0
00000067,500,2025-03-26,0
00000068,200,2024-04-13,0
00000069,50,2025-09-11,0
00000070,200,2024-04-21,0
00000071,50,2025-10-11,0
00000072,50,2022-05-05,0
00000073,150,2022-08-12,0
00000074,100,2025-01-03,0
00000075,200,2023-01-11,0
00000076,100,2022-06-04,0
00000077,500,2022-07-20,100000
00000078,50,2022-07-11,0
00000079,100,2022-12-07,0
00000080,200,2023-03-14,0
00000081,50,2022-12-04,0
00000082,200,2023-06-28,0
00000083,200,2023-08-08,0
00000084,500,2025-09-17,0
00000085,100,2023-01-24,0
00000086,50,2025-04-01,0
00000087,50,2023-10-05,100000
00000088,200,2024-10-26,0
00000089,500,2022-11-19,100000
00000090,50,2023-01-16,50
00000091,100,2024-04-06,0
00000092,500,2023-05-20,0
00000093,50,2025-06-22,100000
00000094,500,2024-12-06,0
00000095,150,2023-02-23,0
00000096,150,2023-05-04,0
00000097,100,2025-10-07,0
00000098,200,2023-10-10,0
00000099,50,2022-01-20,0
00000100,500,2022-07-24,2500
00000101,500,2023-06-28,0
00000102,150,2022-05-21,0
00000103,150,2023-08-07,0
00000104,500,2025-12-11,0
00000105,500,2022-01-17,0
00000106,500,2023-09-06,0
00000107,50,2022-10-03,0
00000108,50,2025-02-07,0
00000109,150,2025-05-23,0
00000110,150,2023-02-21,0
00000111,150,2024-11-01,0
00000112,50,2022-07-09,0
00000113,150,2022-04-01,750
00000114,150,2022-11-27,0
00000115,500,2025-12-16,0
00000116,50,2022-08-18,250
00000117,500,2022-03-15,0
00000118,500,2025-02-05,0
00000119,100,2022-03-27,0
00000120,50,2024-01-03,0
00000121,100,2025-09-27,0
00000122,500,2024-04-12,0
00000123,100,2023-04-30,0
00000124,100,2024-04-24,1000
00000125,200,2025-10-03,0
00000126,100,2023-07-01,0
00000127,50,2024-02-23,0
00000128,200,2023-04-01,0
00000129,200,2023-12-18,0
00000130,100,2023-04-02,500
00000131,200,2023-11-04,0
00000132,50,2023-07-26,0
00000133,500,2024-03-29,0
00000134,500,2023-11-10,0
00000135,50,2023-06-19,0
00000136,150,2022-03-20,0
00000137,200,2023-12-09,0
00000138,150,2024-06-12,0
00000139,500,2022-08-25,0
00000140,500,2023-01-25,0
00000141,200,2022-01-04,0
00000142,500,2025-11-07,0
00000143,100,2024-01-16,0
00000144,150,2025-06-30,0
00000145,50,2023-09-08,0
00000146,200,2023-10-31,0
00000147,150,2025-02-09,0
00000148,200,2025-09-23,0
00000149,100,2025-06-14,0
00000150,200,2025-01-27,0
00000151,150,2023-08-11,0
00000152,500,2025-05-27,0
00000153,200,2024-06-23,0
00000154,100,2024-11-12,0
00000155,100,2025-09-11,100000
00000156,500,2023-11-18,2500
00000157,150,2023-04-06,0
00000158,100,2022-02-20,10000
00000159,500,2022-05-30,0
00000160,500,2023-02-03,0
00000161,200,2024-10-09,0
00000162,100,2025-09-05,0
00000163,50,2024-05-20,0
00000164,500,2024-08-09,2500
00000165,50,2024-07-23,0
00000166,200,2025-09-29,0
00000167,500,2025-05-04,0
00000168,200,2025-06-08,0
00000169,500,2024-05-23,0
00000170,500,2024-07-02,0
00000171,200,2024-07-10,0
00000172,100,2025-07-29,0
00000173,500,2024-09-19,0
00000174,150,2024-06-19,1500
00000175,100,2023-07-11,0
00000176,500,2022-06-15,0
00000177,100,2024-02-24,0
00000178,100,2022-05-12,0
00000179,150,2025-01-16,0
00000180,50,2023-02-28,0
00000181,200,2025-04-11,0
00000182,50,2025-03-25,0
00000183,50,2023-12-22,0
00000184,200,2024-05-08,0
00000185,500,2025-05-20,0
00000186,200,2023-03-26,0
00000187,200,2022-03-01,0
00000188,200,2022-12-05,0
00000189,100,2025-06-28,0
00000190,200,2025-04-27,0
00000191,50,2022-06-21,0
00000192,100,2024-08-03,0
00000193,150,2024-02-16,0
00000194,200,2023-11-01,0
00000195,200,2023-07-24,0
00000196,200,2023-06-01,0
00000197,200,2022-02-09,0
00000198,50,2023-12-18,0
00000199,50,2025-08-27,50
00000200,100,2023-02-13,0
00000201,500,2022-11-09,0
00000202,200,2025-10-03,0
00000203,100,2024-08-10,0
00000204,150,2022-12-10,0
00000205,50,2022-12-02,0
00000206,50,2025-03-31,500
00000207,500,2025-10-19,0
00000208,200,2024-03-23,0
00000209,100,2022-06-05,0
00000210,100,2022-07-28,0
00000211,150,2025-11-02,0
00000212,50,2025-03-05,0
00000213,150,2024-12-27,0
00000214,150,2022-05-22,0
00000215,150,2022-01-26,0
00000216,200,2022-08-05,0
00000217,150,2025-07-25,0
00000218,200,2025-12-19,0
00000219,100,2024-12-04,0
00000220,150,2025-06-15,0
00000221,500,2024-09-17,0
00000222,500,2023-07-04,0
00000223,100,2022-06-27,0
00000224,200,2023-05-15,0
00000225,500,2025-06-03,0
00000226,150,2022-02-28,0
00000227,150,2023-01-08,0
00000228,150,2023-06-14,0
00000229,500,2025-12-07,0
00000230,500,2022-01-21,0
00000231,100,2022-06-25,0
00000232,200,2024-09-27,0
00000233,100,2025-11-15,0
00000234,200,2024-07-06,0
00000235,50,2023-08-26,0
00000236,100,2023-09-20,0
00000237,150,2024-08-27,0
00000238,150,2024-05-21,0
00000239,500,2023-11-09,0
00000240,200,2023-07-09,0
00000241,100,2022-09-05,0
00000242,150,2022-09-02,0
00000243,100,2023-01-28,0
00000244,200,2023-07-21,0
00000245,500,2025-05-07,0
00000246,50,2023-02-02,0
00000247,150,2023-01-03,0
00000248,500,2022-09-17,0
00000249,50,2025-02-07,0
00000250,100,2025-07-30,0
00000251,200,2022-07-30,0
00000252,500,2023-08-06,0
00000253,200,2023-11-29,0
00000254,50,2023-06-02,0
00000255,200,2022-08-22,0
00000256,200,2024-10-04,200
00000257,100,2022-11-02,0
00000258,150,2022-06-24,0
00000259,50,2025-02-16,0
00000260,500,2025-05-05,0
00000261,100,2024-12-06,0
00000262,200,2023-09-01,0
00000263,200,2023-09-18,0
00000264,50,2025-06-02,0
00000265,50,2023-03-02,0
00000266,150,2025-09-14,750
00000267,100,2025-02-04,100
00000268,200,2024-07-11,0
00000269,200,2023-08-20,2000
00000270,150,2025-12-10,0
00000271,50,2025-11-08,0
00000272,150,2025-07-04,0
00000273,100,2024-05-20,0
00000274,100,2025-08-19,0
00000275,150,2022-10-19,750
00000276,150,2025-05-03,0
00000277,500,2023-08-15,0
00000278,200,2025-11-11,0
00000279,200,2023-07-12,0
00000280,200,2024-06-15,200
00000281,200,2023-10-23,0
00000282,50,2022-07-07,0
00000283,500,2025-04-17,0
00000284,150,2025-03-26,750
00000285,200,2024-11-28,0
00000286,150,2023-01-07,0
00000287,200,2025-07-24,0
00000288,50,2024-08-20,0
00000289,150,2023-10-20,0
00000290,100,2023-11-07,0
00000291,200,2023-08-14,0
00000292,200,2025-01-31,200
00000293,150,2023-06-01,0
00000294,200,2024-11-19,0
00000295,50,2025-09-08,0
00000296,200,2024-04-26,100000
00000297,150,2025-06-29,0
00000298,200,2022-04-16,0
00000299,500,2022-09-26,0
00000300,200,2025-12-01,0
00000301,50,2025-07-14,0
00000302,100,2025-12-24,0
00000303,500,2022-01-29,0
00000304,50,2023-04-06,0
00000305,50,2024-08-03,0
00000306,100,2024-10-17,0
00000307,150,2024-11-08,0
00000308,200,2024-09-15,0
00000309,100,2024-07-24,0
00000310,200,2023-01-26,0
00000311,500,2022-10-07,0
00000312,150,2024-04-29,0
00000313,500,2023-07-02,0
00000314,150,2023-09-04,0
00000315,500,2025-09-13,0
00000316,100,2024-07-03,0
00000317,150,2023-11-12,0
00000318,500,2024-02-12,0
00000319,150,2023-01-22,0
00000320,100,2025-03-17,0
00000321,200,2022-03-31,0
00000322,200,2025-12-15,0
00000323,200,2024-03-01,0
00000324,100,2024-10-11,0
00000325,100,2024-10-25,0
00000326,150,2022-07-25,0
00000327,200,2022-07-24,0
00000328,200,2022-02-01,0
00000329,200,2025-09-02,0
00000330,50,2024-08-19,0
00000331,150,2023-11-25,0
00000332,200,2025-08-23,2000
00000333,500,2024-02-18,0
00000334,200,2025-01-13,200
00000335,100,2025-07-16,0
00000336,150,2023-04-11,0
00000337,200,2022-07-21,0
00000338,50,2024-06-27,0
00000339,150,2022-03-01,150
00000340,150,2024-01-05,0
00000341,100,2023-05-16,0
00000342,500,2025-10-28,0
00000343,100,2022-12-25,10000
00000344,500,2025-10-31,0
00000345,500,2022-10-21,0
00000346,150,2024-07-30,0
00000347,50,2024-08-10,0
00000348,500,2022-11-20,5000
00000349,500,2023-09-05,0
00000350,200,2025-11-14,0
00000351,150,2023-02-12,0
00000352,200,2022-08-07,0
00000353,500,2024-01-06,0
00000354,150,2022-02-14,0
00000355,200,2023-07-17,200
00000356,500,2024-10-14,0
00000357,150,2023-04-17,0
00000358,150,2023-03-25,0
00000359,500,2023-05-29,0
00000360,100,2025-07-10,100
00000361,150,2024-06-21,1500
00000362,100,2022-07-04,0
00000363,150,2024-04-30,0
00000364,100,2025-01-09,0
00000365,150,2024-12-23,0
00000366,150,2022-12-03,0
00000367,200,2023-08-28,0
00000368,150,2022-08-24,0
00000369,50,2022-10-16,0
00000370,100,2025-10-17,0
00000371,200,2025-02-15,0
00000372,200,2022-01-29,0
00000373,50,2024-07-20,0
00000374,150,2025-04-12,0
00000375,150,2022-08-10,0
00000376,200,2022-02-21,0
00000377,500,2023-11-03,0
00000378,100,2025-08-19,10000
00000379,150,2025-08-22,0
00000380,100,2022-04-03,0
00000381,150,2024-10-05,0
00000382,100,2025-01-05,0
00000383,200,2024-01-30,0
00000384,500,2024-05-08,0
00000385,100,2024-04-29,0
00000386,200,2025-06-14,0
00000387,150,2022-03-09,0
00000388,100,2024-06-27,0
00000389,100,2024-01-13,1000
00000390,500,2025-08-13,0
00000391,200,2023-07-20,0
00000392,50,2024-07-20,250
00000393,500,2022-02-13,5000
00000394,100,2022-09-15,0
00000395,100,2022-05-21,0
00000396,500,2023-03-01,0
00000397,100,2023-11-04,0
00000398,500,2022-01-06,0
00000399,100,2022-09-24,0
00000400,100,2022-08-14,0
00000401,50,2022-09-27,250
00000402,500,2023-10-26,5000
00000403,50,2022-09-17,0
00000404,500,2022-08-21,0
00000405,200,2024-07-07,0
00000406,500,2025-04-30,0
00000407,500,2023-03-30,0
00000408,50,2025-09-11,0
00000409,200,2025-08-10,0
00000410,50,2024-09-07,0
00000411,200,2025-11-06,0
00000412,200,2022-05-31,0
00000413,150,2025-05-30,0
00000414,100,2023-07-18,0
00000415,500,2025-01-28,0
00000416,200,2025-05-08,0
00000417,200,2024-11-01,0
00000418,50,2025-12-08,0
00000419,500,2023-03-17,0
00000420,100,2024-04-27,0
00000421,200,2024-03-27,0
00000422,50,2023-10-03,0
00000423,150,2024-02-06,0
00000424,200,2022-05-18,200
00000425,50,2024-06-03,500
00000426,100,2025-02-13,100000
00000427,500,2023-11-07,0
00000428,200,2023-12-26,0
00000429,200,2022-04-16,0
00000430,500,2023-10-02,0
00000431,500,2024-11-05,0
00000432,200,2023-04-05,0
00000433,150,2025-02-13,0
00000434,150,2025-03-21,0
00000435,200,2025-02-22,0
00000436,500,2025-06-10,0
00000437,500,2022-02-23,0
00000438,150,2022-03-01,0
00000439,150,2023-11-27,0
00000440,100,2022-10-21,0
00000441,200,2022-05-23,0
00000442,50,2022-07-07,0
00000443,100,2024-02-10,0
00000444,150,2022-11-19,0
00000445,150,2025-03-08,0
00000446,50,2022-11-15,0
00000447,500,2022-04-12,0
00000448,150,2024-06-26,0
00000449,200,2025-05-28,0
00000450,150,2023-03-18,0
00000451,50,2023-12-08,0
00000452,150,2025-10-20,0
00000453,200,2024-12-15,0
00000454,50,2023-03-28,0
00000455,500,2022-04-23,5000
00000456,100,2022-10-09,0
00000457,150,2023-11-03,0
00000458,200,2024-05-31,0
00000459,200,2024-12-26,0
00000460,500,2025-02-18,0
00000461,150,2022-05-28,0
00000462,50,2024-06-12,50
00000463,150,2025-03-25,0
00000464,200,2025-12-24,0
00000465,150,2022-08-24,0
00000466,150,2022-12-18,0
00000467,500,2024-07-31,0
00000468,150,2022-06-30,0
00000469,50,2023-05-14,0
00000470,200,2024-12-09,2000
00000471,150,2023-03-30,0
00000472,100,2022-06-06,0
00000473,50,2024-12-22,0
00000474,150,2023-12-21,0
00000475,100,2023-04-29,0
00000476,150,2023-02-09,0
00000477,100,2025-09-04,10000
00000478,200,2025-02-28,0
00000479,200,2025-10-26,0
00000480,500,2025-08-09,0
00000481,500,2023-10-24,0
00000482,150,2022-11-06,0
00000483,200,2024-06-24,0
00000484,150,2025-04-26,100000
00000485,50,2023-09-28,0
00000486,50,2022-04-27,0
00000487,150,2022-06-07,0
00000488,50,2025-06-13,0
00000489,200,2024-08-05,0
00000490,50,2024-07-10,0
00000491,500,2025-08-27,0
00000492,500,2024-09-01,0
00000493,50,2024-07-11,0
00000494,150,2022-06-22,0
00000495,100,2022-03-22,0
00000496,200,2024-06-18,0
00000497,500,2022-11-22,0
00000498,150,2024-03-04,0
00000499,150,2025-10-22,0
00000500,150,2022-05-15,0
00000501,500,2025-10-21,0
00000502,150,2025-09-06,0
00000503,500,2022-11-04,0
00000504,500,2025-09-21,0
00000505,150,2023-09-28,0
00000506,200,2022-09-22,0
00000507,50,2023-09-27,0
00000508,150,2022-09-19,0
00000509,500,2022-07-11,0
00000510,200,2024-11-07,0
00000511,150,2023-09-25,0
00000512,100,2023-12-01,0
00000513,200,2023-01-29,0
00000514,100,2022-11-14,100
00000515,500,2025-01-10,0
00000516,500,2022-03-19,0
00000517,500,2022-09-26,0
00000518,100,2022-11-29,0
00000519,500,2022-12-06,0
00000520,50,2024-04-21,0
00000521,100,2024-06-28,0
00000522,200,2023-04-25,0
00000523,150,2024-08-18,0
00000524,100,2024-01-24,0
00000525,500,2024-06-21,0
00000526,150,2024-02-22,0
00000527,200,2022-11-28,0
00000528,500,2022-10-11,0
00000529,50,2025-08-06,0
00000530,150,2025-02-09,0
00000531,500,2022-09-13,0
00000532,100,2023-07-13,0
00000533,500,2022-10-29,0
00000534,50,2023-03-31,0
00000535,150,2022-02-24,0
00000536,200,2024-10-25,0
00000537,200,2022-06-17,0
00000538,50,2023-10-15,0
00000539,150,2022-10-27,0
00000540,150,2024-08-25,0
00000541,100,2025-12-15,0
00000542,500,2022-01-11,0
00000543,50,2023-06-09,0
00000544,100,2025-01-28,0
00000545,500,2024-12-16,0
00000546,150,2023-05-02,0
00000547,50,2023-05-04,0
00000548,500,2024-07-25,50000
00000549,500,2025-01-02,100000
00000550,500,2023-05-11,0
00000551,150,2024-05-29,1500
00000552,100,2025-03-14,0
00000553,50,2024-12-08,0
00000554,50,2024-12-13,0
00000555,500,2025-02-08,50000
00000556,50,2025-07-25,0
00000557,150,2023-06-04,0
00000558,150,2022-05-19,0
00000559,50,2025-04-06,0
00000560,150,2022-10-01,100000
00000561,150,2025-08-09,0
00000562,200,2025-11-25,0
00000563,100,2022-10-04,10000
00000564,50,2023-08-24,0
00000565,100,2022-03-27,0
00000566,150,2024-11-21,0
00000567,500,2024-08-27,0
00000568,100,2023-08-09,0
00000569,50,2025-09-04,0
00000570,50,2024-01-24,0
00000571,200,2024-06-19,0
00000572,200,2023-11-26,0
00000573,200,2025-11-18,0
00000574,500,2023-07-01,0
00000575,200,2022-06-11,0
00000576,100,2025-01-22,0
00000577,50,2022-06-13,0
00000578,150,2023-09-20,0
00000579,200,2022-12-08,0
00000580,150,2024-07-04,1500
00000581,500,2024-06-09,0
00000582,50,2022-06-03,0
00000583,200,2024-01-15,0
00000584,100,2022-03-05,0
00000585,500,2025-10-20,0
00000586,50,2022-09-16,500
00000587,150,2024-02-24,0
00000588,50,2025-05-24,0
00000589,200,2024-01-30,0
00000590,50,2025-03-21,0
00000591,150,2024-03-26,0
00000592,150,2023-05-27,0
00000593,50,2023-01-17,0
00000594,200,2025-02-24,0
00000595,150,2025-12-12,0
00000596,500,2023-08-08,0
00000597,200,2023-02-14,0
00000598,50,2024-07-14,0
00000599,200,2022-06-29,0
00000600,150,2025-09-29,0
00000601,50,2025-01-31,0
00000602,150,2022-11-19,0
00000603,100,2024-01-11,0
00000604,50,2023-02-16,0
00000605,100,2024-10-08,100000
00000606,500,2024-01-26,0
00000607,500,2022-09-23,0
00000608,50,2022-05-15,0
00000609,200,2024-12-12,0
00000610,200,2025-03-23,2000
00000611,50,2024-07-10,0
00000612,500,2023-12-07,0
00000613,500,2025-08-03,0
00000614,100,2024-06-05,0
00000615,50,2022-09-12,0
00000616,150,2022-12-04,0
00000617,100,2023-12-10,0
00000618,500,2023-08-05,0
00000619,150,2023-02-07,0
00000620,500,2023-07-17,0
00000621,150,2025-06-12,0
00000622,500,2025-08-05,0
00000623,500,2022-11-12,0
00000624,500,2025-05-24,0
00000625,500,2022-03-26,0
00000626,50,2022-06-16,100000
00000627,150,2025-08-26,0
00000628,500,2024-05-03,0
00000629,50,2024-10-16,0
00000630,500,2023-08-17,0
00000631,150,2024-09-16,0
00000632,200,2023-09-02,0
00000633,50,2022-11-20,0
00000634,200,2024-08-09,0
00000635,500,2022-10-22,0
00000636,150,2023-12-09,0
00000637,100,2024-01-29,0
00000638,50,2023-10-16,0
00000639,50,2023-07-02,0
00000640,100,2022-07-18,10000
00000641,500,2024-05-06,0
00000642,100,2023-11-02,0
00000643,150,2023-01-24,0
00000644,200,2024-11-20,0
00000645,150,2024-10-15,15000
00000646,500,2024-07-25,0
00000647,100,2025-04-09,0
00000648,50,2023-07-31,0
00000649,200,2023-08-09,0
00000650,50,2024-06-01,0
00000651,150,2024-01-20,0
00000652,150,2022-04-03,0
00000653,500,2025-02-24,0
00000654,500,2023-08-15,100000
00000655,200,2025-01-31,0
00000656,500,2025-10-25,0
00000657,100,2022-07-18,0
00000658,150,2025-02-16,0
00000659,100,2023-02-12,0
00000660,200,2024-10-21,200
00000661,100,2023-11-14,0
00000662,500,2024-07-24,0
00000663,500,2022-10-14,0
00000664,500,2023-10-15,0
00000665,500,2023-09-05,0
00000666,500,2024-11-09,0
00000667,500,2023-09-06,0
00000668,50,2024-01-25,0
00000669,50,2024-05-03,0
00000670,50,2025-05-07,0
00000671,500,2025-03-28,0
00000672,50,2025-04-10,0
00000673,500,2025-07-12,0
00000674,200,2022-10-30,0
00000675,100,2022-03-06,0
00000676,50,2023-01-26,500
00000677,200,2022-11-07,0
00000678,100,2024-04-20,0
00000679,500,2024-08-23,0
00000680,50,2025-12-16,0
00000681,100,2025-02-22,0
00000682,200,2024-12-12,0
00000683,100,2024-07-30,0
00000684,150,2025-01-23,0
00000685,150,2025-06-03,0
00000686,100,2023-07-26,0
00000687,100,2023-09-02,0
00000688,100,2025-11-14,0
00000689,150,2024-09-09,0
00000690,150,2023-08-13,0
00000691,500,2024-02-17,0
00000692,200,2023-12-08,0
00000693,100,2023-08-18,100
00000694,150,2024-06-24,0
00000695,200,2023-03-15,0
00000696,500,2023-07-10,0
00000697,150,2022-10-09,0
00000698,500,2023-05-06,0
00000699,500,2023-04-08,0
00000700,50,2022-07-25,0
00000701,200,2022-07-25,0
00000702,100,2022-01-11,0
00000703,100,2024-04-13,0
00000704,200,2024-09-04,0
00000705,150,2023-10-20,0
00000706,50,2022-07-03,0
00000707,100,2024-12-31,0
00000708,50,2022-12-25,0
00000709,100,2022-03-16,0
00000710,200,2024-10-11,0
00000711,150,2022-03-18,100000
00000712,500,2022-08-08,0
00000713,150,2023-08-06,0
00000714,500,2024-12-09,0
00000715,100,2024-10-29,0
00000716,100,2022-08-19,0
00000717,200,2025-08-20,0
00000718,100,2022-01-29,0
00000719,150,2025-03-08,0
00000720,100,2022-12-26,0
00000721,200,2024-05-25,0
00000722,50,2024-03-31,0
00000723,100,2022-10-15,0
00000724,100,2022-01-14,0
00000725,100,2024-07-03,0
00000726,150,2023-09-11,0
00000727,500,2022-01-24,0
00000728,150,2025-11-19,0
00000729,50,2024-08-11,0
00000730,200,2025-11-06,0
00000731,150,2025-11-14,0
00000732,150,2024-01-23,0
00000733,100,2022-10-01,0
00000734,200,2025-05-25,0
00000735,500,2024-08-22,0
00000736,100,2023-05-22,0
00000737,500,2022-06-17,0
00000738,500,2025-12-12,0
00000739,500,2022-08-18,100000
00000740,500,2023-02-19,0
00000741,100,2022-12-03,0
00000742,500,2024-06-23,0
00000743,100,2025-04-09,0
00000744,500,2024-07-01,0
00000745,200,2022-09-28,0
00000746,200,2025-02-28,20000
00000747,150,2022-02-14,0
00000748,50,2023-03-23,0
00000749,50,2024-05-17,0
00000750,50,2025-01-13,0
00000751,50,2024-08-24,5000
00000752,100,2022-10-05,0
00000753,200,2024-02-06,0
00000754,200,2024-07-07,0
00000755,200,2024-02-09,100000
00000756,100,2025-08-31,0
00000757,50,2023-01-01,0
00000758,200,2024-12-19,0
00000759,100,2022-01-08,0
00000760,150,2024-08-06,0
00000761,500,2024-05-18,0
00000762,100,2023-05-22,0
00000763,100,2023-07-19,0
00000764,50,2022-03-07,0
00000765,200,2025-06-13,0
00000766,50,2023-05-08,0
00000767,50,2025-05-01,100000
00000768,50,2023-05-17,0
00000769,200,2024-06-17,0
00000770,100,2022-04-26,0
00000771,150,2023-04-25,0
00000772,500,2023-10-16,0
00000773,150,2023-05-01,0
00000774,100,2025-09-14,0
00000775,200,2023-09-08,0
00000776,500,2025-04-26,0
00000777,100,2025-07-06,0
00000778,500,2024-10-12,5000
00000779,200,2024-12-10,0
00000780,200,2024-04-16,0
00000781,200,2023-01-12,0
00000782,200,2023-05-09,0
00000783,150,2025-12-20,0
00000784,200,2022-04-29,0
00000785,200,2025-02-15,0
00000786,200,2023-05-13,0
00000787,150,2025-08-17,15000
00000788,150,2022-07-09,0
00000789,100,2022-04-16,0
00000790,500,2025-05-19,500
00000791,100,2025-04-18,0
00000792,500,2023-03-21,0
00000793,150,2023-09-13,0
00000794,50,2023-03-10,0
00000795,50,2024-09-07,0
00000796,500,2025-12-12,0
00000797,100,2025-02-04,0
00000798,150,2024-02-19,0
00000799,150,2023-09-24,0
00000800,500,2024-10-15,0
00000801,200,2023-10-18,0
00000802,150,2023-10-03,0
00000803,500,2023-03-30,0
00000804,50,2023-06-19,0
00000805,500,2025-04-01,0
00000806,150,2022-11-09,0
00000807,100,2024-02-17,0
00000808,100,2024-10-19,0
00000809,150,2023-06-12,0
00000810,200,2025-08-07,0
00000811,200,2022-12-11,0
00000812,150,2022-12-13,0
00000813,500,2024-09-27,0
00000814,500,2025-08-07,0
00000815,500,2022-03-11,0
00000816,50,2025-09-30,50
00000817,200,2022-10-09,0
00000818,100,2022-05-20,0
00000819,50,2023-03-24,0
00000820,150,2022-05-04,0
00000821,500,2024-09-16,0
00000822,50,2022-01-14,0
00000823,200,2022-01-25,2000
00000824,500,2023-08-11,50000
00000825,100,2022-08-08,0
00000826,500,2022-11-01,0
00000827,500,2024-12-14,0
00000828,150,2023-07-02,0
00000829,50,2024-02-04,0
00000830,200,2025-03-03,0
00000831,100,2023-09-07,0
00000832,50,2025-08-31,0
00000833,50,2022-07-11,0
00000834,200,2025-02-05,0
00000835,50,2025-12-10,0
00000836,200,2024-06-07,0
00000837,150,2025-03-04,0
00000838,50,2024-12-17,0
00000839,100,2023-03-09,0
00000840,500,2024-08-31,0
00000841,50,2025-11-02,0
00000842,500,2025-02-28,0
00000843,100,2023-10-07,500
00000844,500,2022-10-23,0
00000845,200,2022-06-07,0
00000846,500,2023-05-08,0
00000847,200,2025-10-18,0
00000848,150,2024-02-26,0
00000849,100,2025-11-12,0
00000850,500,2023-12-10,50000
00000851,100,2022-06-05,0
00000852,500,2025-05-04,0
00000853,150,2022-03-02,0
00000854,200,2024-10-01,0
00000855,500,2024-02-08,0
00000856,500,2025-09-15,0
00000857,500,2023-08-28,0
00000858,50,2022-06-18,0
00000859,200,2025-12-28,0
00000860,100,2024-03-08,0
00000861,50,2022-07-07,500
00000862,200,2024-01-08,0
00000863,50,2022-09-29,5000
00000864,200,2025-02-14,0
00000865,200,2022-07-31,2000
00000866,500,2022-07-10,0
00000867,150,2024-02-28,15000
00000868,200,2022-06-23,0
00000869,500,2023-05-13,0
00000870,100,2025-11-04,0
00000871,100,2023-07-05,0
00000872,200,2022-10-26,20000
00000873,150,2024-05-12,0
00000874,50,2024-01-10,0
00000875,100,2025-07-04,0
00000876,500,2023-02-05,0
00000877,100,2023-09-16,10000
00000878,150,2025-06-24,0
00000879,150,2024-06-20,0
00000880,500,2022-10-06,0
00000881,500,2025-11-24,0
00000882,150,2022-12-30,0
00000883,150,2023-08-20,0
00000884,200,2025-03-25,0
00000885,150,2024-02-10,0
00000886,200,2024-01-18,0
00000887,500,2023-02-14,0
00000888,500,2023-01-04,0
00000889,500,2022-02-25,0
00000890,200,2025-12-21,0
00000891,150,2025-11-19,15000
00000892,200,2022-10-13,0
00000893,100,2023-06-02,0
00000894,200,2024-02-12,100000
00000895,200,2025-04-07,0
00000896,500,2025-11-17,0
00000897,50,2024-01-07,0
00000898,500,2025-05-01,0
00000899,50,2022-08-12,0
00000900,150,2022-12-07,0
00000901,50,2025-02-27,0
00000902,200,2023-11-11,0
00000903,200,2022-08-05,2000
00000904,100,2024-11-11,0
00000905,500,2025-04-03,0
00000906,100,2024-07-01,0
00000907,200,2025-10-23,0
00000908,500,2022-11-05,0
00000909,50,2024-09-15,0
00000910,200,2022-06-25,0
00000911,100,2023-12-15,0
00000912,200,2023-02-28,0
00000913,150,2024-09-02,15000
00000914,150,2022-05-18,0
00000915,50,2022-02-16,0
00000916,50,2025-10-18,0
00000917,100,2024-11-22,0
00000918,100,2023-11-09,0
00000919,200,2023-04-20,0
00000920,100,2023-01-17,0
00000921,200,2024-03-21,100000
00000922,100,2024-07-09,0
00000923,200,2022-01-10,0
00000924,100,2023-07-25,0
00000925,50,2025-03-28,0
00000926,500,2023-01-18,0
00000927,100,2024-07-26,0
00000928,200,2024-12-16,0
00000929,150,2025-05-07,0
00000930,200,2025-04-17,0
00000931,150,2024-07-26,0
00000932,150,2025-06-12,0
00000933,100,2023-10-04,0
00000934,150,2022-08-28,0
00000935,100,2024-11-12,0
00000936,500,2022-10-10,0
00000937,200,2023-01-16,0
00000938,500,2025-11-21,0
00000939,100,2025-02-10,0
00000940,150,2022-10-15,0
00000941,200,2025-06-22,2000
00000942,50,2024-09-19,0
00000943,200,2025-02-24,0
00000944,200,2024-04-17,0
00000945,200,2025-12-25,0
00000946,200,2022-12-09,200
00000947,100,2023-08-22,500
00000948,500,2023-08-15,0
00000949,200,2025-03-04,0
00000950,200,2025-01-30,0
00000951,500,2022-08-22,0
00000952,500,2024-01-22,0
00000953,50,2024-06-22,0
00000954,200,2022-07-29,0
00000955,100,2023-09-02,0
00000956,50,2024-07-10,0
00000957,50,2024-06-18,0
00000958,50,2023-05-01,0
00000959,500,2025-11-12,0
00000960,500,2025-07-19,0
00000961,500,2022-10-13,0
00000962,100,2022-05-02,0
00000963,500,2023-07-30,0
00000964,100,2023-10-25,0
00000965,150,2023-08-16,0
00000966,500,2025-10-23,0
00000967,100,2024-04-22,0
00000968,150,2025-09-05,0
00000969,100,2023-05-27,0
00000970,150,2023-05-22,0
00000971,200,2024-09-29,0
00000972,150,2025-07-09,0
00000973,200,2022-06-04,0
00000974,50,2024-04-05,0
00000975,150,2025-11-23,0
00000976,150,2024-07-20,0
00000977,150,2025-04-06,150
00000978,200,2025-07-24,0
00000979,150,2022-05-10,0
00000980,200,2023-03-23,0
00000981,100,2024-10-10,0
00000982,150,2023-11-23,0
00000983,100,2025-03-05,0
00000984,150,2025-10-29,0
00000985,50,2022-07-23,0
00000986,200,2022-02-03,0
00000987,100,2024-06-22,0
00000988,200,2023-02-19,0
00000989,100,2025-08-24,0
00000990,150,2022-07-11,0
00000991,150,2022-06-18,0
00000992,100,2022-04-17,0
00000993,150,2025-12-03,0
00000994,200,2025-09-04,200
00000995,50,2023-03-14,0
00000996,100,2025-04-30,0
00000997,200,2022-01-20,2000
00000998,50,2024-05-14,0
00000999,200,2022-05-26,0
00001000,50,2022-07-29,0
00001001,150,2023-09-05,0
00001002,100,2025-08-06,0
00001003,100,2022-05-21,0
00001004,50,2025-06-03,0
00001005,200,2023-12-21,0
00001006,100,2024-04-23,0
00001007,200,2023-03-21,200
00001008,100,2022-09-10,0
00001009,200,2023-12-21,0
00001010,150,2022-10-14,0
00001011,50,2023-05-24,0
00001012,500,2025-05-29,0
00001013,50,2025-09-10,0
00001014,100,2024-11-26,0
00001015,100,2024-03-13,0
00001016,50,2023-05-06,0
00001017,50,2023-05-09,0
00001018,500,2022-05-26,0
00001019,50,2024-01-10,0
00001020,100,2024-03-03,0
00001021,500,2024-05-11,0
00001022,100,2024-08-22,0
00001023,50,2022-02-04,0
00001024,50,2023-06-21,0
00001025,50,2024-03-26,0
00001026,500,2024-04-30,0
00001027,200,2022-06-18,0
00001028,500,2025-06-15,0
00001029,50,2023-09-27,250
00001030,100,2025-01-03,0
00001031,500,2025-07-23,0
00001032,50,2023-09-28,0
00001033,100,2022-04-29,0
00001034,200,2022-08-26,0
00001035,500,2022-04-23,0
00001036,100,2022-09-02,500
00001037,50,2022-12-02,0
00001038,150,2024-12-07,0
00001039,150,2022-12-08,0
00001040,150,2022-08-30,0
00001041,50,2023-11-18,0
00001042,150,2024-12-08,100000
00001043,50,2024-10-13,0
00001044,150,2022-04-24,0
00001045,500,2022-12-08,0
00001046,150,2022-07-30,0
00001047,50,2023-04-13,0
00001048,50,2022-04-01,0
00001049,50,2023-05-16,500
00001050,200,2022-11-04,0
00001051,50,2025-02-06,0
00001052,200,2023-04-05,0
00001053,200,2023-10-18,0
00001054,50,2025-03-16,0
00001055,500,2025-10-10,0
00001056,100,2023-04-03,0
00001057,50,2024-04-01,5000
00001058,150,2023-09-29,0
00001059,500,2024-07-24,2500
00001060,150,2025-02-28,0
00001061,500,2023-05-12,0
00001062,500,2024-10-07,0
00001063,100,2025-01-24,0
00001064,100,2022-11-05,10000
00001065,50,2023-04-23,0
00001066,50,2023-11-18,5000
00001067,150,2022-08-01,0
00001068,100,2024-05-09,0
00001069,50,2022-10-19,0
00001070,50,2022-03-31,0
00001071,500,2024-04-25,0
00001072,150,2024-07-27,0
00001073,50,2025-04-04,250
00001074,200,2022-06-03,0
00001075,50,2024-06-09,0
00001076,100,2023-04-30,0
00001077,150,2024-03-15,0
00001078,150,2023-10-14,0
00001079,100,2022-06-02,0
00001080,100,2025-04-12,0
00001081,50,2022-12-03,0
00001082,150,2024-04-12,0
00001083,150,2023-03-02,0
00001084,200,2023-06-27,0
00001085,50,2022-11-19,0
00001086,150,2025-12-14,0
00001087,50,2023-03-17,0
00001088,150,2022-10-31,750
00001089,150,2024-03-22,0
00001090,150,2023-06-17,0
00001091,100,2022-03-05,0
00001092,200,2025-02-12,0
00001093,100,2022-07-13,0
00001094,100,2022-09-06,500
00001095,100,2023-02-10,0
00001096,150,2025-11-06,0
00001097,50,2025-04-07,0
00001098,50,2022-02-14,0
00001099,100,2025-08-15,0
00001100,100,2022-07-08,0
00001101,150,2022-09-08,15000
00001102,50,2022-12-11,0
00001103,200,2024-03-19,0
00001104,200,2025-10-31,0
00001105,150,2023-03-16,0
00001106,150,2023-07-28,0
00001107,100,2022-03-12,0
00001108,500,2023-05-19,0
00001109,200,2024-04-23,0
00001110,200,2022-05-05,20000
00001111,100,2024-05-08,0
00001112,500,2023-05-26,0
00001113,500,2022-02-09,0
00001114,150,2024-09-09,0
00001115,200,2023-12-06,0
00001116,500,2023-10-21,0
00001117,100,2022-02-23,0
00001118,100,2022-03-02,0
00001119,150,2022-04-30,0
00001120,200,2024-12-20,0
00001121,500,2023-04-22,0
00001122,50,2023-05-23,0
00001123,150,2024-12-28,0
00001124,50,2023-03-26,0
00001125,200,2023-12-28,0
00001126,100,2022-12-27,0
00001127,150,2025-11-29,0
00001128,500,2022-02-27,0
00001129,150,2025-03-08,0
00001130,500,2023-01-21,0
00001131,200,2025-01-15,0
00001132,200,2022-03-19,1000
00001133,500,2023-03-25,50000
00001134,50,2023-11-11,0
00001135,100,2022-09-25,0
00001136,100,2023-10-25,500
00001137,500,2025-12-14,0
00001138,50,2024-12-13,0
00001139,50,2024-02-05,0
00001140,200,2025-04-15,0
00001141,150,2023-10-23,0
00001142,100,2024-06-13,0
00001143,200,2025-08-22,0
00001144,500,2025-11-21,0
00001145,500,2024-01-01,0
00001146,500,2022-12-26,0
00001147,150,2022-09-18,0
00001148,50,2025-12-08,0
00001149,200,2025-03-08,100000
00001150,150,2025-06-06,0
00001151,500,2022-08-02,0
00001152,100,2023-11-10,0
00001153,100,2023-12-12,0
00001154,100,2025-07-26,0
00001155,50,2025-12-22,0
00001156,150,2024-07-03,750
00001157,100,2025-11-20,1000
00001158,50,2022-01-03,5000
00001159,200,2022-12-07,0
00001160,200,2024-02-15,0
00001161,200,2022-07-27,0
00001162,500,2025-08-26,0
00001163,100,2022-11-30,0
00001164,50,2023-08-27,500
00001165,50,2022-06-01,0
00001166,200,2022-11-26,0
00001167,500,2022-07-10,0
00001168,500,2024-09-15,0
00001169,200,2025-08-31,0
00001170,200,2022-11-18,2000
00001171,100,2023-01-25,0
00001172,500,2025-01-11,0
00001173,150,2023-09-02,0
00001174,50,2024-03-15,0
00001175,200,2022-11-11,200
00001176,200,2022-06-29,0
00001177,500,2024-09-10,0
00001178,50,2023-02-28,0
00001179,150,2022-06-17,0
00001180,50,2023-09-24,0
00001181,200,2024-09-28,0
00001182,150,2022-07-06,0
00001183,200,2023-01-14,0
00001184,200,2024-01-27,0
00001185,50,2023-06-24,0
00001186,150,2023-04-09,0
00001187,500,2022-05-07,0
00001188,50,2022-06-25,0
00001189,500,2024-04-27,0
00001190,500,2023-04-11,0
00001191,200,2024-12-06,0
00001192,500,2025-11-08,0
00001193,200,2025-03-18,0
00001194,200,2023-09-05,200
00001195,500,2025-03-15,0
00001196,500,2025-10-19,0
00001197,100,2022-09-04,0
00001198,200,2022-12-21,0
00001199,100,2023-03-10,0
00001200,100,2022-03-29,0
00001201,200,2023-02-18,0
00001202,100,2025-05-03,0
00001203,50,2022-06-28,0
00001204,200,2025-02-04,0
00001205,150,2024-11-30,0
00001206,50,2025-12-05,0
00001207,500,2024-05-09,0
00001208,100,2022-10-31,0
00001209,500,2022-07-25,0
00001210,500,2022-07-26,0
00001211,500,2023-12-06,0
00001212,150,2024-02-24,0
00001213,500,2025-06-01,0
00001214,100,2023-07-19,0
00001215,500,2025-05-31,0
00001216,200,2022-03-21,0
00001217,150,2025-11-15,0
00001218,200,2023-07-05,0
00001219,50,2023-11-23,0
00001220,150,2023-09-29,0
00001221,200,2025-11-26,0
00001222,100,2022-10-03,0
00001223,200,2023-10-20,0
00001224,200,2025-05-23,0
00001225,100,2024-06-23,0
00001226,200,2024-09-19,0
00001227,150,2022-04-26,0
00001228,100,2022-05-15,0
00001229,500,2024-04-06,0
00001230,500,2025-03-10,2500
00001231,100,2022-04-29,0
00001232,200,2022-04-14,0
00001233,100,2023-07-16,0
00001234,200,2024-10-31,0
00001235,50,2025-10-27,500
00001236,200,2025-05-01,0
00001237,200,2025-04-16,0
00001238,150,2022-12-01,0
00001239,150,2025-11-11,150
00001240,200,2022-04-12,0
00001241,500,2023-03-15,0
00001242,100,2025-10-19,0
00001243,200,2024-11-17,200
00001244,200,2022-09-28,0
00001245,500,2022-01-18,0
00001246,500,2023-09-18,0
00001247,150,2024-05-17,0
00001248,150,2024-07-29,0
00001249,200,2023-09-11,0
00001250,500,2024-03-24,0
00001251,50,2024-11-13,0
00001252,150,2025-02-23,0
00001253,500,2023-08-02,0
00001254,50,2024-09-13,500
00001255,150,2023-07-22,0
00001256,150,2023-01-21,0
00001257,100,2022-04-27,0
00001258,500,2024-04-07,0
00001259,100,2022-02-22,0
00001260,150,2023-06-16,0
00001261,200,2024-03-06,0
00001262,500,2025-12-21,0
00001263,100,2023-12-04,0
00001264,100,2025-11-06,0
00001265,200,2025-10-07,0
00001266,150,2022-12-15,0
00001267,500,2023-01-06,0
00001268,200,2022-09-20,0
00001269,500,2023-01-10,0
00001270,150,2025-09-02,1500
00001271,100,2023-09-21,0
00001272,150,2024-02-01,0
00001273,150,2024-08-07,0
00001274,200,2022-04-20,0
00001275,500,2025-04-03,0
00001276,50,2024-08-25,0
00001277,500,2022-09-03,0
00001278,200,2024-12-21,0
00001279,50,2022-11-05,0
00001280,100,2023-12-03,0
00001281,500,2024-07-26,0
00001282,100,2022-06-15,0
00001283,100,2023-10-04,0
00001284,50,2024-07-14,0
00001285,100,2025-03-26,0
00001286,200,2022-06-30,0
00001287,200,2025-07-21,0
00001288,200,2024-09-04,0
00001289,50,2024-12-29,0
00001290,150,2022-01-29,0
00001291,500,2023-01-26,500
00001292,100,2023-04-09,0
00001293,150,2023-10-02,0
00001294,200,2024-10-27,0
00001295,100,2022-05-14,0
00001296,150,2023-08-19,0
00001297,500,2025-05-06,0
00001298,200,2025-11-07,0
00001299,150,2024-09-30,0
00001300,100,2022-12-04,0
00001301,200,2022-02-09,0
00001302,100,2023-03-09,0
00001303,500,2024-10-30,0
00001304,150,2025-12-27,0
00001305,50,2024-02-08,0
00001306,150,2024-12-31,0
00001307,500,2022-04-09,0
00001308,50,2022-04-09,0
00001309,200,2024-06-28,0
00001310,500,2023-06-02,0
00001311,100,2023-02-25,0
00001312,50,2023-09-09,0
00001313,50,2025-09-18,0
00001314,500,2025-05-25,0
00001315,200,2022-08-03,0
00001316,500,2022-08-30,0
00001317,50,2024-10-16,0
00001318,100,2023-06-23,0
00001319,100,2024-01-04,0
00001320,150,2022-11-25,15000
00001321,100,2025-11-10,0
00001322,150,2023-04-26,150
00001323,50,2025-03-21,0
00001324,100,2022-07-04,0
00001325,50,2022-07-27,0
00001326,100,2024-07-24,0
00001327,150,2023-06-25,0
00001328,50,2022-12-24,0
00001329,150,2024-01-08,0
00001330,150,2024-05-22,0
00001331,50,2022-04-04,250
00001332,100,2023-11-05,0
00001333,200,2025-06-27,0
00001334,50,2024-02-03,0
00001335,100,2022-08-22,0
00001336,200,2023-07-11,0
00001337,200,2024-05-13,0
00001338,100,2022-08-20,0
00001339,50,2022-11-23,0
00001340,500,2024-09-15,0
00001341,200,2023-01-07,0
00001342,150,2025-06-06,750
00001343,200,2024-09-26,0
00001344,200,2024-06-21,2000
00001345,150,2022-01-26,0
00001346,500,2025-03-26,0
00001347,100,2025-10-03,0
00001348,500,2024-12-07,0
00001349,500,2022-07-15,0
00001350,100,2024-09-13,0
00001351,200,2022-11-01,0
00001352,500,2025-06-09,2500
00001353,500,2024-08-19,0
00001354,100,2022-06-03,0
00001355,150,2023-05-09,0
00001356,150,2022-04-14,0
00001357,500,2025-08-10,0
00001358,100,2022-06-11,0
00001359,500,2024-07-06,50000
00001360,200,2023-10-10,0
00001361,200,2025-08-31,20000
00001362,200,2022-03-15,0
00001363,50,2022-07-06,0
00001364,500,2025-07-29,0
00001365,500,2025-02-25,0
00001366,200,2023-11-30,0
00001367,50,2023-04-02,0
00001368,150,2025-02-21,0
00001369,500,2024-08-26,0
00001370,150,2024-07-15,0
00001371,100,2022-01-05,0
00001372,150,2025-01-26,0
00001373,50,2022-04-04,0
00001374,200,2022-10-15,0
00001375,200,2022-08-08,0
00001376,100,2023-01-20,0
00001377,200,2023-03-18,0
00001378,100,2023-11-24,0
00001379,200,2022-04-06,0
00001380,500,2022-09-10,0
00001381,200,2024-07-25,0
00001382,500,2022-10-03,0
00001383,50,2024-12-22,0
00001384,500,2024-06-05,0
00001385,200,2024-11-07,0
00001386,100,2025-11-17,0
00001387,100,2022-08-01,0
00001388,500,2025-05-26,0
00001389,500,2024-02-27,0
00001390,500,2025-11-19,0
00001391,150,2024-03-25,0
00001392,150,2024-07-16,0
00001393,100,2024-04-25,0
00001394,500,2023-09-05,0
00001395,500,2023-10-05,0
00001396,500,2025-07-19,0
00001397,100,2025-07-02,0
00001398,150,2025-10-09,0
00001399,100,2024-10-28,0
00001400,150,2025-12-25,0
00001401,150,2025-02-25,0
00001402,500,2025-09-28,0
00001403,500,2023-08-09,0
00001404,200,2022-01-27,0
00001405,50,2024-02-20,0
00001406,50,2023-02-14,0
00001407,100,2023-08-10,0
00001408,100,2022-05-08,0
00001409,150,2023-02-22,0
00001410,50,2024-01-05,0
00001411,50,2025-06-15,0
00001412,500,2023-04-05,0
00001413,500,2024-03-07,0
00001414,150,2025-11-20,0
00001415,200,2024-03-04,0
00001416,150,2025-02-04,1500
00001417,100,2025-06-24,0
00001418,200,2023-04-07,0
00001419,150,2025-04-20,0
00001420,500,2023-02-07,0
00001421,100,2023-08-26,0
00001422,50,2023-01-18,0
00001423,500,2022-09-02,0
00001424,200,2023-07-26,0
00001425,100,2022-11-26,0
00001426,150,2022-01-12,0
00001427,100,2022-03-23,0
00001428,150,2025-05-07,100000
00001429,150,2024-10-01,0
00001430,500,2024-01-04,5000
00001431,500,2023-03-27,0
00001432,500,2022-05-20,0
00001433,100,2024-05-01,0
00001434,200,2022-07-08,0
00001435,100,2025-09-20,0
00001436,150,2023-08-25,0
00001437,500,2024-12-22,0
00001438,500,2025-08-22,5000
00001439,200,2023-05-08,0
00001440,500,2025-06-26,0
00001441,50,2025-10-29,0
00001442,200,2022-08-21,0
00001443,500,2023-08-03,100000
00001444,150,2024-11-19,0
00001445,200,2024-09-23,1000
00001446,150,2024-11-18,150
00001447,100,2025-01-06,0
00001448,50,2023-03-08,0
00001449,100,2025-11-04,0
00001450,50,2023-02-26,0
00001451,200,2025-08-17,0
00001452,50,2025-11-06,0
00001453,200,2023-11-11,200
00001454,50,2022-12-31,0
00001455,500,2022-05-25,0
00001456,100,2023-06-14,0
00001457,200,2025-07-14,0
00001458,150,2022-02-04,0
00001459,50,2024-12-31,100000
00001460,50,2025-04-14,50
00001461,150,2024-10-26,0
00001462,150,2025-05-27,15000
00001463,200,2024-03-20,0
00001464,50,2024-08-28,0
00001465,100,2022-10-07,0
00001466,500,2023-08-28,0
00001467,100,2023-09-03,0
00001468,150,2022-01-23,0
00001469,500,2022-10-17,0
00001470,50,2025-03-18,0
00001471,500,2025-01-26,0
00001472,150,2023-03-07,0
00001473,150,2023-03-10,0
00001474,500,2022-10-19,0
00001475,100,2025-06-17,0
00001476,100,2022-08-23,0
00001477,500,2022-04-22,0
00001478,500,2024-08-02,0
00001479,50,2023-08-19,0
00001480,150,2022-07-21,0
00001481,500,2024-09-24,0
00001482,150,2022-09-20,0
00001483,100,2022-07-24,0
00001484,50,2023-02-01,0
00001485,200,2023-11-04,0
00001486,150,2025-11-21,0
00001487,500,2025-03-06,0
00001488,150,2024-05-27,0
00001489,150,2023-05-20,0
00001490,200,2023-07-21,0
00001491,100,2025-10-23,0
00001492,200,2024-08-05,0
00001493,150,2024-09-24,0
00001494,100,2025-08-15,0
00001495,150,2022-10-14,0
00001496,100,2023-06-24,0
00001497,50,2022-06-04,0
00001498,500,2025-07-17,100000
00001499,500,2024-04-09,0
00001500,100,2022-03-17,0
00001501,500,2025-01-10,0
00001502,100,2024-01-20,0
00001503,500,2023-08-19,0
00001504,500,2024-11-11,5000
00001505,500,2022-01-22,0
00001506,500,2025-11-02,0
00001507,500,2022-10-15,0
00001508,100,2025-03-05,0
00001509,100,2024-09-17,0
00001510,50,2023-03-25,0
00001511,100,2022-05-09,0
00001512,100,2022-03-29,0
00001513,500,2024-01-10,0
00001514,200,2022-04-06,2000
00001515,50,2025-12-12,0
00001516,150,2023-06-24,0
00001517,500,2022-12-23,0
00001518,200,2024-01-19,0
00001519,50,2024-11-24,0
00001520,100,2024-11-23,0
00001521,150,2024-09-24,0
00001522,500,2022-01-14,0
00001523,100,2024-06-19,0
00001524,50,2024-11-19,0
00001525,100,2022-11-04,0
00001526,150,2025-05-17,0
00001527,50,2025-09-15,0
00001528,150,2022-08-21,0
00001529,200,2024-09-08,0
00001530,100,2025-08-18,0
00001531,50,2023-05-15,100000
00001532,500,2022-11-26,0
00001533,500,2022-03-22,0
00001534,100,2022-04-25,0
00001535,100,2024-11-24,0
00001536,500,2025-02-28,0
00001537,150,2022-06-25,0
00001538,500,2024-08-23,0
00001539,100,2023-03-26,0
00001540,500,2022-10-20,0
00001541,100,2025-06-30,0
00001542,150,2022-12-10,0
00001543,150,2024-07-17,0
00001544,50,2023-04-16,0
00001545,100,2022-08-11,100000
00001546,500,2025-11-02,0
00001547,100,2025-05-25,10000
00001548,500,2025-05-13,100000
00001549,500,2022-08-29,2500
00001550,500,2025-01-09,0
00001551,200,2024-12-05,0
00001552,50,2025-11-29,0
00001553,100,2024-09-14,0
00001554,200,2023-12-19,0
00001555,500,2022-07-20,0
00001556,150,2024-09-04,0
00001557,50,2023-08-04,0
00001558,500,2024-04-16,0
00001559,50,2025-12-23,0
00001560,50,2025-03-29,0
00001561,500,2022-01-15,0
00001562,100,2025-11-09,0
00001563,200,2024-01-12,0
00001564,200,2025-08-27,0
00001565,150,2025-01-02,0
00001566,150,2025-06-07,0
00001567,200,2023-02-22,0
00001568,500,2024-09-15,0
00001569,500,2025-02-10,0
00001570,150,2025-03-29,0
00001571,200,2022-10-10,0
00001572,50,2023-04-16,0
00001573,100,2022-07-25,0
00001574,200,2023-11-25,0
00001575,500,2025-11-28,0
00001576,50,2022-11-26,0
00001577,50,2022-07-06,0
00001578,200,2025-05-14,0
00001579,50,2023-06-23,0
00001580,50,2025-06-01,5000
00001581,200,2025-06-11,0
00001582,150,2025-12-28,0
00001583,50,2022-12-25,0
00001584,200,2022-01-22,0
00001585,500,2023-08-09,0
00001586,500,2024-11-11,0
00001587,100,2025-06-13,0
00001588,50,2024-01-07,0
00001589,50,2022-11-19,500
00001590,200,2023-12-25,0
00001591,200,2025-04-15,0
00001592,50,2025-12-12,50
00001593,500,2023-08-06,0
00001594,500,2025-04-08,0
00001595,150,2023-04-09,0
00001596,100,2024-07-20,0
00001597,500,2022-01-10,0
00001598,200,2024-11-02,0
00001599,50,2024-10-27,0
00001600,50,2024-11-17,0
00001601,500,2025-03-23,0
00001602,200,2024-02-12,0
00001603,100,2023-11-27,0
00001604,200,2025-10-27,0
00001605,500,2022-02-26,0
00001606,150,2022-05-19,0
00001607,100,2025-10-18,0
00001608,150,2024-04-24,0
00001609,500,2025-01-02,5000
00001610,100,2023-08-12,1000
00001611,50,2025-02-09,0
00001612,200,2023-10-05,0
00001613,500,2023-07-06,0
00001614,100,2024-10-18,0
00001615,100,2023-05-11,0
00001616,100,2023-04-15,0
00001617,100,2025-06-20,0
00001618,50,2022-09-03,0
00001619,200,2025-06-11,100000
00001620,50,2024-09-14,0
00001621,150,2024-10-05,0
00001622,500,2023-07-17,0
00001623,500,2023-07-28,0
00001624,500,2022-09-20,50000
00001625,200,2025-01-12,2000
00001626,200,2025-11-06,0
00001627,200,2022-09-04,0
00001628,200,2023-10-09,0
00001629,50,2025-10-12,0
00001630,500,2022-07-26,0
00001631,500,2023-06-16,0
00001632,150,2023-05-01,0
00001633,500,2023-12-04,0
00001634,200,2024-05-18,0
00001635,150,2024-01-18,0
00001636,150,2024-07-12,0
00001637,100,2025-03-25,0
00001638,50,2023-07-07,0
00001639,500,2024-06-04,0
00001640,100,2022-10-26,0
00001641,100,2024-08-26,0
00001642,100,2024-05-13,0
00001643,500,2024-12-29,0
00001644,200,2023-09-07,0
00001645,500,2022-04-08,0
00001646,100,2022-05-03,0
00001647,150,2024-09-02,0
00001648,50,2024-07-10,0
00001649,150,2024-01-10,0
00001650,500,2023-06-12,0
00001651,200,2022-09-06,0
00001652,500,2023-02-12,0
00001653,500,2022-12-24,0
00001654,150,2023-12-29,0
00001655,500,2024-09-25,0
00001656,200,2022-06-10,0
00001657,150,2024-08-07,0
00001658,100,2022-12-10,0
00001659,150,2024-05-13,0
00001660,500,2024-04-08,0
00001661,50,2022-06-12,0
00001662,100,2023-10-05,0
00001663,150,2025-12-25,0
00001664,200,2023-07-10,0
00001665,150,2025-04-17,0
00001666,200,2024-04-27,0
00001667,50,2022-09-14,0
00001668,150,2025-12-06,0
00001669,100,2022-12-08,0
00001670,50,2022-05-11,0
00001671,200,2025-01-28,20000
00001672,500,2022-06-20,0
00001673,500,2022-11-15,50000
00001674,150,2023-04-15,0
00001675,150,2024-06-26,0
00001676,100,2024-12-14,0
00001677,50,2022-03-13,0
00001678,150,2024-09-02,0
00001679,500,2023-07-12,0
00001680,100,2025-11-29,0
00001681,500,2025-05-08,0
00001682,500,2024-06-09,0
00001683,500,2023-09-27,0
00001684,200,2025-01-10,0
00001685,50,2024-06-23,0
00001686,200,2023-06-17,0
00001687,50,2022-01-01,0
00001688,100,2023-12-06,0
00001689,500,2022-01-18,0
00001690,200,2024-09-04,0
00001691,200,2023-08-23,0
00001692,50,2025-01-27,0
00001693,200,2025-02-22,0
00001694,100,2022-12-01,0
00001695,200,2024-02-14,0
00001696,50,2024-05-14,0
00001697,500,2025-06-09,0
00001698,150,2023-08-07,0
00001699,500,2023-07-05,0
00001700,50,2023-01-09,0
00001701,50,2025-07-28,0
00001702,200,2023-07-12,0
00001703,200,2023-01-20,0
00001704,100,2022-04-12,0
00001705,50,2023-01-16,0
00001706,150,2023-07-06,0
00001707,200,2022-01-17,0
00001708,100,2022-01-31,0
00001709,150,2024-05-10,0
00001710,200,2024-01-31,0
00001711,50,2023-11-08,250
00001712,50,2023-06-30,0
00001713,50,2025-01-17,0
00001714,100,2023-05-28,0
00001715,50,2022-09-07,0
00001716,100,2024-02-28,0
00001717,200,2023-05-22,0
00001718,50,2023-02-12,0
00001719,50,2024-12-03,0
00001720,100,2024-08-26,0
00001721,150,2023-10-24,0
00001722,50,2025-01-30,0
00001723,150,2024-09-12,0
00001724,100,2024-01-09,0
00001725,100,2022-08-20,0
00001726,200,2023-10-27,2000
00001727,500,2022-09-03,0
00001728,100,2022-01-19,0
00001729,500,2025-11-15,0
00001730,500,2022-11-14,0
00001731,50,2023-05-25,0
00001732,50,2025-11-05,0
00001733,50,2022-05-03,0
00001734,100,2025-12-07,0
00001735,50,2022-09-15,0
00001736,150,2025-02-17,0
00001737,150,2024-06-17,0
00001738,50,2025-11-12,0
00001739,100,2023-05-29,0
00001740,200,2025-12-18,0
00001741,150,2025-01-16,0
00001742,100,2025-03-06,0
00001743,150,2023-10-25,0
00001744,150,2025-05-11,0
00001745,500,2022-11-25,2500
00001746,200,2023-08-29,0
00001747,500,2024-01-22,0
00001748,500,2024-02-16,0
00001749,50,2025-06-23,0
00001750,500,2023-05-05,0
00001751,50,2025-09-10,0
00001752,200,2023-01-24,0
00001753,200,2025-02-03,0
00001754,150,2023-10-23,0
00001755,150,2022-08-15,150
00001756,50,2022-09-23,0
00001757,50,2023-02-18,0
00001758,100,2022-07-22,10000
00001759,200,2024-12-12,0
00001760,500,2023-06-09,2500
00001761,500,2022-05-26,2500
00001762,200,2022-06-13,0
00001763,50,2024-01-10,0
00001764,200,2024-01-26,0
00001765,50,2025-06-17,0
00001766,50,2022-05-25,0
00001767,50,2023-03-19,0
00001768,50,2022-07-27,0
00001769,500,2024-02-29,0
00001770,500,2025-09-07,0
00001771,100,2025-02-17,0
00001772,200,2022-08-05,0
00001773,500,2024-01-04,0
00001774,200,2022-08-02,0
00001775,100,2025-01-31,0
00001776,150,2025-09-08,0
00001777,500,2024-06-26,0
00001778,150,2025-01-31,0
00001779,150,2024-02-01,0
00001780,200,2023-10-25,0
00001781,500,2025-01-22,0
00001782,500,2023-06-05,0
00001783,200,2024-07-05,0
00001784,50,2022-03-12,0
00001785,500,2022-02-03,0
00001786,150,2022-01-14,0
00001787,100,2023-03-16,0
00001788,50,2025-11-13,0
00001789,500,2024-11-13,0
00001790,500,2022-11-13,50000
00001791,150,2022-11-16,0
00001792,150,2025-04-07,0
00001793,150,2023-09-08,15000
00001794,500,2023-03-22,0
00001795,150,2024-09-15,0
00001796,500,2022-07-15,0
00001797,150,2022-03-18,0
00001798,500,2024-02-21,500
00001799,150,2023-12-14,0
00001800,200,2024-05-03,0
00001801,50,2023-04-10,0
00001802,500,2022-01-24,0
00001803,200,2022-04-21,0
00001804,50,2023-10-16,0
00001805,100,2023-11-01,0
00001806,100,2022-11-10,10000
00001807,200,2025-05-03,0
00001808,50,2023-03-31,0
00001809,200,2022-10-31,0
00001810,50,2024-09-01,0
00001811,50,2025-01-27,0
00001812,50,2024-03-27,0
00001813,100,2022-10-04,0
00001814,100,2024-09-26,0
00001815,500,2023-02-06,0
00001816,500,2023-05-20,0
00001817,150,2024-05-30,0
00001818,500,2022-07-03,0
00001819,200,2024-05-17,0
00001820,100,2023-10-19,0
00001821,50,2023-09-17,0
00001822,150,2025-06-16,0
00001823,200,2025-06-30,0
00001824,50,2023-04-24,0
00001825,150,2022-11-16,0
00001826,50,2022-08-19,0
00001827,100,2025-06-25,0
00001828,150,2022-01-29,0
00001829,50,2023-09-17,0
00001830,50,2023-11-11,0
00001831,500,2023-03-10,0
00001832,500,2023-06-14,0
00001833,500,2022-10-17,0
00001834,50,2024-02-11,0
00001835,500,2022-03-31,0
00001836,50,2023-08-05,0
00001837,500,2023-07-10,500
00001838,50,2024-03-06,0
00001839,150,2022-08-09,15000
00001840,100,2024-02-19,0
00001841,50,2023-10-09,0
00001842,500,2024-12-24,2500
00001843,500,2024-07-26,0
00001844,50,2022-03-23,0
00001845,500,2023-09-17,0
00001846,200,2022-11-18,2000
00001847,150,2025-07-04,0
00001848,500,2023-07-19,0
00001849,150,2024-03-03,0
00001850,50,2025-02-10,0
00001851,100,2022-11-07,0
00001852,200,2025-09-07,0
00001853,200,2024-12-02,0
00001854,500,2025-07-05,0
00001855,200,2023-05-08,0
00001856,200,2023-10-02,0
00001857,150,2024-07-08,0
00001858,100,2025-08-29,0
00001859,500,2025-11-01,0
00001860,100,2023-09-25,0
00001861,500,2022-10-04,0
00001862,100,2025-09-05,0
00001863,100,2023-10-13,100000
00001864,50,2023-01-13,0
00001865,100,2022-03-02,0
00001866,200,2024-04-22,0
00001867,150,2022-11-08,0
00001868,50,2022-09-27,0
00001869,500,2025-06-17,0
00001870,500,2025-06-08,0
00001871,100,2023-04-18,0
00001872,150,2022-06-12,0
00001873,200,2022-10-02,0
00001874,500,2024-08-18,0
00001875,150,2023-01-12,0
00001876,200,2024-08-28,0
00001877,100,2023-04-09,100
00001878,150,2024-04-25,0
00001879,100,2023-02-23,10000
00001880,500,2024-09-30,0
00001881,200,2023-05-21,0
00001882,50,2025-05-30,0
00001883,200,2023-10-03,0
00001884,500,2025-05-01,0
00001885,50,2024-12-02,0
00001886,200,2022-03-28,0
00001887,100,2024-11-28,0
00001888,50,2025-02-16,0
00001889,50,2023-01-24,0
00001890,200,2023-09-16,0
00001891,150,2024-08-02,0
00001892,150,2025-06-09,0
00001893,500,2022-10-19,0
00001894,200,2022-07-05,0
00001895,50,2023-01-04,0
00001896,500,2022-10-05,0
00001897,150,2024-07-12,15000
00001898,500,2025-12-30,0
00001899,200,2022-07-04,0
00001900,100,2022-09-11,10000
00001901,150,2022-06-24,0
00001902,200,2024-11-13,0
00001903,100,2024-02-15,0
00001904,50,2022-12-16,0
00001905,500,2025-09-12,0
00001906,100,2022-10-24,0
00001907,50,2024-05-09,0
00001908,200,2023-08-15,0
00001909,50,2022-09-27,0
00001910,50,2025-06-29,0
00001911,50,2024-07-28,0
00001912,200,2025-01-18,0
00001913,500,2024-10-07,0
00001914,500,2025-09-12,0
00001915,200,2024-06-23,100000
00001916,50,2023-05-17,0
00001917,150,2025-06-23,0
00001918,100,2022-04-11,0
00001919,50,2025-08-30,0
00001920,100,2022-03-08,0
00001921,500,2023-09-04,0
00001922,50,2022-04-11,0
00001923,100,2022-11-27,0
00001924,500,2025-09-15,0
00001925,500,2025-03-18,0
00001926,100,2024-07-21,0
00001927,150,2022-03-15,1500
00001928,150,2024-01-25,0
00001929,50,2024-05-25,0
00001930,50,2023-08-23,0
00001931,50,2025-11-23,0
00001932,150,2024-12-15,0
00001933,100,2025-11-26,0
00001934,50,2022-08-12,0
00001935,500,2022-06-29,0
00001936,500,2025-12-18,0
00001937,500,2023-10-11,0
00001938,500,2025-06-30,0
00001939,100,2025-06-12,0
00001940,500,2025-07-18,0
00001941,100,2025-06-02,0
00001942,150,2023-02-01,150
00001943,200,2025-07-04,0
00001944,100,2025-06-14,0
00001945,200,2022-04-04,0
00001946,500,2025-07-29,0
00001947,100,2025-11-14,0
00001948,50,2023-09-23,0
00001949,500,2023-10-26,0
00001950,50,2025-11-05,0
00001951,200,2025-03-11,0
00001952,50,2022-12-26,0
00001953,150,2025-10-09,0
00001954,200,2022-03-14,0
00001955,200,2022-11-15,0
00001956,500,2023-11-18,0
00001957,200,2022-04-25,0
00001958,150,2025-03-03,0
00001959,150,2025-02-11,0
00001960,100,2025-03-28,0
00001961,150,2022-05-16,0
00001962,150,2022-03-05,0
00001963,200,2025-07-07,0
00001964,100,2025-03-15,0
00001965,100,2025-05-03,0
00001966,150,2025-12-15,0
00001967,50,2023-07-11,0
00001968,200,2023-05-02,0
00001969,150,2023-03-19,0
00001970,100,2022-08-18,0
00001971,50,2023-02-18,0
00001972,200,2024-11-02,20000
00001973,500,2022-11-12,0
00001974,200,2024-12-08,0
00001975,150,2022-10-21,0
00001976,50,2024-11-23,0
00001977,100,2023-02-25,0
00001978,200,2024-03-04,0
00001979,500,2022-08-26,500
00001980,500,2022-06-28,0
00001981,50,2022-07-31,0
00001982,150,2022-02-16,0
00001983,150,2025-08-01,0
00001984,150,2023-02-15,0
00001985,150,2024-12-26,0
00001986,200,2025-10-06,0
00001987,100,2022-11-19,0
00001988,50,2025-06-29,0
00001989,50,2023-02-28,0
00001990,500,2023-10-15,0
00001991,150,2025-03-21,0
00001992,50,2023-09-30,0
00001993,150,2025-01-12,0
00001994,100,2022-03-01,0
00001995,50,2022-08-05,0
00001996,50,2024-05-23,0
00001997,500,2025-04-28,0
00001998,200,2025-06-16,0
00001999,150,2023-02-10,0
00002000,500,2022-06-10,0
00002001,200,2025-03-08,0
00002002,200,2022-07-19,0
00002003,200,2024-08-21,0
00002004,100,2022-10-22,0
00002005,500,2023-06-13,0
00002006,200,2023-01-11,0
00002007,150,2023-10-28,0
00002008,50,2022-05-14,0
00002009,150,2024-09-07,0
00002010,100,2023-08-02,0
00002011,500,2025-03-22,0
00002012,50,2024-04-10,0
00002013,50,2023-10-30,0
00002014,50,2023-09-11,0
00002015,200,2025-04-24,0
00002016,500,2023-05-15,0
00002017,200,2024-02-26,1000
00002018,500,2024-06-01,0
00002019,200,2025-03-07,0
00002020,500,2025-11-22,0
00002021,50,2025-12-28,0
00002022,200,2022-08-23,0
00002023,200,2023-10-29,0
00002024,200,2022-12-27,0
00002025,200,2022-05-23,0
00002026,500,2024-02-16,0
00002027,50,2022-07-05,0
00002028,100,2025-04-04,0
00002029,50,2022-10-28,0
00002030,200,2024-12-24,0
00002031,500,2025-03-29,0
00002032,100,2025-10-27,0
00002033,150,2025-03-13,0
00002034,150,2024-06-09,0
00002035,150,2022-07-02,0
00002036,500,2024-11-11,0
00002037,100,2023-08-26,100000
00002038,50,2022-01-02,0
00002039,150,2022-08-13,0
00002040,50,2023-04-27,0
00002041,500,2024-03-18,0
00002042,200,2024-04-11,0
00002043,500,2023-03-09,0
00002044,200,2022-10-12,0
00002045,200,2024-01-08,0
00002046,100,2023-08-14,0
00002047,100,2022-10-03,100
00002048,100,2024-09-23,0
00002049,100,2022-06-23,0
00002050,200,2024-07-22,0
00002051,500,2024-05-21,0
00002052,200,2024-11-09,0
00002053,200,2024-02-27,0
00002054,100,2024-05-19,0
00002055,500,2024-10-17,0
00002056,100,2025-12-29,0
00002057,200,2025-01-23,0
00002058,50,2022-03-19,0
00002059,150,2022-08-20,0
00002060,50,2022-10-18,0
00002061,500,2023-07-27,0
00002062,50,2024-12-07,0
00002063,50,2023-05-18,0
00002064,50,2025-11-01,0
00002065,500,2023-10-02,0
00002066,150,2024-12-31,0
00002067,200,2024-07-18,0
00002068,200,2025-03-21,0
00002069,200,2023-12-24,0
00002070,150,2023-08-16,0
00002071,500,2023-09-15,0
00002072,500,2023-06-18,50000
00002073,500,2022-12-13,0
00002074,150,2025-07-02,15000
00002075,50,2022-09-17,0
00002076,150,2023-06-01,0
00002077,150,2023-07-18,0
00002078,50,2022-08-17,0
00002079,500,2022-11-06,0
00002080,150,2022-12-26,0
00002081,100,2024-09-20,0
00002082,500,2022-03-09,0
00002083,50,2022-10-25,0
00002084,100,2024-10-12,0
00002085,200,2024-02-24,0
00002086,200,2025-07-29,0
00002087,500,2023-12-08,5000
00002088,50,2022-04-18,0
00002089,200,2024-09-02,0
00002090,500,2023-04-24,0
00002091,200,2024-08-29,0
00002092,500,2024-06-09,50000
00002093,200,2025-10-21,0
00002094,500,2025-10-30,0
00002095,50,2024-12-24,0
00002096,200,2025-06-04,0
00002097,150,2023-11-18,0
00002098,50,2023-06-07,0
00002099,200,2024-08-02,0
00002100,100,2025-10-08,0
00002101,100,2024-11-30,0
00002102,100,2023-10-04,0
00002103,50,2022-05-20,50
00002104,500,2022-08-01,0
00002105,150,2023-03-26,0
00002106,150,2023-01-31,100000
00002107,50,2022-04-27,0
00002108,100,2025-05-12,0
00002109,50,2022-06-26,0
00002110,100,2024-02-09,0
00002111,500,2023-01-14,0
00002112,100,2023-06-03,0
00002113,50,2025-08-01,0
00002114,150,2024-05-24,0
00002115,150,2023-06-12,0
00002116,50,2023-07-22,0
00002117,200,2024-03-06,0
00002118,50,2023-06-13,0
00002119,150,2022-12-31,0
00002120,200,2023-02-15,0
00002121,100,2025-08-14,0
00002122,100,2025-01-12,0
00002123,100,2025-06-11,0
00002124,200,2023-06-15,0
00002125,50,2022-05-25,0
00002126,150,2024-07-02,15000
00002127,100,2025-08-30,0
00002128,50,2025-09-23,0
00002129,100,2025-12-04,0
00002130,200,2025-03-22,20000
00002131,200,2024-06-12,0
00002132,50,2025-01-11,0
00002133,200,2025-11-12,0
00002134,200,2022-09-06,0
00002135,150,2023-11-14,0
00002136,200,2022-04-24,0
00002137,50,2024-01-19,0
00002138,150,2022-06-14,0
00002139,150,2025-08-19,0
00002140,500,2022-03-22,0
00002141,100,2023-09-05,0
00002142,50,2025-07-15,0
00002143,200,2022-06-23,0
00002144,200,2023-01-24,0
00002145,100,2022-02-21,0
00002146,500,2023-05-04,0
00002147,50,2025-01-12,0
00002148,200,2024-12-29,0
00002149,200,2022-02-03,200
00002150,150,2022-03-29,0
00002151,100,2025-09-01,0
00002152,200,2025-10-20,0
00002153,500,2022-11-02,0
00002154,100,2022-05-28,500
00002155,200,2025-09-01,100000
00002156,50,2023-05-13,0
00002157,100,2022-01-30,0
00002158,50,2023-09-22,0
00002159,50,2024-07-23,0
00002160,500,2022-05-11,0
00002161,50,2022-08-22,0
00002162,500,2023-03-28,2500
00002163,200,2023-11-22,0
00002164,200,2023-10-27,0
00002165,500,2025-01-22,0
00002166,100,2022-04-04,0
00002167,150,2022-05-10,0
00002168,100,2024-04-30,0
00002169,150,2025-02-07,0
00002170,100,2025-04-06,100
00002171,500,2024-02-10,0
00002172,50,2024-09-24,50
00002173,100,2022-07-02,0
00002174,500,2023-08-05,0
00002175,200,2025-11-18,0
00002176,100,2025-08-03,0
00002177,200,2024-04-23,0
00002178,100,2025-06-04,0
00002179,500,2023-01-04,0
00002180,500,2022-06-30,0
00002181,150,2023-12-14,0
00002182,500,2023-04-28,0
00002183,500,2022-07-15,0
00002184,500,2024-11-05,0
00002185,100,2023-07-21,100
00002186,100,2025-11-04,0
00002187,200,2024-10-15,0
00002188,50,2022-04-21,0
00002189,150,2023-03-06,0
00002190,150,2025-06-17,0
00002191,200,2022-03-30,0
00002192,50,2025-01-05,0
00002193,50,2024-09-20,0
00002194,50,2023-04-27,0
00002195,500,2025-04-02,0
00002196,100,2025-10-18,0
00002197,100,2022-08-14,0
00002198,50,2023-05-01,0
00002199,100,2024-02-09,0
00002200,50,2024-08-22,0
00002201,50,2024-06-11,0
00002202,500,2024-07-20,0
00002203,150,2022-10-07,0
00002204,100,2025-07-18,0
00002205,150,2023-02-19,0
00002206,50,2025-11-18,0
00002207,150,2022-10-07,0
00002208,200,2024-07-28,0
00002209,150,2023-03-27,0
00002210,500,2022-11-18,0
00002211,500,2022-12-15,0
00002212,500,2023-04-16,100000
00002213,200,2023-03-20,0
00002214,200,2023-07-26,20000
00002215,100,2023-05-23,0
00002216,500,2023-04-01,0
00002217,500,2022-11-02,0
00002218,50,2024-05-05,0
00002219,50,2024-08-21,0
00002220,500,2022-03-10,0
00002221,200,2024-09-08,0
00002222,50,2024-07-15,0
00002223,50,2025-02-17,0
00002224,200,2023-03-23,0
00002225,150,2023-05-05,0
00002226,50,2022-02-02,0
00002227,150,2022-11-28,0
00002228,500,2025-04-10,50000
00002229,200,2022-10-11,0
00002230,200,2023-01-14,0
00002231,150,2025-07-07,0
00002232,50,2025-07-08,500
00002233,500,2022-03-08,0
00002234,150,2025-11-30,0
00002235,500,2025-03-24,0
00002236,50,2025-06-24,0
00002237,50,2024-11-20,0
00002238,150,2022-04-16,0
00002239,150,2024-08-11,0
00002240,150,2024-01-21,0
00002241,500,2025-12-14,2500
00002242,100,2023-11-17,0
00002243,50,2025-08-22,0
00002244,500,2025-12-10,0
00002245,100,2023-10-19,0
00002246,150,2024-10-28,0
00002247,150,2022-04-22,1500
00002248,200,2024-09-22,0
00002249,50,2024-08-20,0
00002250,500,2023-08-22,0
00002251,150,2025-10-10,0
00002252,50,2023-01-21,0
00002253,200,2022-06-28,1000
00002254,150,2022-06-07,0
00002255,150,2022-08-18,0
00002256,200,2022-11-05,0
00002257,500,2025-07-08,50000
00002258,500,2022-09-28,0
00002259,200,2024-06-28,0
00002260,50,2023-08-21,0
00002261,50,2023-04-21,0
00002262,500,2025-08-13,0
00002263,500,2023-12-04,0
00002264,150,2024-09-22,0
00002265,500,2025-01-28,0
00002266,150,2025-03-07,0
00002267,150,2022-12-18,0
00002268,100,2024-09-18,0
00002269,150,2022-04-07,0
00002270,150,2024-07-22,0
00002271,500,2022-11-26,0
00002272,150,2023-01-09,0
00002273,100,2022-11-27,0
00002274,50,2023-10-11,0
00002275,200,2023-06-18,0
00002276,100,2025-02-25,0
00002277,150,2023-12-06,0
00002278,200,2025-01-10,0
00002279,500,2023-09-10,0
00002280,50,2024-04-08,0
00002281,100,2024-07-27,0
00002282,100,2022-01-09,0
00002283,500,2024-11-05,0
00002284,150,2024-08-28,0
00002285,500,2025-09-27,0
00002286,500,2024-06-24,0
00002287,50,2024-09-07,0
00002288,100,2025-10-20,0
00002289,150,2022-02-20,0
00002290,100,2024-07-02,0
00002291,150,2022-04-23,0
00002292,100,2025-04-09,0
00002293,150,2023-02-05,100000
00002294,200,2025-10-18,0
00002295,50,2024-11-14,0
00002296,200,2023-10-13,0
00002297,500,2022-04-25,0
00002298,150,2024-03-25,0
00002299,200,2024-01-28,0
00002300,50,2023-08-06,0
00002301,150,2024-07-01,0
00002302,50,2023-03-18,0
00002303,200,2024-05-01,0
00002304,150,2022-12-02,0
00002305,200,2024-04-28,0
00002306,500,2025-05-09,2500
00002307,150,2024-08-30,0
00002308,500,2023-11-18,100000
00002309,200,2022-07-01,2000
00002310,200,2022-12-25,0
00002311,500,2022-10-08,0
00002312,200,2023-08-16,0
00002313,50,2023-09-11,0
00002314,150,2024-10-08,0
00002315,200,2023-04-05,200
00002316,100,2023-06-22,0
00002317,200,2022-09-12,0
00002318,150,2024-05-04,0
00002319,100,2022-02-28,0
00002320,150,2024-10-06,0
00002321,50,2025-05-11,0
00002322,500,2024-09-11,0
00002323,150,2025-07-10,0
00002324,50,2024-02-04,0
00002325,500,2022-02-05,0
00002326,100,2025-04-06,1000
00002327,200,2025-11-20,0
00002328,100,2022-04-19,0
00002329,200,2025-07-27,0
00002330,150,2022-04-10,0
00002331,500,2025-08-01,0
00002332,500,2023-02-01,0
00002333,100,2022-07-13,0
00002334,100,2025-01-18,0
00002335,150,2025-11-03,0
00002336,150,2025-11-04,0
00002337,150,2022-07-16,0
00002338,150,2022-10-22,100000
00002339,150,2024-02-03,0
00002340,200,2023-11-28,0
00002341,100,2022-07-29,0
00002342,500,2023-03-29,0
00002343,500,2025-06-10,0
00002344,500,2024-12-25,0
00002345,50,2024-05-04,0
00002346,50,2022-08-27,0
00002347,50,2024-09-09,0
00002348,150,2022-10-12,0
00002349,500,2024-12-07,0
00002350,150,2022-12-19,0
00002351,50,2022-08-31,0
00002352,100,2025-11-10,0
00002353,100,2023-03-06,0
00002354,50,2024-05-20,0
00002355,50,2022-06-09,5000
00002356,200,2022-03-29,0
00002357,50,2025-09-13,0
00002358,50,2024-08-18,0
00002359,150,2022-03-30,150
00002360,50,2022-09-11,0
00002361,100,2025-04-18,0
00002362,100,2025-10-05,0
00002363,50,2022-10-26,0
00002364,150,2025-04-02,0
00002365,100,2024-10-22,0
00002366,500,2023-05-11,0
00002367,50,2022-07-22,0
00002368,50,2024-12-19,0
00002369,100,2023-08-01,0
00002370,500,2022-01-09,0
00002371,50,2023-03-15,0
00002372,200,2024-01-21,0
00002373,100,2024-06-19,0
00002374,50,2023-01-06,0
00002375,200,2024-05-18,0
00002376,100,2024-04-14,0
00002377,150,2022-09-11,0
00002378,500,2022-10-06,0
00002379,150,2025-12-14,0
00002380,50,2022-06-18,0
00002381,50,2024-02-28,0
00002382,500,2023-10-01,0
00002383,200,2023-04-08,0
00002384,150,2024-05-26,0
00002385,50,2024-09-01,0
00002386,150,2023-01-03,15000
00002387,50,2024-03-22,0
00002388,50,2022-09-02,0
00002389,200,2025-11-24,0
00002390,50,2022-12-12,250
00002391,150,2023-02-15,0
00002392,200,2022-09-09,0
00002393,200,2024-10-19,0
00002394,500,2025-04-30,0
00002395,200,2023-12-31,0
00002396,500,2024-04-08,0
00002397,500,2023-07-26,0
00002398,200,2022-08-10,0
00002399,200,2024-10-15,0
00002400,100,2022-03-02,100
00002401,50,2024-10-17,0
00002402,100,2024-02-23,0
00002403,150,2022-11-09,0
00002404,500,2022-07-17,0
00002405,500,2024-10-05,0
00002406,100,2023-08-25,0
00002407,200,2024-10-30,0
00002408,150,2025-01-12,0
00002409,50,2024-05-31,0
00002410,50,2024-02-25,0
00002411,200,2024-06-25,0
00002412,50,2022-12-29,0
00002413,150,2025-12-17,0
00002414,200,2022-10-03,0
00002415,200,2024-09-25,0
00002416,500,2025-10-14,0
00002417,500,2025-11-04,0
00002418,200,2024-09-01,0
00002419,100,2024-11-03,1000
00002420,200,2025-04-25,0
00002421,500,2025-10-17,0
00002422,150,2023-10-19,100000
00002423,50,2022-09-20,0
00002424,150,2025-04-10,1500
00002425,200,2022-07-19,0
00002426,150,2024-04-23,0
00002427,100,2023-05-23,0
00002428,150,2025-04-28,150
00002429,150,2022-08-23,0
00002430,50,2025-01-07,0
00002431,200,2025-09-09,0
00002432,500,2024-11-20,0
00002433,150,2022-02-11,0
00002434,500,2022-02-15,0
00002435,200,2025-03-14,0
00002436,500,2022-07-20,0
00002437,50,2025-11-15,0
00002438,150,2024-10-14,0
00002439,150,2022-12-08,0
00002440,150,2024-06-11,0
00002441,50,2025-01-02,0
00002442,150,2022-04-08,0
00002443,500,2024-04-03,0
00002444,500,2022-07-08,0
00002445,500,2022-07-14,0
00002446,150,2022-05-18,0
00002447,500,2024-08-31,0
00002448,150,2022-06-07,0
00002449,150,2024-10-30,0
00002450,200,2025-09-20,0
00002451,100,2024-04-28,0
00002452,500,2024-11-21,0
00002453,500,2023-01-05,0
00002454,500,2023-01-18,0
00002455,100,2025-09-15,0
00002456,200,2023-07-03,0
00002457,500,2025-06-12,0
00002458,200,2025-03-05,0
00002459,50,2024-12-05,0
00002460,200,2022-10-30,0
00002461,150,2024-06-10,0
00002462,50,2025-07-22,0
00002463,200,2023-07-01,0
00002464,100,2023-06-10,0
00002465,100,2024-04-11,0
00002466,100,2023-01-29,1000
00002467,200,2024-09-21,0
00002468,200,2024-05-14,0
00002469,50,2023-02-18,0
00002470,100,2022-03-01,0
00002471,150,2025-09-10,0
00002472,50,2024-09-22,0
00002473,50,2022-06-21,0
00002474,150,2022-05-11,0
00002475,200,2024-01-15,0
00002476,50,2024-03-23,0
00002477,100,2023-04-29,0
00002478,500,2022-09-05,0
00002479,500,2024-12-11,0
00002480,50,2023-05-03,0
00002481,150,2023-11-06,0
00002482,200,2023-04-29,0
00002483,100,2022-10-23,0
00002484,100,2023-07-17,0
00002485,150,2025-04-22,100000
00002486,150,2025-12-03,0
00002487,150,2025-01-22,0
00002488,100,2023-07-23,0
00002489,100,2024-01-14,0
00002490,150,2023-09-24,100000
00002491,50,2025-09-18,0
00002492,50,2025-11-15,0
00002493,100,2023-06-03,0
00002494,150,2025-08-01,0
00002495,150,2025-11-04,0
00002496,100,2024-06-25,0
00002497,200,2023-06-08,0
00002498,100,2023-09-02,0
00002499,100,2024-06-17,0
00002500,200,2022-03-11,0
00002501,50,2024-10-03,0
00002502,200,2023-11-13,0
00002503,50,2022-11-25,0
00002504,500,2022-05-16,0
00002505,500,2025-01-26,0
00002506,200,2025-11-24,200
00002507,100,2025-07-14,0
00002508,100,2022-01-07,0
00002509,150,2023-10-05,0
00002510,50,2022-11-20,0
00002511,100,2025-05-01,0
00002512,150,2024-07-13,0
00002513,100,2023-06-18,0
00002514,500,2023-11-02,0
00002515,100,2022-06-22,0
00002516,100,2024-03-16,0
00002517,500,2023-04-05,500
00002518,500,2025-08-18,0
00002519,100,2022-07-02,0
00002520,100,2023-06-21,0
00002521,100,2022-04-12,0
00002522,200,2025-05-14,0
00002523,50,2024-01-24,0
00002524,500,2022-08-29,100000
00002525,200,2024-07-18,0
00002526,200,2022-08-31,0
00002527,100,2023-01-26,0
00002528,150,2023-08-13,0
00002529,200,2022-09-24,0
00002530,100,2025-05-13,0
00002531,150,2025-10-18,0
00002532,100,2024-04-16,0
00002533,50,2023-08-18,0
00002534,100,2025-06-19,0
00002535,100,2024-01-28,0
00002536,200,2022-06-25,1000
00002537,150,2025-11-20,0
00002538,100,2025-12-31,0
00002539,200,2025-05-08,0
00002540,50,2025-02-14,500
00002541,100,2024-08-22,0
00002542,500,2025-10-05,0
00002543,500,2025-12-24,0
00002544,50,2022-01-11,0
00002545,500,2024-02-20,0
00002546,200,2025-10-06,0
00002547,500,2022-03-26,0
00002548,150,2022-12-14,0
00002549,150,2024-08-16,0
00002550,150,2025-12-25,0
00002551,100,2023-06-18,0
00002552,50,2022-09-19,0
00002553,150,2024-01-09,0
00002554,150,2023-06-24,0
00002555,150,2024-11-24,0
00002556,100,2023-10-09,0
00002557,200,2022-11-06,0
00002558,200,2022-04-19,0
00002559,50,2023-04-16,0
00002560,200,2023-06-17,0
00002561,200,2024-06-12,0
00002562,200,2022-03-25,0
00002563,500,2024-09-20,0
00002564,50,2022-10-31,0
00002565,50,2023-02-22,0
00002566,100,2022-12-11,0
00002567,150,2025-02-27,0
00002568,500,2023-03-11,0
00002569,50,2024-12-13,0
00002570,100,2024-05-02,0
00002571,100,2024-10-17,0
00002572,150,2022-02-23,0
00002573,50,2024-03-18,0
00002574,50,2023-10-25,0
00002575,50,2024-07-31,0
00002576,200,2024-07-18,0
00002577,150,2025-05-01,0
00002578,150,2022-03-31,0
00002579,200,2023-10-28,0
00002580,500,2022-09-22,0
00002581,50,2025-08-11,0
00002582,50,2022-05-25,0
00002583,500,2024-02-21,5000
00002584,100,2023-05-07,0
00002585,200,2022-07-02,1000
00002586,100,2024-03-06,0
00002587,150,2025-08-18,0
00002588,100,2022-09-04,0
00002589,200,2023-09-28,0
00002590,500,2022-09-26,0
00002591,50,2024-01-23,0
00002592,200,2024-07-01,0
00002593,200,2023-07-04,0
00002594,200,2022-07-04,0
00002595,150,2025-06-11,0
00002596,200,2022-07-10,2000
00002597,200,2025-10-17,0
00002598,100,2024-10-11,0
00002599,500,2022-06-21,0
00002600,200,2022-06-12,0
00002601,200,2023-09-08,0
00002602,100,2025-11-02,0
00002603,100,2024-12-07,0
00002604,500,2022-04-08,0
00002605,50,2024-11-17,0
00002606,200,2024-04-25,100000
00002607,150,2023-12-29,0
00002608,50,2024-10-28,5000
00002609,100,2023-01-09,0
00002610,50,2022-06-20,0
00002611,150,2023-10-05,0
00002612,200,2025-10-04,0
00002613,150,2023-12-01,0
00002614,100,2023-03-09,0
00002615,500,2023-06-16,0
00002616,50,2024-06-07,0
00002617,50,2024-03-19,0
00002618,100,2025-09-05,0
00002619,200,2025-09-09,0
00002620,500,2024-09-23,0
00002621,500,2024-01-09,0
00002622,200,2023-09-12,1000
00002623,50,2023-01-26,0
00002624,50,2025-11-26,0
00002625,50,2023-03-05,0
00002626,100,2025-08-23,0
00002627,500,2023-01-26,50000
00002628,100,2024-08-28,0
00002629,50,2022-12-07,0
00002630,200,2024-09-20,0
00002631,200,2025-04-13,0
00002632,150,2025-03-12,0
00002633,200,2022-04-15,0
00002634,50,2025-07-15,0
00002635,200,2024-05-01,0
00002636,500,2025-05-05,0
00002637,150,2022-03-17,0
00002638,200,2024-11-17,0
00002639,500,2025-10-21,0
00002640,200,2023-04-20,0
00002641,500,2022-02-08,0
00002642,150,2025-02-07,15000
00002643,200,2022-08-28,0
00002644,150,2024-07-07,0
00002645,50,2022-11-27,0
00002646,100,2024-08-19,0
00002647,100,2024-11-05,0
00002648,150,2025-05-18,0
00002649,200,2022-09-26,0
00002650,200,2024-05-03,0
00002651,150,2024-08-25,0
00002652,100,2025-06-27,0
00002653,50,2025-09-28,0
00002654,100,2023-02-13,0
00002655,200,2022-07-26,0
00002656,200,2023-09-14,0
00002657,500,2022-04-07,0
00002658,150,2023-06-19,0
00002659,100,2022-12-24,0
00002660,500,2022-03-07,0
00002661,150,2024-05-31,0
00002662,100,2022-09-05,0
00002663,200,2023-06-13,0
00002664,150,2022-04-06,0
00002665,500,2023-07-02,0
00002666,500,2025-05-22,0
00002667,50,2024-06-15,0
00002668,50,2022-08-05,0
00002669,500,2022-07-28,0
00002670,50,2024-11-04,0
00002671,50,2023-02-25,0
00002672,100,2023-08-22,0
00002673,500,2024-10-17,0
00002674,50,2022-11-12,0
00002675,150,2022-10-10,0
00002676,100,2024-06-18,0
00002677,50,2023-05-18,0
00002678,200,2023-12-01,0
00002679,100,2022-06-24,0
00002680,200,2024-01-09,0
00002681,100,2022-11-07,0
00002682,500,2024-05-13,0
00002683,100,2024-05-28,0
00002684,200,2024-07-28,0
00002685,500,2025-10-29,0
00002686,50,2024-06-25,0
00002687,50,2024-11-25,0
00002688,50,2023-11-24,0
00002689,100,2024-06-07,100
00002690,100,2025-03-22,100000
00002691,150,2024-05-08,0
00002692,500,2023-09-16,0
00002693,150,2023-12-06,1500
00002694,500,2025-06-04,0
00002695,200,2024-07-02,0
00002696,500,2025-07-02,0
00002697,200,2025-11-29,0
00002698,200,2023-02-09,0
00002699,50,2022-03-17,0
00002700,200,2022-09-16,0
00002701,500,2023-08-05,0
00002702,500,2025-02-04,0
00002703,150,2025-07-25,0
00002704,50,2025-01-10,0
00002705,100,2023-09-15,0
00002706,500,2022-08-15,0
00002707,150,2023-06-16,0
00002708,150,2022-09-11,150
00002709,200,2023-09-03,0
00002710,50,2024-07-17,0
00002711,100,2025-04-06,0
00002712,500,2025-05-04,0
00002713,150,2023-08-06,0
00002714,500,2025-10-09,0
00002715,200,2024-11-30,0
00002716,50,2023-11-03,0
00002717,100,2024-01-10,0
00002718,100,2025-12-28,0
00002719,200,2022-06-17,20000
00002720,100,2024-09-02,0
00002721,50,2024-01-27,0
00002722,200,2025-04-19,0
00002723,200,2023-06-25,0
00002724,200,2024-06-20,0
00002725,200,2024-05-03,0
00002726,100,2024-11-01,0
00002727,200,2022-09-22,0
00002728,500,2024-12-19,0
00002729,100,2024-07-21,0
00002730,100,2025-02-18,0
00002731,50,2025-05-17,0
00002732,50,2022-09-05,0
00002733,150,2022-03-24,0
00002734,50,2024-01-31,0
00002735,150,2023-09-14,0
00002736,50,2022-10-20,0
00002737,500,2024-05-13,5000
00002738,150,2023-03-18,0
00002739,200,2022-01-05,0
00002740,150,2022-05-19,0
00002741,200,2024-09-12,0
00002742,500,2024-07-15,0
00002743,200,2024-08-31,0
00002744,500,2022-09-29,0
00002745,500,2025-07-27,0
00002746,200,2025-09-28,0
00002747,150,2022-07-02,0
00002748,500,2024-04-18,0
00002749,200,2023-11-26,0
00002750,200,2023-07-23,0
00002751,100,2025-12-19,1000
00002752,500,2025-08-14,0
00002753,500,2022-06-24,0
00002754,500,2025-01-14,0
00002755,50,2025-03-13,0
00002756,200,2024-10-26,0
00002757,50,2025-09-10,0
00002758,100,2022-02-08,0
00002759,100,2023-05-18,0
00002760,500,2024-06-28,100000
00002761,500,2023-10-19,0
00002762,50,2024-10-03,0
00002763,50,2023-11-28,0
00002764,200,2022-02-19,0
00002765,150,2024-02-22,0
00002766,50,2022-07-23,0
00002767,150,2022-10-22,0
00002768,50,2022-11-12,0
00002769,200,2025-10-21,0
00002770,500,2023-10-29,0
00002771,50,2023-09-03,0
00002772,150,2022-10-19,0
00002773,150,2023-06-13,0
00002774,50,2022-04-17,0
00002775,500,2025-04-15,0
00002776,500,2024-10-30,0
00002777,50,2023-07-06,5000
00002778,500,2024-04-13,500
00002779,200,2025-07-21,0
00002780,50,2023-07-06,0
00002781,500,2025-10-14,0
00002782,500,2025-08-27,0
00002783,150,2025-03-09,0
00002784,50,2025-07-26,0
00002785,100,2024-02-04,0
00002786,100,2023-05-18,0
00002787,200,2025-02-10,0
00002788,50,2024-08-09,0
00002789,500,2023-08-16,0
00002790,100,2022-01-02,10000
00002791,150,2025-05-09,0
00002792,200,2023-12-21,0
00002793,100,2025-04-13,0
00002794,150,2022-04-04,0
00002795,500,2025-02-27,500
00002796,200,2025-12-01,0
00002797,100,2025-02-13,0
00002798,200,2023-03-08,0
00002799,150,2025-10-28,0
00002800,150,2025-12-20,0
00002801,100,2025-09-18,0
00002802,150,2023-03-08,0
00002803,500,2023-11-04,2500
00002804,50,2025-05-31,0
00002805,50,2025-10-09,0
00002806,500,2025-11-27,0
00002807,200,2025-01-07,200
00002808,500,2022-03-05,0
00002809,200,2025-10-08,0
00002810,200,2025-05-16,0
00002811,100,2025-11-28,0
00002812,50,2024-08-05,0
00002813,100,2024-06-29,100
00002814,150,2025-10-25,0
00002815,150,2023-01-28,100000
00002816,150,2023-03-29,0
00002817,200,2024-01-14,20000
00002818,500,2023-03-05,50000
00002819,50,2023-07-23,0
00002820,200,2022-12-16,0
00002821,500,2025-10-08,0
00002822,500,2022-12-26,2500
00002823,50,2022-09-18,0
00002824,500,2023-04-12,0
00002825,150,2023-01-28,0
00002826,50,2025-11-20,0
00002827,500,2023-06-02,0
00002828,200,2022-01-05,0
00002829,50,2023-10-24,0
00002830,200,2023-07-16,0
00002831,500,2024-08-13,0
00002832,500,2022-03-31,0
00002833,100,2022-04-07,0
00002834,200,2024-12-26,0
00002835,50,2024-03-13,0
00002836,50,2025-03-17,0
00002837,100,2025-11-13,0
00002838,50,2023-05-27,0
00002839,150,2023-09-29,150
00002840,50,2024-09-09,0
00002841,50,2025-04-28,0
00002842,150,2023-05-28,0
00002843,200,2023-05-04,0
00002844,50,2023-11-15,0
00002845,100,2022-05-30,0
00002846,500,2024-06-17,0
00002847,200,2025-03-31,0
00002848,50,2022-03-10,0
00002849,50,2022-09-19,5000
00002850,50,2023-09-10,0
00002851,200,2022-05-15,0
00002852,50,2025-02-19,5000
00002853,200,2022-07-16,0
00002854,200,2023-04-23,0
00002855,500,2022-01-22,0
00002856,200,2024-05-26,0
00002857,500,2022-07-27,0
00002858,50,2024-07-18,0
00002859,500,2023-01-30,0
00002860,50,2025-05-03,0
00002861,500,2023-02-01,0
00002862,100,2025-07-29,0
00002863,150,2024-05-12,0
00002864,500,2024-06-29,0
00002865,100,2022-04-01,1000
00002866,500,2024-06-11,0
00002867,150,2023-09-30,0
00002868,500,2022-10-26,0
00002869,150,2025-05-20,0
00002870,150,2022-01-17,0
00002871,100,2022-04-28,0
00002872,500,2022-04-22,0
00002873,100,2023-02-15,0
00002874,100,2022-05-21,0
00002875,200,2025-11-23,0
00002876,200,2025-05-13,0
00002877,500,2025-03-05,0
00002878,500,2023-09-06,0
00002879,100,2022-08-03,0
00002880,50,2024-10-12,0
00002881,50,2025-08-01,0
00002882,100,2024-08-13,0
00002883,100,2024-09-11,0
00002884,150,2024-02-09,0
00002885,100,2022-01-14,0
00002886,50,2024-01-03,50
00002887,100,2023-08-19,0
00002888,500,2024-01-08,500
00002889,100,2023-02-10,0
00002890,100,2023-06-21,0
00002891,150,2025-02-09,0
00002892,100,2022-02-14,0
00002893,150,2022-07-27,750
00002894,200,2025-09-03,0
00002895,50,2023-11-25,0
00002896,150,2024-07-23,0
00002897,150,2025-09-15,0
00002898,500,2025-06-30,0
00002899,50,2022-08-31,0
00002900,100,2023-01-24,0
00002901,200,2025-11-23,0
00002902,500,2024-05-29,0
00002903,100,2022-04-05,0
00002904,500,2023-01-23,0
00002905,150,2022-11-01,0
00002906,50,2025-07-13,0
00002907,100,2024-11-06,0
00002908,200,2023-03-05,0
00002909,200,2025-09-20,0
00002910,100,2024-11-07,0
00002911,500,2024-02-06,0
00002912,200,2023-01-02,0
00002913,150,2024-12-12,0
00002914,200,2024-08-28,0
00002915,200,2025-07-30,0
00002916,500,2025-08-23,2500
00002917,100,2024-07-14,0
00002918,200,2023-03-24,0
00002919,200,2025-03-16,0
00002920,150,2023-06-06,0
00002921,100,2022-06-22,0
00002922,500,2023-12-22,0
00002923,50,2024-08-10,0
00002924,150,2024-05-22,0
00002925,200,2024-04-17,0
00002926,200,2023-10-12,0
00002927,50,2023-01-03,0
00002928,150,2025-08-14,150
00002929,150,2024-10-24,0
00002930,50,2023-07-21,0
00002931,50,2022-08-31,50
00002932,500,2023-02-15,0
00002933,150,2023-05-28,0
00002934,150,2023-01-26,0
00002935,100,2025-01-17,0
00002936,50,2023-09-06,0
00002937,150,2024-04-07,0
00002938,500,2025-09-04,100000
00002939,100,2024-03-25,0
00002940,100,2024-08-29,0
00002941,500,2025-02-05,0
00002942,200,2023-11-29,0
00002943,150,2023-01-20,0
00002944,200,2023-03-06,0
00002945,500,2022-03-03,0
00002946,500,2022-09-20,0
00002947,50,2024-10-20,0
00002948,150,2023-11-27,0
00002949,200,2025-11-05,0
00002950,500,2023-09-06,0
00002951,50,2025-03-08,0
00002952,100,2022-11-11,0
00002953,150,2025-03-09,0
00002954,500,2025-05-29,0
00002955,200,2024-02-20,0
00002956,200,2022-05-11,0
00002957,100,2024-08-30,0
00002958,500,2024-07-13,0
00002959,150,2022-07-10,0
00002960,500,2022-12-30,100000
00002961,200,2022-02-24,0
00002962,50,2024-03-01,0
00002963,100,2023-08-20,0
00002964,50,2024-07-20,100000
00002965,50,2022-12-18,0
00002966,200,2024-03-11,0
00002967,50,2022-09-22,0
00002968,200,2022-05-21,0
00002969,100,2022-09-24,0
00002970,150,2024-06-04,0
00002971,200,2022-11-22,0
00002972,150,2025-04-18,0
00002973,200,2023-07-19,0
00002974,100,2024-07-01,10000
00002975,500,2023-05-21,0
00002976,500,2024-10-02,0
00002977,500,2022-03-22,0
00002978,150,2025-08-16,0
00002979,200,2023-12-12,0
00002980,150,2024-03-11,0
00002981,100,2024-04-30,0
00002982,500,2024-06-03,0
00002983,100,2025-12-01,0
00002984,200,2025-12-01,0
00002985,100,2022-11-20,0
00002986,500,2023-08-21,0
00002987,50,2025-11-30,0
00002988,100,2024-10-07,0
00002989,500,2022-09-06,0
00002990,50,2022-08-04,0
00002991,150,2024-04-19,0
00002992,150,2023-03-01,0
00002993,200,2022-02-24,20000
00002994,200,2023-12-05,0
00002995,100,2024-03-23,1000
00002996,50,2025-12-23,0
00002997,150,2025-10-04,0
00002998,200,2024-08-02,100000
00002999,100,2024-06-15,0
00003000,150,2022-11-27,0
00003001,50,2025-05-28,0
00003002,150,2022-09-12,0
00003003,200,2022-12-11,200
00003004,150,2022-11-11,0
00003005,100,2023-03-20,0
00003006,500,2023-03-19,0
00003007,50,2025-07-24,0
00003008,50,2024-03-10,0
00003009,200,2022-04-18,0
00003010,50,2024-02-12,0
00003011,100,2024-02-07,0
00003012,100,2022-07-07,100
00003013,50,2023-11-22,0
00003014,50,2023-03-28,0
00003015,50,2025-09-22,0
00003016,100,2022-04-01,0
00003017,50,2023-11-01,0
00003018,100,2025-07-03,0
00003019,500,2024-03-20,0
00003020,50,2023-04-21,0
00003021,150,2023-10-25,0
00003022,200,2025-09-01,0
00003023,200,2023-03-12,0
00003024,50,2025-09-09,0
00003025,500,2024-01-26,2500
00003026,200,2023-09-10,0
00003027,200,2022-07-28,0
00003028,500,2022-12-18,0
00003029,50,2025-05-13,0
00003030,200,2025-10-20,0
00003031,100,2023-11-12,0
00003032,150,2025-09-26,0
00003033,150,2022-02-06,0
00003034,500,2024-07-08,0
00003035,100,2024-10-28,0
00003036,50,2023-04-22,50
00003037,150,2023-04-30,0
00003038,100,2025-06-23,500
00003039,150,2024-10-18,0
00003040,100,2024-02-09,0
00003041,50,2023-05-03,0
00003042,500,2024-06-27,0
00003043,150,2022-10-02,0
00003044,50,2024-12-02,0
00003045,200,2025-08-20,0
00003046,50,2023-04-15,0
00003047,150,2023-12-03,0
00003048,500,2022-04-21,0
00003049,100,2025-11-08,0
00003050,100,2025-05-30,0
00003051,500,2023-10-21,0
00003052,50,2022-05-13,0
00003053,50,2023-01-30,250
00003054,100,2022-09-15,100000
00003055,500,2023-02-23,0
00003056,50,2024-05-22,0
00003057,150,2022-12-03,0
00003058,100,2024-05-18,0
00003059,100,2023-09-13,0
00003060,200,2025-07-25,0
00003061,200,2022-06-13,0
00003062,150,2024-03-26,0
00003063,200,2024-06-22,0
00003064,500,2024-06-06,0
00003065,200,2022-02-10,0
00003066,200,2022-06-20,0
00003067,150,2025-05-03,0
00003068,500,2022-12-26,0
00003069,200,2023-09-19,0
00003070,200,2025-02-25,0
00003071,50,2023-11-14,0
00003072,200,2023-02-05,0
00003073,100,2022-01-09,100000
00003074,150,2024-10-03,0
00003075,200,2024-03-19,0
00003076,150,2024-02-26,0
00003077,500,2022-05-26,0
00003078,50,2022-09-12,0
00003079,500,2022-11-29,0
00003080,200,2023-06-07,0
00003081,150,2024-11-09,0
00003082,150,2025-11-27,15000
00003083,200,2023-05-21,0
00003084,50,2024-01-11,0
00003085,50,2025-11-29,0
00003086,100,2023-06-20,0
00003087,100,2023-06-05,0
00003088,500,2025-09-19,0
00003089,50,2022-08-28,0
00003090,200,2024-03-25,0
00003091,50,2024-11-27,0
00003092,200,2022-12-06,0
00003093,150,2025-11-17,0
00003094,500,2025-09-10,0
00003095,500,2023-09-23,0
00003096,50,2022-08-12,0
00003097,150,2022-10-20,0
00003098,100,2024-03-26,0
00003099,50,2022-12-11,0
00003100,50,2022-07-18,5000
00003101,500,2024-05-03,0
00003102,200,2022-12-16,0
00003103,100,2025-12-12,0
00003104,200,2023-01-08,0
00003105,50,2024-07-11,0
00003106,100,2023-01-16,0
00003107,100,2023-01-28,0
00003108,200,2024-06-21,0
00003109,500,2022-08-12,0
00003110,100,2022-06-13,0
00003111,200,2022-09-13,0
00003112,150,2022-03-02,0
00003113,200,2024-09-20,0
00003114,50,2022-01-20,50
00003115,500,2022-03-27,100000
00003116,50,2024-02-09,0
00003117,150,2024-09-22,0
00003118,150,2025-05-22,0
00003119,150,2025-10-28,0
00003120,150,2023-05-06,0
00003121,200,2024-02-15,0
00003122,150,2023-11-08,0
00003123,50,2024-07-24,0
00003124,200,2022-10-12,200
00003125,500,2023-07-27,0
00003126,100,2024-01-25,0
00003127,200,2024-11-20,0
00003128,100,2022-01-07,0
00003129,150,2022-02-04,0
00003130,50,2023-10-29,0
00003131,100,2025-05-27,0
00003132,500,2022-06-16,0
00003133,200,2025-09-10,0
00003134,50,2024-02-28,0
00003135,100,2025-12-29,0
00003136,500,2025-03-17,0
00003137,500,2022-03-07,0
00003138,50,2023-09-10,0
00003139,500,2024-08-14,0
00003140,200,2022-08-25,0
00003141,500,2023-05-09,0
00003142,100,2025-09-13,0
00003143,50,2024-06-09,0
00003144,50,2022-11-25,0
00003145,150,2024-02-25,0
00003146,100,2023-06-12,0
00003147,50,2025-09-24,0
00003148,500,2025-07-21,0
00003149,50,2025-11-17,0
00003150,100,2025-03-25,0
00003151,500,2022-05-13,0
00003152,200,2024-02-21,0
00003153,500,2024-06-13,0
00003154,100,2023-06-15,0
00003155,50,2022-08-17,100000
00003156,100,2022-08-26,0
00003157,100,2023-10-04,0
00003158,500,2022-01-04,0
00003159,500,2025-01-01,0
00003160,200,2024-05-17,0
00003161,150,2025-10-23,0
00003162,100,2024-11-30,0
00003163,500,2023-03-31,0
00003164,50,2025-01-07,0
00003165,150,2022-10-24,0
00003166,150,2023-03-25,0
00003167,200,2022-10-29,0
00003168,100,2025-09-24,0
00003169,50,2025-05-11,0
00003170,500,2025-11-11,0
00003171,500,2024-09-06,0
00003172,100,2024-10-10,0
00003173,200,2022-05-01,0
00003174,150,2022-11-09,0
00003175,100,2023-04-06,0
00003176,50,2023-01-02,0
00003177,200,2023-09-05,0
00003178,100,2022-02-14,0
00003179,150,2024-05-15,0
00003180,150,2024-03-12,0
00003181,500,2023-08-03,0
00003182,100,2025-12-06,0
00003183,200,2022-07-19,0
00003184,500,2022-04-21,0
00003185,150,2024-07-26,0
00003186,500,2022-10-09,0
00003187,200,2023-08-20,0
00003188,100,2023-03-23,0
00003189,100,2025-08-26,100000
00003190,50,2025-10-21,0
00003191,100,2024-02-11,0
00003192,200,2025-10-23,0
00003193,50,2022-07-16,0
00003194,200,2023-01-03,0
00003195,50,2024-11-21,0
00003196,500,2024-06-07,0
00003197,200,2023-05-17,1000
00003198,200,2024-09-27,0
00003199,500,2022-12-20,0
00003200,200,2025-11-17,0
00003201,50,2024-08-07,0
00003202,200,2023-07-18,0
00003203,200,2024-01-23,200
00003204,50,2022-09-07,0
00003205,500,2023-04-06,100000
00003206,500,2024-09-09,0
00003207,50,2025-04-29,0
00003208,200,2025-08-13,0
00003209,150,2025-03-16,0
00003210,150,2022-05-11,0
00003211,500,2023-01-14,0
00003212,50,2024-03-17,0
00003213,500,2024-12-21,0
00003214,500,2025-04-12,0
00003215,50,2023-03-01,0
00003216,50,2023-01-06,0
00003217,100,2022-01-11,0
00003218,150,2022-09-09,100000
00003219,100,2025-08-29,0
00003220,500,2023-06-10,0
00003221,50,2022-06-23,0
00003222,500,2023-09-04,0
00003223,500,2022-12-18,0
00003224,50,2023-05-24,0
00003225,500,2023-08-24,0
00003226,200,2022-10-14,0
00003227,150,2024-12-06,0
00003228,150,2025-05-26,0
00003229,100,2025-11-09,100
00003230,100,2022-03-17,0
00003231,150,2023-03-17,0
00003232,500,2025-02-04,0
00003233,150,2023-07-23,0
00003234,500,2024-05-14,5000
00003235,150,2024-02-21,0
00003236,100,2024-03-30,0
00003237,150,2025-10-17,0
00003238,100,2025-01-02,0
00003239,150,2025-07-20,0
00003240,100,2024-02-02,0
00003241,500,2025-05-23,0
00003242,100,2023-10-10,0
00003243,200,2024-02-16,100000
00003244,100,2022-06-08,0
00003245,500,2022-08-14,0
00003246,200,2022-05-16,0
00003247,50,2024-01-14,0
00003248,150,2022-10-27,0
00003249,100,2023-07-15,10000
00003250,100,2024-02-15,0
00003251,50,2022-12-26,0
00003252,150,2025-04-20,0
00003253,200,2022-07-15,0
00003254,500,2023-08-01,0
00003255,500,2022-07-22,0
00003256,100,2023-10-14,0
00003257,200,2023-01-06,0
00003258,500,2025-02-03,0
00003259,200,2024-09-03,0
00003260,150,2022-01-20,0
00003261,100,2025-09-08,0
00003262,200,2025-03-08,0
00003263,50,2025-08-02,0
00003264,100,2025-10-20,0
00003265,200,2023-01-10,0
00003266,150,2024-08-17,0
00003267,150,2024-05-26,0
00003268,100,2023-09-18,0
00003269,50,2023-09-18,0
00003270,150,2022-07-04,0
00003271,50,2023-05-07,0
00003272,100,2025-03-24,1000
00003273,500,2024-10-06,0
00003274,50,2024-05-18,0
00003275,100,2024-09-09,0
00003276,500,2025-11-30,0
00003277,50,2025-06-16,0
00003278,50,2024-05-20,0
00003279,150,2023-05-16,0
00003280,500,2025-11-01,0
00003281,500,2024-07-07,0
00003282,500,2023-04-06,0
00003283,150,2022-10-01,0
00003284,50,2024-05-15,0
00003285,100,2024-02-04,0
00003286,150,2025-10-22,0
00003287,500,2022-08-30,0
00003288,200,2023-08-25,0
00003289,50,2025-07-16,0
00003290,100,2023-09-17,0
00003291,500,2022-03-14,0
00003292,500,2024-09-26,500
00003293,500,2024-07-31,0
00003294,150,2022-08-08,750
00003295,200,2023-12-28,20000
00003296,200,2023-02-09,100000
00003297,100,2024-04-21,0
00003298,200,2022-01-15,0
00003299,150,2023-04-09,0
00003300,150,2023-09-05,0
00003301,100,2025-01-03,0
00003302,50,2024-06-17,0
00003303,200,2022-11-28,0
00003304,200,2022-01-12,0
00003305,100,2022-08-15,0
00003306,50,2022-10-01,0
00003307,150,2022-03-06,0
00003308,100,2024-09-08,0
00003309,150,2022-09-01,0
00003310,500,2024-10-11,0
00003311,100,2023-10-28,0
00003312,200,2024-10-24,0
00003313,200,2022-09-27,0
00003314,50,2022-02-13,0
00003315,150,2024-10-21,750
00003316,50,2025-10-21,0
00003317,200,2025-05-07,0
00003318,200,2024-09-10,0
00003319,200,2022-06-19,0
00003320,100,2025-06-18,0
00003321,500,2023-01-18,0
00003322,50,2023-06-24,0
00003323,100,2025-09-26,0
00003324,100,2024-08-28,0
00003325,50,2025-12-06,0
00003326,500,2023-01-07,0
00003327,500,2025-07-12,0
00003328,100,2022-09-04,0
00003329,50,2023-07-15,0
00003330,100,2024-05-23,500
00003331,50,2022-04-15,0
00003332,500,2023-09-20,0
00003333,100,2023-03-31,0
00003334,200,2022-05-06,0
00003335,50,2023-09-16,0
00003336,150,2023-07-29,0
00003337,200,2023-05-21,0
00003338,50,2023-01-08,50
00003339,150,2023-03-11,0
00003340,150,2025-05-27,0
00003341,100,2023-06-01,0
00003342,150,2023-11-16,0
00003343,50,2025-10-02,100000
00003344,100,2023-11-10,0
00003345,150,2025-04-21,0
00003346,150,2023-05-03,0
00003347,100,2025-04-11,0
00003348,50,2022-09-25,0
00003349,500,2022-09-04,2500
00003350,100,2025-12-14,0
00003351,50,2022-06-03,0
00003352,500,2023-12-04,0
00003353,200,2023-02-18,0
00003354,100,2022-03-31,0
00003355,200,2025-02-01,0
00003356,500,2023-12-13,0
00003357,200,2025-07-13,0
00003358,200,2022-05-19,0
00003359,500,2024-10-28,0
00003360,100,2025-05-12,0
00003361,100,2023-08-17,100000
00003362,50,2025-11-21,0
00003363,200,2024-10-10,0
00003364,500,2022-06-03,0
00003365,500,2024-02-26,0
00003366,200,2024-03-31,0
00003367,100,2023-01-12,100000
00003368,100,2025-04-27,0
00003369,500,2024-07-21,0
00003370,500,2023-06-15,0
00003371,100,2023-08-30,0
00003372,500,2022-09-01,0
00003373,50,2024-12-28,0
00003374,50,2025-08-02,0
00003375,150,2022-09-30,0
00003376,50,2025-08-08,0
00003377,100,2024-12-30,0
00003378,150,2025-07-19,0
00003379,150,2023-10-27,100000
00003380,150,2022-10-01,0
00003381,500,2023-08-27,0
00003382,50,2025-07-05,0
00003383,150,2023-03-26,0
00003384,150,2022-12-28,0
00003385,50,2025-01-05,0
00003386,500,2022-08-06,0
00003387,200,2025-09-01,0
00003388,500,2025-02-02,0
00003389,200,2023-03-28,0
00003390,100,2025-04-06,0
00003391,200,2022-11-15,0
00003392,200,2024-01-25,0
00003393,200,2022-07-11,0
00003394,200,2023-01-14,0
00003395,100,2023-01-22,0
00003396,100,2025-08-19,0
00003397,150,2022-11-30,0
00003398,200,2025-11-08,0
00003399,50,2022-10-21,250
00003400,200,2025-08-14,0
00003401,50,2024-12-14,0
00003402,50,2025-05-20,5000
00003403,50,2022-08-14,0
00003404,50,2022-09-28,0
00003405,50,2023-07-03,0
00003406,500,2022-01-28,0
00003407,50,2022-08-06,0
00003408,150,2025-12-19,750
00003409,200,2025-02-26,0
00003410,100,2023-09-22,0
00003411,100,2023-05-15,1000
00003412,500,2022-09-10,500
00003413,50,2025-01-20,0
00003414,500,2024-04-30,0
00003415,100,2022-02-19,0
00003416,200,2022-10-29,0
00003417,150,2023-04-08,0
00003418,200,2025-11-07,0
00003419,50,2024-10-04,0
00003420,50,2023-04-05,0
00003421,150,2024-01-02,1500
00003422,50,2024-01-09,0
00003423,50,2022-03-30,0
00003424,100,2024-05-27,0
00003425,500,2023-01-07,0
00003426,100,2025-09-28,0
00003427,500,2023-08-11,0
00003428,50,2023-07-10,0
00003429,150,2023-06-28,0
00003430,50,2022-01-05,0
00003431,100,2025-09-05,0
00003432,100,2024-03-10,0
00003433,200,2022-05-18,0
00003434,200,2023-07-25,0
00003435,150,2022-09-19,0
00003436,200,2023-12-24,0
00003437,200,2024-09-12,0
00003438,200,2025-05-17,0
00003439,150,2022-10-11,0
00003440,100,2024-02-24,0
00003441,200,2025-01-08,0
00003442,500,2025-01-03,0
00003443,200,2022-06-21,0
00003444,200,2024-12-15,0
00003445,100,2025-12-10,1000
00003446,50,2023-02-21,0
00003447,50,2024-01-13,0
00003448,100,2022-08-14,1000
00003449,150,2022-10-13,0
00003450,100,2025-02-03,0
00003451,200,2023-05-12,0
00003452,100,2022-04-25,0
00003453,50,2025-11-25,0
00003454,200,2022-02-23,0
00003455,200,2024-02-01,200
00003456,500,2022-06-01,0
00003457,500,2022-11-20,5000
00003458,100,2022-06-11,0
00003459,50,2025-03-11,0
00003460,200,2022-11-03,0
00003461,200,2022-10-14,0
00003462,150,2024-08-20,0
00003463,150,2024-06-28,0
00003464,50,2023-08-11,0
00003465,50,2025-08-08,250
00003466,500,2022-11-25,50000
00003467,200,2025-02-08,0
00003468,150,2025-03-17,0
00003469,100,2024-05-17,0
00003470,150,2022-07-08,0
00003471,100,2023-03-10,0
00003472,50,2023-03-25,0
00003473,500,2025-05-24,0
00003474,200,2024-09-04,0
00003475,200,2024-02-19,0
00003476,150,2025-08-17,0
00003477,150,2022-08-11,0
00003478,150,2025-05-20,0
00003479,150,2022-02-27,0
00003480,100,2025-01-14,0
00003481,100,2025-05-07,1000
00003482,100,2025-02-03,0
00003483,50,2023-05-08,0
00003484,500,2025-03-02,50000
00003485,50,2022-04-09,0
00003486,150,2022-01-18,0
00003487,150,2024-03-26,0
00003488,150,2024-03-11,0
00003489,100,2025-12-10,0
00003490,150,2024-04-14,0
00003491,500,2022-07-26,0
00003492,100,2022-02-18,0
00003493,200,2024-09-03,0
00003494,50,2023-08-18,0
00003495,200,2022-06-11,0
00003496,50,2023-04-20,0
00003497,100,2022-11-26,0
00003498,500,2024-11-23,0
00003499,500,2025-08-27,0
00003500,150,2024-07-05,0
00003501,150,2023-08-19,0
00003502,200,2022-03-23,0
00003503,200,2023-05-05,0
00003504,500,2025-05-27,2500
00003505,500,2025-07-09,0
00003506,50,2022-01-31,0
00003507,150,2025-01-25,0
00003508,50,2024-10-18,500
00003509,100,2023-08-29,0
00003510,150,2025-03-26,0
00003511,50,2022-05-26,0
00003512,200,2023-06-13,0
00003513,150,2024-06-24,0
00003514,100,2022-09-11,0
00003515,200,2022-03-23,0
00003516,150,2024-04-01,0
00003517,500,2025-10-25,0
00003518,150,2024-11-15,0
00003519,150,2024-02-05,15000
00003520,500,2024-07-10,0
00003521,50,2025-06-25,0
00003522,50,2023-05-17,0
00003523,500,2022-01-17,0
00003524,50,2023-08-19,0
00003525,500,2024-03-28,0
00003526,100,2024-03-06,0
00003527,50,2023-12-16,0
00003528,500,2024-08-10,0
00003529,100,2022-08-10,0
00003530,200,2024-06-06,0
00003531,150,2022-05-13,0
00003532,500,2024-09-22,0
00003533,200,2022-08-23,0
00003534,50,2025-01-21,0
00003535,200,2022-10-26,0
00003536,150,2025-03-09,100000
00003537,200,2022-05-08,0
00003538,150,2024-05-30,0
00003539,100,2022-04-21,0
00003540,50,2025-11-01,0
00003541,150,2025-07-25,0
00003542,100,2022-05-22,0
00003543,50,2023-09-03,0
00003544,200,2024-05-09,0
00003545,150,2023-01-12,0
00003546,50,2024-05-27,0
00003547,150,2022-12-03,0
00003548,200,2024-09-13,0
00003549,100,2025-11-27,0
00003550,500,2024-03-07,0
00003551,500,2025-05-07,0
00003552,500,2025-06-16,0
00003553,150,2022-01-30,0
00003554,200,2022-10-30,0
00003555,150,2022-08-21,0
00003556,200,2023-06-23,0
00003557,50,2024-07-11,0
00003558,100,2025-07-23,0
00003559,500,2022-07-19,2500
00003560,200,2025-11-27,0
00003561,100,2025-05-15,0
00003562,150,2023-03-06,0
00003563,500,2022-01-30,0
00003564,150,2022-02-03,0
00003565,150,2024-10-25,0
00003566,50,2025-12-03,0
00003567,200,2024-04-27,0
00003568,150,2025-01-15,0
00003569,150,2022-08-21,0
00003570,200,2024-05-27,0
00003571,500,2025-05-03,0
00003572,200,2024-02-21,0
00003573,200,2025-07-22,0
00003574,500,2022-07-23,0
00003575,50,2022-07-03,0
00003576,500,2024-04-22,0
00003577,500,2025-01-20,50000
00003578,500,2025-04-05,0
00003579,150,2024-05-11,0
00003580,200,2025-02-03,0
00003581,100,2024-08-19,0
00003582,150,2024-08-08,0
00003583,200,2022-01-16,0
00003584,100,2024-11-05,0
00003585,150,2023-09-22,0
00003586,200,2025-10-10,0
00003587,200,2022-03-08,1000
00003588,150,2024-11-28,0
00003589,500,2023-10-13,0
00003590,500,2024-05-30,0
00003591,200,2023-01-30,0
00003592,200,2022-04-16,0
00003593,500,2024-05-28,0
00003594,200,2022-12-22,0
00003595,150,2024-11-25,0
00003596,100,2022-07-23,0
00003597,100,2024-10-29,0
00003598,500,2024-03-13,0
00003599,150,2025-02-06,0
00003600,150,2023-02-22,150
00003601,200,2022-01-24,0
00003602,500,2022-11-10,100000
00003603,50,2025-03-17,0
00003604,100,2024-07-18,0
00003605,150,2023-01-18,0
00003606,100,2023-09-01,0
00003607,100,2024-02-14,0
00003608,50,2023-07-18,250
00003609,50,2025-07-31,0
00003610,50,2022-08-16,0
00003611,500,2022-09-09,0
00003612,150,2023-06-21,0
00003613,50,2022-06-08,0
00003614,150,2023-03-02,0
00003615,200,2022-02-14,0
00003616,200,2025-07-05,20000
00003617,200,2023-10-05,0
00003618,200,2022-11-26,0
00003619,50,2023-01-01,0
00003620,500,2022-03-06,0
00003621,150,2023-12-12,0
00003622,500,2025-05-13,0
00003623,100,2024-12-04,0
00003624,50,2023-01-30,0
00003625,500,2022-02-17,0
00003626,100,2023-03-19,0
00003627,50,2023-03-21,250
00003628,100,2022-06-20,0
00003629,100,2023-07-03,0
00003630,100,2022-07-08,0
00003631,500,2025-08-28,0
00003632,200,2024-06-12,0
00003633,200,2023-01-31,0
00003634,100,2025-11-08,0
00003635,150,2024-03-15,0
00003636,500,2023-10-01,0
00003637,100,2024-09-26,0
00003638,200,2024-05-17,0
00003639,150,2023-10-15,0
00003640,500,2024-02-24,0
00003641,500,2023-12-24,0
00003642,50,2024-07-09,0
00003643,50,2024-11-13,0
00003644,200,2023-08-25,0
00003645,500,2023-12-23,0
00003646,50,2023-01-04,0
00003647,200,2023-01-16,0
00003648,50,2023-03-17,0
00003649,150,2022-10-25,0
00003650,50,2022-01-20,0
00003651,50,2023-11-05,0
00003652,500,2023-10-21,0
00003653,500,2022-05-16,0
00003654,500,2023-03-11,0
00003655,50,2025-02-22,0
00003656,500,2025-10-06,50000
00003657,200,2023-10-13,0
00003658,100,2023-02-08,10000
00003659,200,2022-04-06,0
00003660,200,2022-09-02,0
00003661,100,2025-05-16,0
00003662,200,2023-04-30,0
00003663,150,2022-02-06,0
00003664,500,2022-01-10,0
00003665,150,2022-09-26,0
00003666,200,2022-03-17,0
00003667,500,2022-03-22,0
00003668,50,2022-05-23,0
00003669,200,2023-09-09,0
00003670,150,2024-03-30,1500
00003671,200,2025-06-08,2000
00003672,200,2024-10-07,0
00003673,50,2024-02-05,0
00003674,50,2022-03-01,0
00003675,50,2022-10-12,0
00003676,150,2025-11-09,0
00003677,100,2022-12-15,1000
00003678,500,2022-01-11,0
00003679,50,2023-06-16,0
00003680,50,2022-08-15,500
00003681,50,2023-06-25,0
00003682,500,2024-02-17,0
00003683,100,2022-10-10,0
00003684,50,2022-09-16,0
00003685,100,2025-04-11,0
00003686,200,2025-07-28,0
00003687,50,2024-12-04,0
00003688,500,2024-09-05,0
00003689,150,2023-10-22,0
00003690,200,2023-04-08,2000
00003691,50,2023-12-24,0
00003692,100,2025-09-12,0
00003693,100,2025-11-24,10000
00003694,50,2023-03-12,250
00003695,200,2024-02-28,0
00003696,50,2023-11-29,0
00003697,500,2024-12-16,0
00003698,150,2023-10-01,0
00003699,100,2024-10-30,0
00003700,100,2023-03-25,0
00003701,200,2024-07-15,0
00003702,500,2023-02-20,0
00003703,100,2022-05-21,0
00003704,100,2025-11-06,0
00003705,500,2025-08-20,0
00003706,200,2022-08-08,0
00003707,100,2022-02-03,0
00003708,100,2023-07-01,100000
00003709,200,2023-12-22,0
00003710,500,2022-06-22,0
00003711,100,2022-11-05,0
00003712,200,2024-11-06,0
00003713,200,2023-07-13,0
00003714,50,2025-08-21,0
00003715,200,2023-02-02,0
00003716,200,2022-12-28,0
00003717,500,2025-05-29,0
00003718,200,2022-08-12,0
00003719,100,2022-08-16,0
00003720,50,2022-03-15,0
00003721,100,2022-05-15,0
00003722,150,2023-04-09,0
00003723,200,2024-03-13,0
00003724,100,2025-11-17,0
00003725,100,2022-12-17,0
00003726,150,2025-07-28,0
00003727,500,2023-08-13,0
00003728,50,2023-01-15,0
00003729,500,2024-09-03,0
00003730,100,2022-12-15,0
00003731,50,2022-12-08,0
00003732,200,2022-10-18,0
00003733,200,2024-05-26,0
00003734,100,2023-06-25,0
00003735,100,2025-10-23,0
00003736,50,2025-05-01,0
00003737,200,2025-04-09,1000
00003738,200,2022-08-13,200
00003739,500,2025-10-24,0
00003740,100,2024-12-11,0
00003741,100,2022-07-12,1000
00003742,200,2024-10-01,0
00003743,500,2023-06-12,0
00003744,150,2024-01-17,0
00003745,150,2023-09-09,0
00003746,500,2025-09-21,0
00003747,500,2024-09-18,0
00003748,500,2025-08-03,50000
00003749,100,2025-09-12,0
00003750,150,2024-10-16,100000
00003751,200,2024-01-07,0
00003752,50,2023-02-01,0
00003753,200,2025-08-01,0
00003754,150,2025-07-07,0
00003755,200,2024-12-15,0
00003756,150,2023-11-10,0
00003757,200,2023-07-20,0
00003758,50,2025-04-01,0
00003759,150,2025-06-08,0
00003760,200,2025-03-06,0
00003761,150,2023-08-14,0
00003762,50,2024-10-18,0
00003763,100,2024-08-13,0
00003764,500,2023-08-17,0
00003765,100,2023-09-14,0
00003766,50,2023-08-27,50
00003767,100,2023-08-03,0
00003768,50,2022-04-19,0
00003769,50,2024-05-31,0
00003770,50,2022-04-13,0
00003771,150,2023-08-04,0
00003772,500,2025-09-24,0
00003773,500,2022-11-14,0
00003774,150,2022-10-20,0
00003775,100,2024-06-03,0
00003776,50,2023-08-19,0
00003777,200,2023-12-28,0
00003778,200,2024-05-15,0
00003779,50,2023-06-20,0
00003780,500,2023-09-29,0
00003781,200,2025-10-22,0
00003782,500,2022-10-13,0
00003783,100,2023-05-28,0
00003784,500,2023-02-13,0
00003785,50,2023-09-01,0
00003786,200,2025-01-22,0
00003787,200,2022-07-16,0
00003788,200,2025-11-22,0
00003789,150,2024-08-17,0
00003790,200,2024-05-11,0
00003791,200,2022-02-26,0
00003792,50,2024-05-12,250
00003793,500,2023-09-12,0
00003794,500,2024-11-14,0
00003795,500,2025-01-17,0
00003796,150,2022-04-20,0
00003797,200,2022-09-15,0
00003798,50,2024-08-05,0
00003799,500,2024-07-31,0
00003800,50,2022-04-23,0
00003801,50,2023-11-14,0
00003802,150,2025-03-04,0
00003803,150,2022-05-05,0
00003804,500,2025-10-13,0
00003805,50,2025-12-07,0
00003806,100,2025-02-25,0
00003807,200,2022-10-07,0
00003808,100,2023-09-09,0
00003809,50,2024-09-20,0
00003810,100,2022-08-23,500
00003811,500,2022-09-05,0
00003812,100,2023-02-23,0
00003813,50,2024-11-01,0
00003814,50,2022-09-07,0
00003815,200,2023-01-12,0
00003816,500,2023-06-18,0
00003817,200,2025-09-09,0
00003818,200,2022-10-27,0
00003819,100,2022-10-18,0
00003820,100,2022-12-16,0
00003821,500,2023-02-15,0
00003822,150,2023-08-16,0
00003823,500,2024-10-06,0
00003824,150,2024-03-12,0
00003825,50,2024-08-08,0
00003826,200,2022-10-31,20000
00003827,50,2025-03-01,0
00003828,500,2023-09-13,100000
00003829,200,2022-03-29,0
00003830,150,2022-10-13,0
00003831,200,2023-07-22,1000
00003832,150,2024-10-22,0
00003833,500,2023-03-08,0
00003834,500,2024-03-10,0
00003835,100,2025-09-05,0
00003836,500,2023-11-26,0
00003837,100,2023-07-25,0
00003838,150,2024-03-17,15000
00003839,200,2024-08-24,0
00003840,100,2025-03-25,0
00003841,500,2025-09-11,0
00003842,100,2025-11-30,0
00003843,500,2023-12-14,0
00003844,200,2022-05-19,1000
00003845,100,2022-07-17,0
00003846,200,2025-10-23,0
00003847,100,2023-04-30,0
00003848,100,2024-02-26,0
00003849,200,2022-05-12,2000
00003850,50,2022-03-18,0
00003851,50,2024-06-23,0
00003852,500,2025-07-16,0
00003853,100,2023-10-20,0
00003854,200,2024-02-13,0
00003855,500,2025-02-13,0
00003856,150,2024-10-02,0
00003857,150,2023-04-07,0
00003858,100,2024-06-07,0
00003859,100,2022-06-26,0
00003860,50,2023-02-21,250
00003861,50,2024-01-07,0
00003862,500,2025-01-24,0
00003863,150,2023-01-15,0
00003864,500,2024-10-13,0
00003865,100,2025-03-14,0
00003866,500,2023-12-23,0
00003867,500,2022-10-10,0
00003868,200,2024-05-25,0
00003869,50,2025-03-11,100000
00003870,150,2022-07-26,0
00003871,100,2022-04-16,0
00003872,150,2022-02-16,0
00003873,150,2023-05-30,0
00003874,150,2022-05-20,0
00003875,100,2023-08-13,100000
00003876,100,2024-11-26,0
00003877,500,2023-10-02,0
00003878,50,2025-01-23,0
00003879,50,2025-04-08,0
00003880,150,2025-08-30,1500
00003881,200,2023-06-19,0
00003882,50,2022-10-13,0
00003883,150,2025-09-20,0
00003884,50,2023-04-28,0
00003885,500,2025-06-03,0
00003886,50,2023-12-10,0
00003887,200,2025-05-10,0
00003888,50,2025-02-03,0
00003889,100,2023-07-09,0
00003890,50,2022-03-14,0
00003891,100,2025-08-24,0
00003892,200,2023-09-14,0
00003893,100,2022-02-13,0
00003894,50,2023-02-06,0
00003895,200,2025-10-28,0
00003896,50,2025-02-05,0
00003897,200,2024-02-12,0
00003898,200,2025-12-07,0
00003899,100,2022-08-25,0
00003900,500,2024-01-24,0
00003901,150,2024-06-13,0
00003902,100,2023-04-21,100
00003903,100,2024-04-25,0
00003904,500,2025-03-09,500
00003905,100,2022-04-27,500
00003906,200,2023-01-05,0
00003907,150,2023-12-18,0
00003908,100,2023-08-22,0
00003909,200,2024-09-07,0
00003910,50,2022-06-06,0
00003911,500,2023-02-26,0
00003912,150,2023-03-28,0
00003913,150,2024-01-22,0
00003914,150,2025-08-31,0
00003915,150,2023-10-16,0
00003916,500,2022-08-02,50000
00003917,500,2024-09-22,0
00003918,100,2022-10-08,0
00003919,500,2023-04-18,0
00003920,500,2023-03-08,0
00003921,100,2022-03-15,0
00003922,200,2025-08-24,0
00003923,50,2022-02-13,0
00003924,50,2023-07-08,0
00003925,200,2023-09-08,0
00003926,50,2022-05-03,0
00003927,500,2024-02-26,0
00003928,200,2024-02-27,0
00003929,100,2023-02-26,0
00003930,200,2024-12-26,2000
00003931,50,2025-01-14,0
00003932,50,2025-05-31,0
00003933,150,2023-06-22,0
00003934,500,2023-03-20,0
00003935,150,2025-06-26,0
00003936,200,2022-04-27,0
00003937,500,2024-03-05,0
00003938,150,2024-12-31,0
00003939,500,2025-03-09,0
00003940,150,2022-11-29,0
00003941,200,2023-05-03,0
00003942,50,2023-07-29,0
00003943,150,2022-06-25,0
00003944,500,2023-08-29,0
00003945,200,2022-03-21,0
00003946,150,2023-07-05,0
00003947,500,2022-01-26,0
00003948,500,2025-09-15,0
00003949,150,2023-01-02,0
00003950,50,2024-06-19,50
00003951,150,2024-09-10,0
00003952,500,2023-03-23,0
00003953,500,2022-06-12,0
00003954,500,2025-02-03,0
00003955,50,2024-06-21,0
00003956,150,2023-06-16,0
00003957,100,2023-04-11,0
00003958,100,2025-06-19,0
00003959,100,2022-08-23,0
00003960,100,2025-11-02,0
00003961,200,2025-04-02,0
00003962,500,2023-04-12,5000
00003963,150,2022-02-03,0
00003964,150,2025-01-11,0
00003965,500,2023-04-26,0
00003966,50,2024-11-04,0
00003967,500,2022-06-08,0
00003968,150,2025-03-14,0
00003969,200,2022-05-27,0
00003970,150,2022-10-21,100000
00003971,150,2023-11-18,0
00003972,150,2024-08-21,0
00003973,150,2025-06-27,1500
00003974,50,2023-08-19,0
00003975,500,2022-02-22,0
00003976,100,2023-10-04,0
00003977,500,2025-04-05,0
00003978,100,2024-02-15,0
00003979,50,2025-09-07,0
00003980,200,2025-08-22,200
00003981,100,2025-03-03,0
00003982,500,2025-07-14,0
00003983,200,2025-01-08,0
00003984,500,2022-04-16,0
00003985,500,2024-12-01,0
00003986,150,2023-02-04,0
00003987,150,2023-05-15,0
00003988,150,2023-04-18,0
00003989,50,2025-11-20,0
00003990,200,2024-01-12,100000
00003991,500,2022-06-06,0
00003992,200,2025-05-24,0
00003993,200,2023-04-16,0
00003994,100,2025-01-06,0
00003995,200,2025-10-12,0
00003996,100,2025-05-25,0
00003997,150,2023-12-01,0
00003998,50,2024-04-16,0
00003999,100,2025-03-25,0
00004000,100,2023-01-04,0
